# Blender 3.4.1
# www.blender.org
mtllib pottery1.mtl
o Cylinder.003
v 0.389582 1.019338 -3.500947
v 0.808036 1.019338 -3.417711
v 1.162784 1.019338 -3.180676
v 1.399819 1.019338 -2.825928
v 1.483055 1.019338 -2.407475
v 1.399819 1.019338 -1.989021
v 1.162784 1.019338 -1.634273
v 0.808036 1.019338 -1.397237
v 0.389582 1.019338 -1.314002
v -0.028872 1.019338 -1.397238
v -0.383620 1.019338 -1.634273
v -0.620655 1.019338 -1.989021
v -0.703891 1.019338 -2.407475
v -0.620655 1.019338 -2.825928
v -0.383620 1.019338 -3.180676
v -0.028872 1.019338 -3.417712
v 0.799109 1.474385 -3.396162
v 0.389582 1.474385 -3.477622
v 1.146290 1.474385 -3.164183
v 1.378269 1.474385 -2.817002
v 1.459729 1.474385 -2.407475
v 1.378269 1.474385 -1.997947
v 1.146290 1.474385 -1.650766
v 0.799109 1.474385 -1.418788
v 0.389582 1.474385 -1.337328
v -0.019946 1.474385 -1.418787
v -0.367126 1.474385 -1.650766
v -0.599105 1.474385 -1.997947
v -0.680565 1.474385 -2.407475
v -0.599105 1.474385 -2.817002
v -0.367126 1.474385 -3.164183
v -0.019946 1.474385 -3.396162
v 0.739557 1.728778 -3.252389
v 0.389582 1.728778 -3.322004
v 1.036252 1.728778 -3.054144
v 1.234497 1.728778 -2.757450
v 1.304111 1.728778 -2.407475
v 1.234497 1.728778 -2.057499
v 1.036252 1.728778 -1.760805
v 0.739557 1.728778 -1.562559
v 0.389582 1.728778 -1.492945
v 0.039606 1.728778 -1.562559
v -0.257088 1.728778 -1.760805
v -0.455333 1.728778 -2.057499
v -0.524948 1.728778 -2.407475
v -0.455333 1.728778 -2.757450
v -0.257088 1.728778 -3.054144
v 0.039606 1.728778 -3.252389
v 0.619882 2.149938 -2.963469
v 0.389582 2.149938 -3.009279
v 0.815122 2.149938 -2.833014
v 0.945577 2.149938 -2.637775
v 0.991386 2.149938 -2.407475
v 0.945577 2.149938 -2.177174
v 0.815122 2.149938 -1.981934
v 0.619883 2.149938 -1.851480
v 0.389582 2.149938 -1.805670
v 0.159281 2.149938 -1.851480
v -0.035958 2.149938 -1.981934
v -0.166413 2.149938 -2.177174
v -0.212222 2.149938 -2.407474
v -0.166413 2.149938 -2.637775
v -0.035958 2.149938 -2.833014
v 0.159281 2.149938 -2.963469
v 0.630501 2.253542 -2.989105
v 0.389582 2.253542 -3.037027
v 0.834743 2.253542 -2.852635
v 0.971213 2.253542 -2.648394
v 1.019135 2.253542 -2.407475
v 0.971213 2.253542 -2.166555
v 0.834743 2.253542 -1.962313
v 0.630501 2.253542 -1.825843
v 0.389582 2.253542 -1.777922
v 0.148663 2.253542 -1.825843
v -0.055579 2.253542 -1.962313
v -0.192049 2.253542 -2.166555
v -0.239971 2.253542 -2.407474
v -0.192049 2.253542 -2.648394
v -0.055579 2.253542 -2.852635
v 0.148662 2.253542 -2.989105
v 0.635156 2.030284 -3.000344
v 0.694078 1.849297 -3.142592
v 0.662947 1.931221 -3.067435
v 0.389582 1.849297 -3.203160
v 0.389582 2.030284 -3.049191
v 0.389582 1.931221 -3.121810
v 0.843344 2.030284 -2.861237
v 0.952217 1.849297 -2.970109
v 0.894694 1.931221 -2.912586
v 0.982451 2.030284 -2.653049
v 1.124700 1.849297 -2.711970
v 1.049543 1.931221 -2.680839
v 1.031299 2.030284 -2.407474
v 1.185267 1.849297 -2.407475
v 1.103918 1.931221 -2.407475
v 0.982451 2.030284 -2.161900
v 1.124700 1.849297 -2.102979
v 1.049543 1.931221 -2.134110
v 0.843344 2.030284 -1.953712
v 0.952217 1.849297 -1.844840
v 0.894694 1.931221 -1.902362
v 0.635156 2.030284 -1.814605
v 0.694078 1.849297 -1.672357
v 0.662947 1.931221 -1.747514
v 0.389582 2.030284 -1.765757
v 0.389582 1.849297 -1.611789
v 0.389582 1.931221 -1.693138
v 0.144008 2.030284 -1.814605
v 0.085086 1.849297 -1.672357
v 0.116217 1.931221 -1.747514
v -0.064180 2.030284 -1.953712
v -0.173053 1.849297 -1.844840
v -0.115530 1.931221 -1.902362
v -0.203287 2.030284 -2.161900
v -0.345536 1.849297 -2.102979
v -0.270379 1.931221 -2.134110
v -0.252135 2.030284 -2.407474
v -0.406104 1.849297 -2.407475
v -0.324754 1.931221 -2.407474
v -0.203287 2.030284 -2.653049
v -0.345536 1.849297 -2.711970
v -0.270379 1.931221 -2.680839
v -0.064180 2.030284 -2.861237
v -0.173053 1.849297 -2.970109
v -0.115530 1.931221 -2.912586
v 0.144008 2.030284 -3.000344
v 0.085086 1.849297 -3.142592
v 0.116217 1.931221 -3.067435
v 0.389582 0.006398 -2.826839
v 0.389582 0.155716 -3.069116
v 0.389582 0.031626 -2.965411
v 0.550066 0.006398 -2.794917
v 0.642781 0.155716 -3.018752
v 0.603095 0.031626 -2.922941
v 0.686118 0.006398 -2.704010
v 0.857433 0.155716 -2.875326
v 0.784103 0.031626 -2.801995
v 0.777025 0.006398 -2.567959
v 1.000859 0.155716 -2.660674
v 0.905048 0.031626 -2.620988
v 0.808947 0.006398 -2.407475
v 1.051223 0.155716 -2.407475
v 0.947518 0.031626 -2.407475
v 0.777025 0.006398 -2.246991
v 1.000859 0.155716 -2.154275
v 0.905048 0.031626 -2.193961
v 0.686118 0.006398 -2.110939
v 0.857433 0.155716 -1.939623
v 0.784103 0.031626 -2.012954
v 0.550066 0.006398 -2.020032
v 0.642781 0.155716 -1.796197
v 0.603095 0.031626 -1.892008
v 0.389582 0.006398 -1.988110
v 0.389582 0.155716 -1.745833
v 0.389582 0.031626 -1.849538
v 0.229098 0.006398 -2.020032
v 0.136383 0.155716 -1.796198
v 0.176069 0.031626 -1.892008
v 0.093046 0.006398 -2.110939
v -0.078269 0.155716 -1.939623
v -0.004939 0.031626 -2.012954
v 0.002139 0.006398 -2.246991
v -0.221695 0.155716 -2.154275
v -0.125884 0.031626 -2.193961
v -0.029783 0.006398 -2.407475
v -0.272060 0.155716 -2.407475
v -0.168355 0.031626 -2.407475
v 0.002139 0.006398 -2.567959
v -0.221695 0.155716 -2.660674
v -0.125884 0.031626 -2.620988
v 0.093046 0.006398 -2.704010
v -0.078269 0.155716 -2.875326
v -0.004939 0.031626 -2.801995
v 0.229098 0.006398 -2.794917
v 0.136383 0.155716 -3.018752
v 0.176069 0.031626 -2.922941
v 0.389582 0.555459 -3.319136
v 0.738460 0.555459 -3.249740
v 0.040704 0.555459 -3.249740
v 1.034224 0.555459 -3.052117
v 1.231847 0.555459 -2.756352
v 1.301243 0.555459 -2.407475
v 1.231847 0.555459 -2.058597
v 1.034224 0.555459 -1.762833
v 0.738460 0.555459 -1.565209
v 0.389582 0.555459 -1.495813
v 0.040704 0.555459 -1.565209
v -0.255060 0.555459 -1.762833
v -0.452684 0.555459 -2.058597
v -0.522080 0.555459 -2.407475
v -0.452683 0.555459 -2.756352
v -0.255060 0.555459 -3.052117
v -0.119589 2.349843 -1.898304
v -0.275682 2.349843 -2.131913
v 1.054846 2.349842 -2.683036
v 1.109658 2.349842 -2.407475
v -0.330494 2.349842 -2.407475
v 1.054846 2.349842 -2.131913
v -0.275682 2.349842 -2.683036
v 0.898753 2.349842 -1.898304
v -0.119589 2.349843 -2.916645
v 0.665143 2.349842 -1.742211
v 0.114021 2.349843 -3.072738
v 0.389582 2.349842 -1.687398
v 0.389582 2.349842 -3.127551
v 0.665143 2.349842 -3.072738
v 0.114021 2.349842 -1.742211
v 0.898753 2.349842 -2.916645
v -0.000000 1.760459 -0.863631
v 0.330498 1.760459 -0.797891
v 0.610680 1.760459 -0.610680
v 0.797892 1.760459 -0.330497
v 0.863632 1.760460 0.000001
v 0.797892 1.760459 0.330499
v 0.610680 1.760459 0.610681
v 0.330498 1.760459 0.797893
v 0.000000 1.760459 0.863633
v -0.330498 1.760459 0.797893
v -0.610680 1.760459 0.610681
v -0.797892 1.760459 0.330498
v -0.863632 1.760459 0.000000
v -0.797892 1.760459 -0.330497
v -0.610680 1.760459 -0.610679
v -0.330498 1.760459 -0.797892
v 0.316211 3.341526 -0.763400
v 0.000000 3.341526 -0.826298
v 0.584281 3.341526 -0.584280
v 0.763400 3.341526 -0.316210
v 0.826298 3.341526 0.000000
v 0.763400 3.341526 0.316211
v 0.584281 3.341526 0.584282
v 0.316211 3.341526 0.763401
v 0.000000 3.341526 0.826300
v -0.316211 3.341526 0.763401
v -0.584281 3.341526 0.584282
v -0.763400 3.341526 0.316211
v -0.826298 3.341526 0.000001
v -0.763400 3.341526 -0.316210
v -0.584281 3.341526 -0.584280
v -0.316211 3.341526 -0.763400
v 0.229552 4.087226 -0.554188
v 0.000000 4.087226 -0.599849
v 0.424158 4.087226 -0.424157
v 0.554189 4.087226 -0.229552
v 0.599850 4.087226 0.000000
v 0.554189 4.087226 0.229553
v 0.424158 4.087226 0.424158
v 0.229552 4.087226 0.554189
v -0.000000 4.087226 0.599850
v -0.229553 4.087226 0.554189
v -0.424158 4.087226 0.424159
v -0.554189 4.087226 0.229553
v -0.599850 4.087226 0.000001
v -0.554189 4.087226 -0.229552
v -0.424158 4.087226 -0.424157
v -0.229553 4.087226 -0.554188
v 0.109211 4.553167 -0.263658
v -0.000000 4.553167 -0.285381
v 0.201795 4.553167 -0.201795
v 0.263658 4.553167 -0.109210
v 0.285382 4.553167 0.000001
v 0.263658 4.553167 0.109212
v 0.201795 4.553167 0.201796
v 0.109211 4.553167 0.263659
v -0.000000 4.553167 0.285383
v -0.109211 4.553167 0.263659
v -0.201796 4.553167 0.201796
v -0.263659 4.553167 0.109211
v -0.285382 4.553167 0.000000
v -0.263659 4.553167 -0.109210
v -0.201795 4.553167 -0.201795
v -0.109211 4.553167 -0.263658
v 0.125629 4.656157 -0.303295
v -0.000000 4.656157 -0.328284
v 0.232133 4.656157 -0.232132
v 0.303296 4.656157 -0.125629
v 0.328285 4.656157 0.000001
v 0.303296 4.656157 0.125630
v 0.232133 4.656157 0.232133
v 0.125629 4.656157 0.303297
v -0.000000 4.656157 0.328286
v -0.125629 4.656157 0.303297
v -0.232133 4.656157 0.232133
v -0.303296 4.656157 0.125630
v -0.328285 4.656157 0.000001
v -0.303296 4.656157 -0.125628
v -0.232133 4.656157 -0.232131
v -0.125629 4.656157 -0.303295
v 0.107389 4.420947 -0.259259
v 0.144543 4.287491 -0.348957
v 0.115361 4.350818 -0.278505
v -0.000000 4.287491 -0.377708
v -0.000000 4.420947 -0.280619
v -0.000000 4.350818 -0.301450
v 0.198428 4.420947 -0.198428
v 0.267081 4.287491 -0.267080
v 0.213158 4.350818 -0.213158
v 0.259259 4.420947 -0.107388
v 0.348958 4.287491 -0.144542
v 0.278505 4.350818 -0.115360
v 0.280620 4.420947 0.000001
v 0.377709 4.287491 0.000000
v 0.301452 4.350818 0.000000
v 0.259259 4.420947 0.107389
v 0.348958 4.287491 0.144543
v 0.278505 4.350818 0.115361
v 0.198428 4.420947 0.198429
v 0.267081 4.287491 0.267082
v 0.213158 4.350818 0.213159
v 0.107389 4.420947 0.259260
v 0.144543 4.287491 0.348959
v 0.115361 4.350818 0.278506
v -0.000000 4.420947 0.280621
v -0.000000 4.287491 0.377710
v -0.000000 4.350818 0.301452
v -0.107389 4.420947 0.259260
v -0.144543 4.287490 0.348958
v -0.115361 4.350818 0.278506
v -0.198429 4.420947 0.198429
v -0.267081 4.287490 0.267081
v -0.213159 4.350818 0.213159
v -0.259259 4.420947 0.107389
v -0.348958 4.287490 0.144544
v -0.278505 4.350818 0.115361
v -0.280620 4.420947 0.000000
v -0.377709 4.287490 0.000001
v -0.301452 4.350818 0.000001
v -0.259259 4.420947 -0.107388
v -0.348958 4.287490 -0.144542
v -0.278505 4.350818 -0.115360
v -0.198429 4.420947 -0.198428
v -0.267081 4.287490 -0.267080
v -0.213159 4.350818 -0.213158
v -0.107389 4.420947 -0.259259
v -0.144543 4.287491 -0.348957
v -0.115361 4.350818 -0.278505
v 0.000000 0.000000 -0.331216
v -0.000000 0.073636 -0.522568
v -0.000000 0.002306 -0.440661
v 0.126751 0.000000 -0.306004
v 0.199978 0.073636 -0.482790
v 0.168634 0.002306 -0.407118
v 0.234206 0.000000 -0.234205
v 0.369512 0.073636 -0.369511
v 0.311595 0.002306 -0.311594
v 0.306005 0.000000 -0.126751
v 0.482791 0.073636 -0.199978
v 0.407119 0.002306 -0.168633
v 0.331217 0.000000 0.000000
v 0.522569 0.073636 0.000000
v 0.440662 0.002307 0.000000
v 0.306005 0.000000 0.126752
v 0.482791 0.073636 0.199979
v 0.407119 0.002306 0.168635
v 0.234206 0.000000 0.234207
v 0.369512 0.073636 0.369513
v 0.311595 0.002306 0.311596
v 0.126751 0.000000 0.306005
v 0.199979 0.073636 0.482792
v 0.168634 0.002306 0.407120
v 0.000000 0.000000 0.331218
v -0.000000 0.073636 0.522570
v -0.000000 0.002306 0.440663
v -0.126751 -0.000000 0.306005
v -0.199978 0.073636 0.482791
v -0.168634 0.002306 0.407120
v -0.234206 -0.000000 0.234206
v -0.369512 0.073636 0.369513
v -0.311595 0.002306 0.311596
v -0.306005 0.000000 0.126752
v -0.482791 0.073636 0.199979
v -0.407119 0.002306 0.168635
v -0.331217 0.000000 0.000001
v -0.522569 0.073636 0.000000
v -0.440662 0.002307 0.000001
v -0.306005 0.000000 -0.126751
v -0.482791 0.073636 -0.199978
v -0.407119 0.002306 -0.168633
v -0.234206 -0.000000 -0.234205
v -0.369512 0.073636 -0.369512
v -0.311595 0.002306 -0.311594
v -0.126751 -0.000000 -0.306004
v -0.199978 0.073636 -0.482790
v -0.168634 0.002306 -0.407118
v 0.000000 0.535750 -0.720036
v 0.275546 0.535750 -0.665227
v -0.275546 0.535750 -0.665226
v 0.509143 0.535750 -0.509142
v 0.665227 0.535750 -0.275545
v 0.720037 0.535750 0.000001
v 0.665227 0.535750 0.275547
v 0.509143 0.535750 0.509144
v 0.275546 0.535750 0.665228
v 0.000000 0.535750 0.720037
v -0.275546 0.535750 0.665228
v -0.509143 0.535750 0.509144
v -0.665227 0.535750 0.275547
v -0.720037 0.535750 0.000000
v -0.665227 0.535750 -0.275545
v -0.509143 0.535750 -0.509142
v -0.275513 4.714755 0.275513
v -0.359974 4.714755 0.149107
v 0.359974 4.714755 -0.149106
v 0.389633 4.714755 0.000001
v -0.389634 4.714755 0.000000
v 0.359974 4.714755 0.149107
v -0.359974 4.714755 -0.149106
v 0.275512 4.714755 0.275513
v -0.275513 4.714755 -0.275512
v 0.149106 4.714755 0.359975
v -0.149106 4.714755 -0.359974
v -0.000000 4.714755 0.389634
v -0.000000 4.714755 -0.389633
v 0.149106 4.714755 -0.359974
v -0.149106 4.714755 0.359975
v 0.275512 4.714755 -0.275512
v 0.445618 1.019338 1.230936
v 0.864072 1.019338 1.314172
v 1.218820 1.019338 1.551207
v 1.455855 1.019338 1.905956
v 1.539091 1.019338 2.324409
v 1.455855 1.019338 2.742863
v 1.218820 1.019338 3.097611
v 0.864072 1.019338 3.334646
v 0.445618 1.019338 3.417881
v 0.027164 1.019338 3.334646
v -0.327584 1.019338 3.097611
v -0.564619 1.019338 2.742863
v -0.647854 1.019338 2.324409
v -0.564619 1.019338 1.905955
v -0.327584 1.019338 1.551207
v 0.027164 1.019338 1.314172
v 0.845983 1.474385 1.357844
v 0.445618 1.474385 1.278206
v 1.185395 1.474385 1.584632
v 1.412184 1.474385 1.924045
v 1.491821 1.474385 2.324409
v 1.412184 1.474385 2.724774
v 1.185396 1.474385 3.064187
v 0.845983 1.474385 3.290975
v 0.445618 1.474385 3.370612
v 0.045254 1.474385 3.290975
v -0.294159 1.474385 3.064187
v -0.520947 1.474385 2.724774
v -0.600585 1.474385 2.324409
v -0.520947 1.474385 1.924045
v -0.294159 1.474385 1.584631
v 0.045254 1.474385 1.357844
v 0.736262 1.723815 1.622733
v 0.445618 1.723815 1.564920
v 0.982658 1.723815 1.787369
v 1.147294 1.723815 2.033765
v 1.205108 1.723815 2.324409
v 1.147295 1.723815 2.615053
v 0.982658 1.723815 2.861449
v 0.736262 1.723815 3.026086
v 0.445618 1.723815 3.083898
v 0.154974 1.723815 3.026086
v -0.091421 1.723815 2.861449
v -0.256058 1.723815 2.615053
v -0.313871 1.723815 2.324409
v -0.256058 1.723815 2.033765
v -0.091422 1.723815 1.787369
v 0.154974 1.723815 1.622733
v 0.604682 2.273304 1.940397
v 0.445618 2.273304 1.908757
v 0.739529 2.273304 2.030499
v 0.829631 2.273304 2.165346
v 0.861271 2.273304 2.324409
v 0.829631 2.273304 2.483472
v 0.739529 2.273304 2.618320
v 0.604682 2.273304 2.708422
v 0.445618 2.273304 2.740062
v 0.286555 2.273304 2.708422
v 0.151707 2.273304 2.618320
v 0.061606 2.273304 2.483472
v 0.029966 2.273304 2.324409
v 0.061606 2.273304 2.165346
v 0.151708 2.273304 2.030499
v 0.286555 2.273304 1.940397
v 0.581135 2.073957 1.997243
v 0.628629 1.822552 1.882582
v 0.591680 1.886704 1.971785
v 0.445618 1.822551 1.846179
v 0.445618 2.073957 1.970286
v 0.445618 1.886704 1.942732
v 0.696021 2.073957 2.074007
v 0.783778 1.822552 1.986250
v 0.715505 1.886704 2.054522
v 0.772785 2.073957 2.188893
v 0.887445 1.822552 2.141399
v 0.798243 1.886704 2.178348
v 0.799741 2.073957 2.324409
v 0.923848 1.822552 2.324409
v 0.827296 1.886704 2.324409
v 0.772785 2.073957 2.459926
v 0.887445 1.822552 2.507420
v 0.798243 1.886704 2.470471
v 0.696021 2.073957 2.574812
v 0.783778 1.822552 2.662569
v 0.715505 1.886704 2.594296
v 0.581135 2.073957 2.651576
v 0.628629 1.822552 2.766236
v 0.591680 1.886704 2.677033
v 0.445618 2.073957 2.678532
v 0.445618 1.822552 2.802639
v 0.445618 1.886704 2.706087
v 0.310102 2.073957 2.651576
v 0.262608 1.822552 2.766236
v 0.299556 1.886704 2.677034
v 0.195216 2.073957 2.574811
v 0.107459 1.822551 2.662569
v 0.175731 1.886704 2.594296
v 0.118452 2.073957 2.459926
v 0.003792 1.822551 2.507420
v 0.092994 1.886704 2.470471
v 0.091496 2.073957 2.324409
v -0.032612 1.822551 2.324409
v 0.063941 1.886704 2.324409
v 0.118452 2.073957 2.188893
v 0.003792 1.822551 2.141398
v 0.092994 1.886704 2.178348
v 0.195216 2.073957 2.074007
v 0.107459 1.822551 1.986250
v 0.175731 1.886704 2.054522
v 0.310101 2.073957 1.997243
v 0.262608 1.822552 1.882582
v 0.299557 1.886704 1.971785
v 0.445618 0.006398 1.905045
v 0.445618 0.155716 1.662768
v 0.445618 0.031626 1.766473
v 0.606102 0.006398 1.936967
v 0.698817 0.155716 1.713132
v 0.659132 0.031626 1.808943
v 0.742154 0.006398 2.027874
v 0.913470 0.155716 1.856558
v 0.840139 0.031626 1.929889
v 0.833061 0.006398 2.163926
v 1.056895 0.155716 2.071210
v 0.961085 0.031626 2.110896
v 0.864983 0.006398 2.324409
v 1.107260 0.155716 2.324409
v 1.003555 0.031626 2.324409
v 0.833061 0.006398 2.484893
v 1.056895 0.155716 2.577609
v 0.961084 0.031626 2.537922
v 0.742154 0.006398 2.620945
v 0.913470 0.155716 2.792260
v 0.840139 0.031626 2.718930
v 0.606102 0.006398 2.711852
v 0.698818 0.155716 2.935687
v 0.659131 0.031626 2.839875
v 0.445618 0.006398 2.743775
v 0.445618 0.155716 2.986051
v 0.445618 0.031626 2.882346
v 0.285134 0.006398 2.711852
v 0.192419 0.155716 2.935687
v 0.232105 0.031626 2.839875
v 0.149083 0.006398 2.620945
v -0.022233 0.155716 2.792260
v 0.051098 0.031626 2.718930
v 0.058176 0.006398 2.484893
v -0.165659 0.155716 2.577608
v -0.069848 0.031626 2.537922
v 0.026253 0.006398 2.324409
v -0.216023 0.155716 2.324409
v -0.112318 0.031626 2.324409
v 0.058176 0.006398 2.163925
v -0.165659 0.155716 2.071210
v -0.069848 0.031626 2.110896
v 0.149083 0.006398 2.027874
v -0.022233 0.155716 1.856558
v 0.051097 0.031626 1.929888
v 0.285134 0.006398 1.936967
v 0.192419 0.155716 1.713132
v 0.232105 0.031626 1.808943
v 0.445618 0.555458 1.412748
v 0.794496 0.555458 1.482144
v 0.096741 0.555458 1.482144
v 1.090260 0.555458 1.679767
v 1.287884 0.555458 1.975532
v 1.357280 0.555458 2.324409
v 1.287884 0.555458 2.673287
v 1.090260 0.555458 2.969051
v 0.794496 0.555458 3.166674
v 0.445618 0.555458 3.236071
v 0.096740 0.555458 3.166675
v -0.199023 0.555458 2.969051
v -0.396647 0.555458 2.673287
v -0.466043 0.555458 2.324409
v -0.396647 0.555458 1.975532
v -0.199023 0.555458 1.679767
v 0.096783 2.347497 2.673244
v -0.010157 2.347497 2.513198
v 0.901393 2.347497 2.135621
v 0.938946 2.347497 2.324409
v -0.047709 2.347497 2.324409
v 0.901393 2.347497 2.513198
v -0.010157 2.347497 2.135621
v 0.794454 2.347497 2.673245
v 0.096783 2.347497 1.975574
v 0.634407 2.347497 2.780185
v 0.256830 2.347497 1.868634
v 0.445618 2.347497 2.817737
v 0.445618 2.347497 1.831081
v 0.634407 2.347497 1.868634
v 0.256830 2.347497 2.780185
v 0.794454 2.347497 1.975574
v 0.602894 1.019338 -3.479867
v 0.997044 1.019338 -3.316605
v 1.298713 1.019338 -3.014936
v 1.461975 1.019338 -2.620787
v 1.461975 1.019338 -2.194162
v 1.298713 1.019338 -1.800013
v 0.997044 1.019338 -1.498344
v 0.602894 1.019338 -1.335082
v 0.176270 1.019338 -1.335081
v -0.217880 1.019338 -1.498344
v -0.519549 1.019338 -1.800013
v -0.682811 1.019338 -2.194162
v -0.682811 1.019338 -2.620787
v -0.519549 1.019338 -3.014936
v -0.217880 1.019338 -3.316605
v 0.176270 1.019338 -3.479867
v 0.598344 1.474385 -3.456992
v 0.984085 1.474385 -3.297212
v 1.279319 1.474385 -3.001978
v 1.439099 1.474385 -2.616236
v 1.439099 1.474385 -2.198713
v 1.279319 1.474385 -1.812971
v 0.984085 1.474385 -1.517737
v 0.598344 1.474385 -1.357958
v 0.180820 1.474385 -1.357958
v -0.204922 1.474385 -1.517737
v -0.500156 1.474385 -1.812971
v -0.659935 1.474385 -2.198713
v -0.659935 1.474385 -2.616236
v -0.500156 1.474385 -3.001978
v -0.204922 1.474385 -3.297212
v 0.180820 1.474385 -3.456991
v 0.813169 1.260788 -1.384845
v 0.389582 1.260788 -1.300588
v 0.389582 1.260788 -3.514361
v 0.813169 1.260788 -3.430104
v -0.717304 1.260788 -2.407475
v -0.633047 1.260788 -2.831062
v 1.412211 1.260788 -1.983888
v 1.172269 1.260788 -1.624788
v -0.393105 1.260788 -1.624788
v -0.633047 1.260788 -1.983888
v -0.034005 1.260788 -3.430104
v 1.412211 1.260788 -2.831062
v 1.496468 1.260788 -2.407475
v -0.034005 1.260788 -1.384845
v -0.393105 1.260788 -3.190161
v 1.172269 1.260788 -3.190161
v 0.567986 1.728778 -3.304374
v 0.897634 1.728778 -3.167829
v 1.149936 1.728778 -2.915527
v 1.286481 1.728778 -2.585879
v 1.286481 1.728778 -2.229070
v 1.149936 1.728778 -1.899422
v 0.897634 1.728778 -1.647120
v 0.567986 1.728778 -1.510575
v 0.211177 1.728778 -1.510575
v -0.118471 1.728778 -1.647120
v -0.370773 1.728778 -1.899422
v -0.507318 1.728778 -2.229070
v -0.507318 1.728778 -2.585879
v -0.370773 1.728778 -2.915527
v -0.118471 1.728778 -3.167829
v 0.211177 1.728778 -3.304374
v -0.607344 1.627042 -2.407475
v -0.531458 1.627042 -2.788981
v 1.310621 1.627042 -2.025968
v 1.094515 1.627042 -1.702542
v -0.315351 1.627042 -3.112407
v 0.771089 1.627042 -1.486435
v 0.008075 1.627042 -3.328514
v 0.389582 1.627042 -1.410549
v 0.389582 1.627042 -3.404400
v 0.771089 1.627042 -3.328514
v 0.008075 1.627042 -1.486435
v 1.094515 1.627042 -3.112407
v -0.315351 1.627042 -1.702541
v 1.310621 1.627042 -2.788981
v -0.531458 1.627042 -2.025968
v 1.386508 1.627042 -2.407475
v 0.506981 2.149938 -2.997677
v 0.723905 2.149938 -2.907824
v 0.889932 2.149938 -2.741797
v 0.979785 2.149938 -2.524873
v 0.979785 2.149938 -2.290076
v 0.889932 2.149938 -2.073151
v 0.723905 2.149938 -1.907125
v 0.506981 2.149938 -1.817272
v 0.272183 2.149938 -1.817271
v 0.055259 2.149938 -1.907125
v -0.110768 2.149938 -2.073151
v -0.200621 2.149938 -2.290076
v -0.200621 2.149938 -2.524873
v -0.110768 2.149938 -2.741797
v 0.055259 2.149938 -2.907824
v 0.272183 2.149938 -2.997677
v 0.512394 2.253542 -3.024891
v 0.739320 2.253542 -2.930895
v 0.913002 2.253542 -2.757213
v 1.006998 2.253542 -2.530286
v 1.006998 2.253542 -2.284663
v 0.913002 2.253542 -2.057736
v 0.739320 2.253542 -1.884054
v 0.512394 2.253542 -1.790058
v 0.266770 2.253542 -1.790058
v 0.039844 2.253542 -1.884054
v -0.133838 2.253542 -2.057736
v -0.227834 2.253542 -2.284663
v -0.227834 2.253542 -2.530286
v -0.133838 2.253542 -2.757213
v 0.039844 2.253542 -2.930895
v 0.266770 2.253542 -3.024891
v 0.950222 2.204066 -2.175250
v 0.818677 2.204066 -1.978379
v -0.171058 2.204066 -2.639699
v -0.039513 2.204066 -2.836570
v 0.621807 2.204066 -1.846834
v 0.157357 2.204066 -2.968115
v 0.389582 2.204066 -1.800642
v 0.389582 2.204066 -3.014307
v 0.621807 2.204066 -2.968115
v 0.157357 2.204066 -1.846834
v 0.818677 2.204066 -2.836570
v -0.039514 2.204066 -1.978379
v 0.950222 2.204066 -2.639699
v -0.171058 2.204066 -2.175250
v 0.996415 2.204066 -2.407474
v -0.217251 2.204066 -2.407475
v -0.163865 2.401228 -1.854028
v -0.227626 2.301244 -2.151819
v 1.112695 2.401228 -2.706998
v 1.057643 2.301244 -2.407475
v -0.278479 2.301244 -2.407475
v 1.006790 2.301244 -2.151819
v -0.227626 2.301244 -2.663130
v 0.861972 2.301244 -1.935084
v -0.082808 2.301244 -2.879865
v 0.645238 2.301244 -1.790267
v 0.133926 2.301244 -3.024682
v 0.389582 2.301244 -1.739414
v 0.389582 2.401228 -3.190166
v 0.645238 2.301244 -3.024682
v 0.133926 2.301244 -1.790267
v 0.861972 2.301244 -2.879865
v 0.677743 1.890760 -3.103157
v 0.544803 1.849297 -3.187821
v 0.389582 1.890761 -3.160475
v 0.528933 1.931221 -3.108040
v 0.648405 1.977114 -3.032329
v 0.389582 1.977114 -3.083813
v 0.514767 2.030284 -3.036820
v 0.922034 1.890760 -2.939927
v 0.831613 1.849297 -3.069020
v 0.786420 1.931221 -3.001385
v 0.867825 1.977114 -2.885718
v 0.746078 2.030284 -2.941008
v 1.085264 1.890761 -2.695636
v 1.051128 1.849297 -2.849505
v 0.983492 1.931221 -2.804313
v 1.014437 1.977114 -2.666298
v 0.923116 2.030284 -2.763970
v 1.142583 1.890761 -2.407475
v 1.169929 1.849297 -2.562695
v 1.090147 1.931221 -2.546825
v 1.065920 1.977115 -2.407474
v 1.018928 2.030284 -2.532659
v 1.085264 1.890761 -2.119313
v 1.169929 1.849297 -2.252254
v 1.090147 1.931221 -2.268123
v 1.014437 1.977115 -2.148651
v 1.018928 2.030284 -2.282290
v 0.922034 1.890760 -1.875022
v 1.051128 1.849297 -1.965444
v 0.983493 1.931221 -2.010636
v 0.867825 1.977114 -1.929231
v 0.923116 2.030284 -2.050978
v 0.677743 1.890760 -1.711792
v 0.831613 1.849297 -1.745928
v 0.786420 1.931221 -1.813564
v 0.648405 1.977114 -1.782619
v 0.746078 2.030284 -1.873941
v 0.389582 1.890760 -1.654473
v 0.544803 1.849297 -1.627128
v 0.528933 1.931221 -1.706909
v 0.389582 1.977114 -1.731136
v 0.514767 2.030284 -1.778128
v 0.101421 1.890760 -1.711792
v 0.234361 1.849297 -1.627128
v 0.250231 1.931221 -1.706909
v 0.130759 1.977114 -1.782619
v 0.264397 2.030284 -1.778128
v -0.142870 1.890761 -1.875022
v -0.052449 1.849297 -1.745929
v -0.007256 1.931221 -1.813564
v -0.088661 1.977114 -1.929231
v 0.033086 2.030284 -1.873941
v -0.306101 1.890761 -2.119313
v -0.271964 1.849297 -1.965444
v -0.204329 1.931221 -2.010636
v -0.235273 1.977114 -2.148651
v -0.143952 2.030284 -2.050979
v -0.363419 1.890761 -2.407475
v -0.390765 1.849297 -2.252254
v -0.310983 1.931221 -2.268123
v -0.286756 1.977114 -2.407474
v -0.239764 2.030284 -2.282290
v -0.306101 1.890761 -2.695636
v -0.390765 1.849297 -2.562695
v -0.310983 1.931221 -2.546825
v -0.235273 1.977114 -2.666298
v -0.239764 2.030284 -2.532659
v -0.142870 1.890760 -2.939927
v -0.271964 1.849297 -2.849505
v -0.204329 1.931221 -2.804313
v -0.088661 1.977114 -2.885718
v -0.143952 2.030284 -2.763970
v 0.101421 1.890760 -3.103157
v -0.052449 1.849297 -3.069020
v -0.007256 1.931221 -3.001385
v 0.130759 1.977114 -3.032329
v 0.033086 2.030284 -2.941008
v 0.234361 1.849297 -3.187821
v 0.250231 1.931221 -3.108040
v 0.264397 2.030284 -3.036820
v 0.713906 1.798716 -3.190463
v 0.389582 1.798716 -3.254975
v 0.824442 2.090014 -2.842334
v 0.624926 2.090013 -2.975646
v 0.389582 2.090014 -3.022459
v 0.988855 1.798716 -3.006748
v 0.154237 2.090013 -2.975646
v 0.065257 1.798716 -3.190463
v 0.957754 2.090013 -2.642819
v 1.172570 1.798716 -2.731799
v 1.004567 2.090014 -2.407474
v 1.237082 1.798716 -2.407475
v 0.957754 2.090014 -2.172130
v 1.172570 1.798716 -2.083150
v 0.824442 2.090014 -1.972615
v 0.988855 1.798716 -1.808201
v 0.624926 2.090014 -1.839302
v 0.713906 1.798716 -1.624486
v 0.389582 2.090013 -1.792490
v 0.389582 1.798716 -1.559974
v 0.154237 2.090013 -1.839303
v 0.065257 1.798716 -1.624486
v -0.045278 2.090014 -1.972615
v -0.209692 1.798716 -1.808201
v -0.178590 2.090014 -2.172130
v -0.393407 1.798716 -2.083150
v -0.225403 2.090013 -2.407475
v -0.457919 1.798716 -2.407475
v -0.178590 2.090013 -2.642819
v -0.393407 1.798716 -2.731799
v -0.045278 2.090014 -2.842334
v -0.209692 1.798716 -3.006748
v 0.389582 0.065783 -3.002910
v 0.518654 0.155716 -3.056361
v 0.617445 0.065783 -2.957585
v 0.498423 0.031626 -2.954655
v 0.389582 0.014360 -2.918170
v 0.585017 0.014360 -2.879296
v 0.461597 0.004996 -2.769519
v 0.757147 0.155716 -2.957574
v 0.810618 0.065783 -2.828511
v 0.699535 0.031626 -2.871352
v 0.750698 0.014360 -2.768591
v 0.594664 0.004996 -2.714401
v 0.939681 0.155716 -2.775039
v 0.939693 0.065783 -2.635338
v 0.853459 0.031626 -2.717427
v 0.861403 0.014360 -2.602909
v 0.696508 0.004996 -2.612556
v 1.038468 0.155716 -2.536546
v 0.985017 0.065783 -2.407475
v 0.936763 0.031626 -2.516316
v 0.900278 0.014360 -2.407475
v 0.751626 0.004996 -2.479490
v 1.038468 0.155716 -2.278403
v 0.939693 0.065783 -2.179611
v 0.936763 0.031626 -2.298634
v 0.861403 0.014360 -2.212040
v 0.751626 0.004996 -2.335459
v 0.939681 0.155716 -2.039910
v 0.810618 0.065783 -1.986438
v 0.853459 0.031626 -2.097522
v 0.750698 0.014360 -2.046358
v 0.696508 0.004996 -2.202393
v 0.757147 0.155716 -1.857375
v 0.617445 0.065783 -1.857364
v 0.699535 0.031626 -1.943597
v 0.585017 0.014360 -1.935653
v 0.594664 0.004996 -2.100548
v 0.518654 0.155716 -1.758588
v 0.389582 0.065783 -1.812039
v 0.498423 0.031626 -1.860294
v 0.389582 0.014360 -1.896779
v 0.461597 0.004996 -2.045430
v 0.260510 0.155716 -1.758588
v 0.161719 0.065783 -1.857364
v 0.280741 0.031626 -1.860294
v 0.194147 0.014360 -1.935653
v 0.317567 0.004996 -2.045430
v 0.022017 0.155716 -1.857375
v -0.031455 0.065783 -1.986438
v 0.079629 0.031626 -1.943597
v 0.028465 0.014360 -2.046358
v 0.184500 0.004996 -2.100548
v -0.160517 0.155716 -2.039910
v -0.160529 0.065783 -2.179611
v -0.074296 0.031626 -2.097522
v -0.082239 0.014360 -2.212040
v 0.082655 0.004996 -2.202393
v -0.259305 0.155716 -2.278403
v -0.205853 0.065783 -2.407475
v -0.157599 0.031626 -2.298634
v -0.121114 0.014360 -2.407475
v 0.027537 0.004996 -2.335459
v -0.259305 0.155716 -2.536546
v -0.160529 0.065783 -2.635338
v -0.157599 0.031626 -2.516316
v -0.082239 0.014360 -2.602909
v 0.027537 0.004996 -2.479490
v -0.160518 0.155716 -2.775039
v -0.031455 0.065783 -2.828511
v -0.074296 0.031626 -2.717427
v 0.028466 0.014360 -2.768591
v 0.082655 0.004996 -2.612556
v 0.022017 0.155716 -2.957574
v 0.161719 0.065783 -2.957585
v 0.079629 0.031626 -2.871352
v 0.194147 0.014360 -2.879296
v 0.184500 0.004996 -2.714401
v 0.260510 0.155716 -3.056361
v 0.280741 0.031626 -2.954655
v 0.317567 0.004996 -2.769519
v 0.389582 0.784790 -3.431685
v 0.687121 0.331356 -3.125797
v -0.002366 0.784790 -3.353722
v 0.939362 0.331356 -2.957255
v 1.107904 0.331356 -2.705014
v 1.167089 0.331356 -2.407475
v 1.107904 0.331356 -2.109936
v 0.939362 0.331356 -1.857694
v 0.687121 0.331356 -1.689152
v 0.389582 0.331356 -1.629968
v 0.092043 0.331356 -1.689152
v -0.160198 0.331356 -1.857694
v -0.328741 0.331356 -2.109936
v -0.387925 0.331356 -2.407475
v -0.328741 0.331356 -2.705014
v -0.160198 0.331356 -2.957255
v 0.389582 0.331356 -3.184981
v 0.781530 0.784790 -3.353722
v 0.092043 0.331356 -3.125797
v 1.113808 0.784790 -3.131701
v 1.335829 0.784790 -2.799423
v 1.413792 0.784790 -2.407475
v 1.335829 0.784790 -2.015526
v 1.113808 0.784790 -1.683249
v 0.781530 0.784790 -1.461227
v 0.389582 0.784790 -1.383264
v -0.002366 0.784790 -1.461227
v -0.334644 0.784790 -1.683248
v -0.556665 0.784790 -2.015526
v -0.634629 0.784790 -2.407475
v -0.556665 0.784790 -2.799423
v -0.334644 0.784790 -3.131701
v 0.567427 0.555459 -3.301561
v 0.896041 0.555459 -3.165445
v -0.116877 0.555459 -3.165445
v -0.368388 0.555459 -2.913934
v -0.504505 0.555459 -2.585320
v -0.504505 0.555459 -2.229630
v -0.368388 0.555459 -1.901015
v -0.116877 0.555459 -1.649504
v 0.211737 0.555459 -1.513388
v 0.567427 0.555459 -1.513388
v 0.896041 0.555459 -1.649504
v 1.147552 0.555459 -1.901015
v 1.283669 0.555459 -2.229630
v 1.283669 0.555459 -2.585320
v 1.147552 0.555459 -2.913934
v 0.211737 0.555459 -3.301561
v -0.082808 2.301244 -1.935084
v -0.333531 2.401228 -2.107951
v 1.006790 2.301244 -2.663130
v 1.172274 2.401228 -2.407475
v -0.393110 2.401228 -2.407475
v 1.112695 2.401228 -2.107951
v -0.333531 2.401228 -2.706998
v 0.943029 2.401228 -1.854028
v -0.163865 2.401228 -2.960921
v 0.689105 2.401228 -1.684361
v 0.090059 2.401228 -3.130588
v 0.389582 2.401228 -1.624782
v 0.389582 2.301244 -3.075535
v 0.689105 2.401228 -3.130588
v 0.090059 2.401228 -1.684361
v 0.943029 2.401228 -2.960921
v 0.988265 2.349842 -2.807502
v -0.010445 2.349842 -1.808791
v 0.789609 2.349842 -3.006157
v 0.249111 2.349842 -1.701280
v 0.249111 2.349843 -3.113669
v 0.530053 2.349842 -3.113669
v 0.530053 2.349842 -1.701280
v -0.010445 2.349843 -3.006157
v 0.789609 2.349842 -1.808791
v -0.209101 2.349842 -2.807502
v 0.988265 2.349842 -2.007447
v -0.316613 2.349842 -2.547945
v 1.095777 2.349842 -2.267004
v -0.316613 2.349843 -2.267004
v 1.095777 2.349842 -2.547945
v -0.209101 2.349843 -2.007447
v 0.168475 1.760459 -0.846983
v 0.479777 1.760459 -0.718037
v 0.718038 1.760459 -0.479777
v 0.846983 1.760459 -0.168475
v 0.846983 1.760459 0.168476
v 0.718038 1.760459 0.479778
v 0.479777 1.760459 0.718039
v 0.168475 1.760459 0.846984
v -0.168476 1.760459 0.846984
v -0.479778 1.760459 0.718039
v -0.718038 1.760459 0.479778
v -0.846983 1.760459 0.168476
v -0.846983 1.760459 -0.168475
v -0.718038 1.760459 -0.479777
v -0.479778 1.760459 -0.718037
v -0.168475 1.760459 -0.846983
v 0.161192 3.341526 -0.810369
v 0.459037 3.341526 -0.686997
v 0.686998 3.341526 -0.459037
v 0.810369 3.341526 -0.161192
v 0.810369 3.341526 0.161193
v 0.686998 3.341526 0.459038
v 0.459037 3.341526 0.686998
v 0.161192 3.341526 0.810370
v -0.161192 3.341526 0.810370
v -0.459037 3.341526 0.686999
v -0.686998 3.341526 0.459038
v -0.810369 3.341526 0.161193
v -0.810369 3.341526 -0.161192
v -0.686998 3.341526 -0.459037
v -0.459037 3.341526 -0.686997
v -0.161192 3.341526 -0.810369
v 0.333647 2.592207 0.805497
v 0.000000 2.592207 0.871864
v 0.000000 2.592207 -0.871862
v 0.333647 2.592207 -0.805495
v -0.871862 2.592207 0.000000
v -0.805496 2.592207 -0.333647
v 0.805496 2.592207 0.333648
v 0.616500 2.592207 0.616500
v -0.616500 2.592207 0.616500
v -0.805496 2.592207 0.333648
v -0.333647 2.592207 -0.805495
v 0.805496 2.592207 -0.333646
v 0.871862 2.592207 0.000001
v -0.333647 2.592207 0.805497
v -0.616500 2.592207 -0.616499
v 0.616500 2.592207 -0.616499
v 0.117017 4.087226 -0.588285
v 0.333237 4.087226 -0.498724
v 0.498725 4.087226 -0.333236
v 0.588286 4.087226 -0.117017
v 0.588286 4.087226 0.117018
v 0.498725 4.087226 0.333238
v 0.333237 4.087226 0.498725
v 0.117017 4.087226 0.588286
v -0.117017 4.087226 0.588286
v -0.333237 4.087226 0.498725
v -0.498725 4.087226 0.333238
v -0.588286 4.087226 0.117018
v -0.588286 4.087226 -0.117016
v -0.498725 4.087226 -0.333236
v -0.333237 4.087226 -0.498724
v -0.117017 4.087226 -0.588285
v -0.727159 3.824752 0.000000
v -0.671807 3.824752 -0.278271
v 0.671807 3.824752 0.278272
v 0.514179 3.824752 0.514180
v -0.514179 3.824752 -0.514178
v 0.278272 3.824752 0.671808
v -0.278272 3.824752 -0.671806
v -0.000000 3.824752 0.727159
v -0.000000 3.824752 -0.727158
v 0.278272 3.824752 -0.671806
v -0.278272 3.824752 0.671808
v 0.514179 3.824752 -0.514178
v -0.514179 3.824752 0.514180
v 0.671807 3.824752 -0.278271
v -0.671807 3.824752 0.278272
v 0.727159 3.824752 0.000001
v 0.055672 4.553167 -0.279880
v 0.158539 4.553167 -0.237270
v 0.237271 4.553167 -0.158539
v 0.279880 4.553167 -0.055671
v 0.279880 4.553167 0.055672
v 0.237271 4.553167 0.158540
v 0.158539 4.553167 0.237272
v 0.055672 4.553167 0.279881
v -0.055672 4.553167 0.279881
v -0.158540 4.553167 0.237271
v -0.237271 4.553167 0.158540
v -0.279880 4.553167 0.055672
v -0.279880 4.553167 -0.055671
v -0.237271 4.553167 -0.158539
v -0.158540 4.553167 -0.237270
v -0.055672 4.553167 -0.279879
v 0.064041 4.656157 -0.321956
v 0.182374 4.656157 -0.272941
v 0.272941 4.656157 -0.182373
v 0.321956 4.656157 -0.064041
v 0.321956 4.656157 0.064042
v 0.272941 4.656157 0.182374
v 0.182374 4.656157 0.272943
v 0.064041 4.656157 0.321957
v -0.064041 4.656157 0.321957
v -0.182374 4.656157 0.272943
v -0.272942 4.656157 0.182375
v -0.321957 4.656157 0.064042
v -0.321957 4.656157 -0.064040
v -0.272942 4.656157 -0.182373
v -0.182374 4.656157 -0.272941
v -0.064041 4.656157 -0.321956
v 0.279785 4.611508 0.115891
v 0.214138 4.611508 0.214139
v -0.279785 4.611509 -0.115890
v -0.214138 4.611508 -0.214138
v 0.115891 4.611508 0.279786
v -0.115891 4.611508 -0.279784
v -0.000000 4.611508 0.302837
v -0.000000 4.611508 -0.302836
v 0.115891 4.611508 -0.279784
v -0.115891 4.611508 0.279785
v 0.214138 4.611508 -0.214138
v -0.214138 4.611508 0.214139
v 0.279785 4.611508 -0.115890
v -0.279785 4.611508 0.115891
v 0.302837 4.611508 0.000001
v -0.302837 4.611509 0.000001
v -0.298120 4.739698 0.298121
v -0.330736 4.688723 0.136996
v 0.389513 4.739698 -0.161341
v 0.357986 4.688722 0.000000
v -0.357986 4.688723 0.000000
v 0.330736 4.688722 0.136996
v -0.330736 4.688722 -0.136994
v 0.253134 4.688722 0.253134
v -0.253134 4.688723 -0.253134
v 0.136995 4.688722 0.330736
v -0.136995 4.688722 -0.330735
v -0.000000 4.688722 0.357986
v -0.000000 4.739698 -0.421605
v 0.136995 4.688722 -0.330735
v -0.136995 4.688722 0.330736
v 0.253134 4.688722 -0.253134
v 0.124336 4.324332 -0.300174
v 0.073683 4.287491 -0.370427
v -0.000000 4.324331 -0.324905
v 0.058807 4.350818 -0.295640
v 0.110279 4.378891 -0.266237
v 0.000000 4.378891 -0.288173
v 0.054743 4.420947 -0.275210
v 0.229744 4.324331 -0.229743
v 0.209830 4.287491 -0.314033
v 0.167467 4.350818 -0.250631
v 0.203770 4.378890 -0.203769
v 0.155894 4.420948 -0.233311
v 0.300174 4.324331 -0.124336
v 0.314034 4.287491 -0.209830
v 0.250632 4.350818 -0.167466
v 0.266238 4.378891 -0.110279
v 0.233312 4.420946 -0.155894
v 0.324906 4.324331 0.000000
v 0.370428 4.287491 -0.073682
v 0.295640 4.350818 -0.058806
v 0.288174 4.378891 0.000001
v 0.275210 4.420947 -0.054742
v 0.300174 4.324331 0.124337
v 0.370428 4.287491 0.073684
v 0.295640 4.350818 0.058807
v 0.266238 4.378891 0.110280
v 0.275211 4.420947 0.054744
v 0.229744 4.324331 0.229744
v 0.314034 4.287491 0.209831
v 0.250632 4.350818 0.167468
v 0.203770 4.378890 0.203770
v 0.233312 4.420947 0.155895
v 0.124336 4.324331 0.300175
v 0.209830 4.287491 0.314034
v 0.167467 4.350818 0.250633
v 0.110279 4.378890 0.266239
v 0.155894 4.420946 0.233313
v 0.000000 4.324332 0.324907
v 0.073683 4.287491 0.370429
v 0.058807 4.350818 0.295641
v -0.000000 4.378891 0.288175
v 0.054743 4.420946 0.275211
v -0.124336 4.324331 0.300175
v -0.073683 4.287491 0.370429
v -0.058807 4.350818 0.295641
v -0.110279 4.378891 0.266239
v -0.054743 4.420947 0.275211
v -0.229744 4.324331 0.229744
v -0.209831 4.287490 0.314034
v -0.167467 4.350818 0.250633
v -0.203770 4.378891 0.203771
v -0.155894 4.420947 0.233313
v -0.300174 4.324331 0.124337
v -0.314034 4.287490 0.209831
v -0.250632 4.350818 0.167468
v -0.266238 4.378890 0.110280
v -0.233312 4.420947 0.155895
v -0.324907 4.324331 0.000001
v -0.370428 4.287490 0.073684
v -0.295640 4.350818 0.058808
v -0.288174 4.378891 0.000000
v -0.275210 4.420946 0.054743
v -0.300174 4.324331 -0.124336
v -0.370428 4.287490 -0.073682
v -0.295640 4.350818 -0.058806
v -0.266238 4.378891 -0.110279
v -0.275211 4.420947 -0.054742
v -0.229744 4.324331 -0.229743
v -0.314034 4.287490 -0.209830
v -0.250632 4.350818 -0.167466
v -0.203770 4.378890 -0.203769
v -0.233312 4.420947 -0.155894
v -0.124336 4.324332 -0.300174
v -0.209831 4.287490 -0.314033
v -0.167467 4.350818 -0.250631
v -0.110279 4.378891 -0.266237
v -0.155894 4.420946 -0.233312
v -0.073683 4.287491 -0.370427
v -0.058807 4.350818 -0.295640
v -0.054743 4.420947 -0.275210
v 0.181716 4.222443 -0.438700
v -0.000000 4.222443 -0.474846
v 0.335767 4.222443 -0.335766
v -0.181716 4.222443 -0.438700
v 0.438701 4.222443 -0.181715
v 0.474846 4.222443 0.000000
v 0.438701 4.222443 0.181717
v 0.335767 4.222443 0.335768
v 0.181716 4.222443 0.438701
v -0.000000 4.222443 0.474847
v -0.181716 4.222443 0.438701
v -0.335767 4.222443 0.335768
v -0.438701 4.222443 0.181716
v -0.474846 4.222443 0.000001
v -0.438701 4.222443 -0.181715
v -0.335767 4.222443 -0.335766
v 0.000000 0.014682 -0.470279
v 0.101942 0.073636 -0.512495
v 0.179968 0.014682 -0.434481
v 0.085963 0.002306 -0.432167
v -0.000000 0.000288 -0.403350
v 0.154356 0.000288 -0.372647
v 0.056878 0.000000 -0.285944
v 0.290305 0.073636 -0.434471
v 0.332537 0.014682 -0.332537
v 0.244803 0.002306 -0.366373
v 0.285212 0.000288 -0.285211
v 0.161975 0.000000 -0.242412
v 0.434472 0.073636 -0.290305
v 0.434481 0.014682 -0.179967
v 0.366374 0.002306 -0.244802
v 0.372648 0.000288 -0.154355
v 0.242413 0.000000 -0.161974
v 0.512495 0.073636 -0.101941
v 0.470279 0.014682 0.000001
v 0.432167 0.002306 -0.085963
v 0.403351 0.000288 0.000001
v 0.285945 0.000000 -0.056877
v 0.512495 0.073636 0.101943
v 0.434481 0.014682 0.179969
v 0.432167 0.002306 0.085964
v 0.372648 0.000288 0.154356
v 0.285945 0.000000 0.056879
v 0.434472 0.073636 0.290306
v 0.332537 0.014682 0.332538
v 0.366374 0.002306 0.244804
v 0.285212 0.000288 0.285213
v 0.242413 0.000000 0.161976
v 0.290305 0.073636 0.434473
v 0.179968 0.014682 0.434482
v 0.244803 0.002306 0.366374
v 0.154356 0.000288 0.372648
v 0.161975 0.000000 0.242413
v 0.101942 0.073636 0.512496
v 0.000000 0.014682 0.470280
v 0.085963 0.002306 0.432168
v -0.000000 0.000288 0.403352
v 0.056878 0.000000 0.285946
v -0.101942 0.073636 0.512496
v -0.179968 0.014682 0.434482
v -0.085963 0.002306 0.432168
v -0.154356 0.000288 0.372649
v -0.056878 0.000000 0.285946
v -0.290305 0.073636 0.434473
v -0.332537 0.014682 0.332538
v -0.244803 0.002306 0.366374
v -0.285212 0.000288 0.285213
v -0.161975 -0.000000 0.242413
v -0.434472 0.073636 0.290306
v -0.434481 0.014682 0.179969
v -0.366374 0.002306 0.244803
v -0.372648 0.000288 0.154356
v -0.242413 0.000000 0.161976
v -0.512495 0.073636 0.101943
v -0.470279 0.014682 0.000001
v -0.432167 0.002306 0.085964
v -0.403351 0.000288 0.000000
v -0.285945 0.000000 0.056879
v -0.512495 0.073636 -0.101941
v -0.434481 0.014682 -0.179967
v -0.432167 0.002306 -0.085963
v -0.372648 0.000288 -0.154355
v -0.285945 0.000000 -0.056877
v -0.434472 0.073636 -0.290304
v -0.332537 0.014682 -0.332537
v -0.366374 0.002306 -0.244802
v -0.285212 0.000288 -0.285211
v -0.242413 0.000000 -0.161974
v -0.290305 0.073636 -0.434471
v -0.179968 0.014682 -0.434481
v -0.244803 0.002306 -0.366373
v -0.154356 0.000288 -0.372647
v -0.161975 -0.000000 -0.242412
v -0.101942 0.073636 -0.512495
v -0.085963 0.002306 -0.432167
v -0.056878 0.000000 -0.285945
v -0.000000 1.052501 -0.808928
v 0.234998 0.226287 -0.567335
v -0.309564 1.052501 -0.747352
v 0.434220 0.226287 -0.434219
v 0.567336 0.226287 -0.234998
v 0.614080 0.226287 0.000001
v 0.567336 0.226287 0.234999
v 0.434220 0.226287 0.434221
v 0.234998 0.226287 0.567337
v -0.000000 0.226287 0.614081
v -0.234998 0.226287 0.567337
v -0.434220 0.226287 0.434221
v -0.567336 0.226287 0.234999
v -0.614080 0.226287 0.000001
v -0.567336 0.226287 -0.234998
v -0.434220 0.226287 -0.434220
v -0.000000 0.226287 -0.614079
v 0.309563 1.052501 -0.747352
v -0.234998 0.226287 -0.567335
v 0.571999 1.052501 -0.571998
v 0.747352 1.052501 -0.309563
v 0.808928 1.052501 0.000001
v 0.747352 1.052501 0.309564
v 0.571999 1.052501 0.572000
v 0.309564 1.052501 0.747353
v -0.000000 1.052501 0.808929
v -0.309564 1.052501 0.747354
v -0.571999 1.052501 0.572000
v -0.747352 1.052501 0.309564
v -0.808928 1.052501 0.000001
v -0.747352 1.052501 -0.309563
v -0.571999 1.052501 -0.571998
v 0.140463 0.535750 -0.706155
v 0.400005 0.535750 -0.598649
v -0.400005 0.535750 -0.598649
v -0.598650 0.535750 -0.400005
v -0.706156 0.535750 -0.140463
v -0.706156 0.535750 0.140464
v -0.598650 0.535750 0.400006
v -0.400005 0.535750 0.598650
v -0.140463 0.535750 0.706157
v 0.140463 0.535750 0.706157
v 0.400005 0.535750 0.598651
v 0.598650 0.535750 0.400006
v 0.706156 0.535750 0.140464
v 0.706156 0.535750 -0.140462
v 0.598650 0.535750 -0.400005
v -0.140463 0.535750 -0.706155
v -0.253134 4.688723 0.253134
v -0.389513 4.739699 0.161342
v 0.330736 4.688723 -0.136995
v 0.421606 4.739698 0.000000
v -0.421606 4.739698 0.000000
v 0.389513 4.739698 0.161342
v -0.389513 4.739698 -0.161341
v 0.298120 4.739698 0.298121
v -0.298120 4.739699 -0.298120
v 0.161341 4.739698 0.389513
v -0.161342 4.739698 -0.389512
v -0.000000 4.739698 0.421607
v -0.000000 4.688723 -0.357985
v 0.161341 4.739698 -0.389512
v -0.161342 4.739698 0.389513
v 0.298120 4.739698 -0.298120
v 0.323947 4.714755 -0.216454
v -0.216455 4.714755 0.323948
v 0.216455 4.714755 -0.323947
v -0.076009 4.714755 0.382123
v -0.076009 4.714755 -0.382122
v 0.076009 4.714755 -0.382122
v 0.076009 4.714755 0.382123
v -0.216455 4.714755 -0.323947
v 0.216455 4.714755 0.323948
v -0.323948 4.714755 -0.216454
v 0.323947 4.714755 0.216455
v -0.382122 4.714755 -0.076008
v 0.382122 4.714755 0.076010
v -0.382122 4.714755 0.076010
v 0.382122 4.714755 -0.076008
v -0.323948 4.714755 0.216455
v 0.658930 1.019338 1.252016
v 1.053080 1.019338 1.415278
v 1.354749 1.019338 1.716947
v 1.518011 1.019338 2.111097
v 1.518011 1.019338 2.537722
v 1.354749 1.019338 2.931871
v 1.053080 1.019338 3.233540
v 0.658931 1.019338 3.396802
v 0.232306 1.019338 3.396802
v -0.161844 1.019338 3.233540
v -0.463513 1.019338 2.931871
v -0.626775 1.019338 2.537721
v -0.626775 1.019338 2.111097
v -0.463513 1.019338 1.716947
v -0.161844 1.019338 1.415278
v 0.232306 1.019338 1.252016
v 0.649709 1.474385 1.298374
v 1.026820 1.474385 1.454579
v 1.315448 1.474385 1.743207
v 1.471653 1.474385 2.120318
v 1.471653 1.474385 2.528500
v 1.315448 1.474385 2.905612
v 1.026820 1.474385 3.194240
v 0.649709 1.474385 3.350444
v 0.241527 1.474385 3.350444
v -0.135584 1.474385 3.194240
v -0.424212 1.474385 2.905612
v -0.580416 1.474385 2.528500
v -0.580416 1.474385 2.120318
v -0.424212 1.474385 1.743207
v -0.135584 1.474385 1.454579
v 0.241527 1.474385 1.298374
v 0.868060 1.260788 3.344273
v 0.445618 1.260788 3.428302
v 0.445618 1.260788 1.220516
v 0.868060 1.260788 1.304545
v -0.658275 1.260788 2.324409
v -0.574246 1.260788 1.901968
v 1.465483 1.260788 2.746851
v 1.226189 1.260788 3.104979
v -0.334952 1.260788 3.104980
v -0.574246 1.260788 2.746851
v 0.023177 1.260788 1.304545
v 1.465483 1.260788 1.901968
v 1.549511 1.260788 2.324409
v 0.023177 1.260788 3.344274
v -0.334952 1.260788 1.543839
v 1.226189 1.260788 1.543839
v 0.593778 1.723815 1.579562
v 0.867541 1.723815 1.692958
v 1.077070 1.723815 1.902487
v 1.190466 1.723815 2.176250
v 1.190466 1.723815 2.472569
v 1.077070 1.723815 2.746332
v 0.867541 1.723815 2.955860
v 0.593778 1.723815 3.069257
v 0.297459 1.723815 3.069257
v 0.023696 1.723815 2.955860
v -0.185833 1.723815 2.746331
v -0.299229 1.723815 2.472569
v -0.299229 1.723815 2.176250
v -0.185833 1.723815 1.902487
v 0.023696 1.723815 1.692958
v 0.297459 1.723815 1.579562
v -0.475061 1.626422 2.324409
v -0.404978 1.626422 1.972080
v 1.296215 1.626422 2.676738
v 1.096637 1.626422 2.975428
v -0.205400 1.626422 1.673391
v 0.797947 1.626422 3.175005
v 0.093290 1.626422 1.473813
v 0.445619 1.626422 3.245088
v 0.445619 1.626422 1.403730
v 0.797947 1.626422 1.473813
v 0.093290 1.626422 3.175006
v 1.096637 1.626422 1.673391
v -0.205400 1.626422 2.975427
v 1.296215 1.626422 1.972080
v -0.404978 1.626422 2.676738
v 1.366298 1.626422 2.324409
v 0.526703 2.273304 1.916770
v 0.676528 2.273304 1.978829
v 0.791198 2.273304 2.093500
v 0.853258 2.273304 2.243325
v 0.853258 2.273304 2.405494
v 0.791198 2.273304 2.555319
v 0.676528 2.273304 2.669989
v 0.526703 2.273304 2.732049
v 0.364534 2.273304 2.732049
v 0.214709 2.273304 2.669990
v 0.100038 2.273304 2.555319
v 0.037979 2.273304 2.405494
v 0.037979 2.273304 2.243325
v 0.100038 2.273304 2.093500
v 0.214709 2.273304 1.978829
v 0.364534 2.273304 1.916770
v 0.799863 2.216773 2.471142
v 0.716745 2.216773 2.595536
v 0.091374 2.216773 2.177676
v 0.174491 2.216773 2.053282
v 0.592351 2.216773 2.678654
v 0.298885 2.216773 1.970165
v 0.445618 2.216773 2.707841
v 0.445618 2.216773 1.940978
v 0.592351 2.216773 1.970165
v 0.298886 2.216773 2.678654
v 0.716745 2.216773 2.053282
v 0.174491 2.216773 2.595536
v 0.799863 2.216773 2.177676
v 0.091374 2.216773 2.471142
v 0.829050 2.216773 2.324409
v 0.062186 2.216773 2.324409
v 0.068159 2.379079 2.701869
v 0.026863 2.314538 2.497864
v 0.938793 2.379079 2.120130
v 0.898875 2.314537 2.324409
v -0.007639 2.314537 2.324409
v 0.864373 2.314537 2.497864
v 0.026863 2.314537 2.150955
v 0.766120 2.314537 2.644910
v 0.125117 2.314538 2.003908
v 0.619072 2.314537 2.743165
v 0.272164 2.314537 1.905654
v 0.445619 2.314537 2.777667
v 0.445618 2.379079 1.790601
v 0.619072 2.314537 1.905654
v 0.272164 2.314537 2.743165
v 0.766120 2.314537 2.003908
v 0.603045 1.855172 1.944349
v 0.538910 1.822552 1.855399
v 0.445618 1.855172 1.913035
v 0.520075 1.886704 1.950089
v 0.585247 1.922248 1.987317
v 0.445618 1.922248 1.959543
v 0.514700 2.073957 1.977113
v 0.736504 1.855172 2.033524
v 0.711291 1.822552 1.926801
v 0.657653 1.886704 2.007076
v 0.703618 1.922248 2.066410
v 0.642346 2.073957 2.029986
v 0.825679 1.855172 2.166983
v 0.843226 1.822552 2.058736
v 0.762951 1.886704 2.112374
v 0.782711 1.922248 2.184781
v 0.740041 2.073957 2.127682
v 0.856993 1.855172 2.324409
v 0.914629 1.822552 2.231117
v 0.819938 1.886704 2.249952
v 0.810485 1.922248 2.324409
v 0.792914 2.073957 2.255328
v 0.825679 1.855172 2.481836
v 0.914629 1.822552 2.417701
v 0.819938 1.886704 2.398866
v 0.782711 1.922248 2.464038
v 0.792914 2.073957 2.393491
v 0.736504 1.855172 2.615295
v 0.843226 1.822552 2.590082
v 0.762951 1.886704 2.536445
v 0.703618 1.922248 2.582409
v 0.740041 2.073957 2.521137
v 0.603045 1.855172 2.704470
v 0.711291 1.822552 2.722017
v 0.657653 1.886704 2.641742
v 0.585247 1.922248 2.661502
v 0.642345 2.073957 2.618833
v 0.445618 1.855172 2.735784
v 0.538910 1.822552 2.793420
v 0.520075 1.886704 2.698729
v 0.445618 1.922248 2.689276
v 0.514699 2.073957 2.671705
v 0.288192 1.855172 2.704470
v 0.352326 1.822552 2.793420
v 0.371161 1.886704 2.698729
v 0.305990 1.922248 2.661502
v 0.376537 2.073957 2.671705
v 0.154732 1.855172 2.615295
v 0.179945 1.822552 2.722018
v 0.233583 1.886704 2.641742
v 0.187619 1.922248 2.582409
v 0.248891 2.073957 2.618833
v 0.065558 1.855172 2.481836
v 0.048010 1.822552 2.590082
v 0.128285 1.886704 2.536444
v 0.108526 1.922248 2.464038
v 0.151195 2.073957 2.521137
v 0.034244 1.855172 2.324409
v -0.023392 1.822552 2.417701
v 0.071299 1.886704 2.398866
v 0.080752 1.922248 2.324409
v 0.098322 2.073957 2.393491
v 0.065558 1.855172 2.166983
v -0.023392 1.822552 2.231117
v 0.071299 1.886704 2.249952
v 0.108526 1.922248 2.184781
v 0.098323 2.073957 2.255328
v 0.154732 1.855172 2.033523
v 0.048010 1.822552 2.058736
v 0.128285 1.886704 2.112374
v 0.187618 1.922248 2.066410
v 0.151195 2.073957 2.127682
v 0.288192 1.855172 1.944349
v 0.179945 1.822552 1.926801
v 0.233583 1.886704 2.007076
v 0.305990 1.922248 1.987317
v 0.248891 2.073957 2.029986
v 0.352326 1.822552 1.855399
v 0.371161 1.886704 1.950089
v 0.376537 2.073957 1.977113
v 0.675694 1.783587 1.768956
v 0.445618 1.783586 1.723191
v 0.870744 1.783586 1.899283
v 0.215542 1.783587 1.768956
v 1.001072 1.783586 2.094333
v 1.046836 1.783586 2.324409
v 1.001071 1.783586 2.554486
v 0.870744 1.783586 2.749535
v 0.675694 1.783586 2.879863
v 0.445618 1.783587 2.925628
v 0.215542 1.783586 2.879863
v 0.020493 1.783587 2.749535
v -0.109835 1.783587 2.554486
v -0.155600 1.783587 2.324409
v -0.109835 1.783587 2.094333
v 0.020493 1.783587 1.899284
v 0.445618 0.065783 1.728974
v 0.574690 0.155716 1.675523
v 0.673482 0.065783 1.774299
v 0.554460 0.031626 1.777228
v 0.445618 0.014360 1.813714
v 0.641053 0.014360 1.852588
v 0.517634 0.004996 1.962365
v 0.813183 0.155716 1.774310
v 0.866655 0.065783 1.903373
v 0.755571 0.031626 1.860532
v 0.806735 0.014360 1.963293
v 0.650700 0.004996 2.017483
v 0.995718 0.155716 1.956844
v 0.995729 0.065783 2.096546
v 0.909496 0.031626 2.014456
v 0.917439 0.014360 2.128974
v 0.752545 0.004996 2.119328
v 1.094505 0.155716 2.195338
v 1.041054 0.065783 2.324409
v 0.992799 0.031626 2.215568
v 0.956314 0.014360 2.324409
v 0.807663 0.004996 2.252394
v 1.094505 0.155716 2.453481
v 0.995729 0.065783 2.552273
v 0.992799 0.031626 2.433250
v 0.917439 0.014360 2.519844
v 0.807663 0.004996 2.396425
v 0.995718 0.155716 2.691974
v 0.866655 0.065783 2.745446
v 0.909496 0.031626 2.634362
v 0.806735 0.014360 2.685526
v 0.752545 0.004996 2.529491
v 0.813183 0.155716 2.874509
v 0.673482 0.065783 2.874520
v 0.755571 0.031626 2.788287
v 0.641053 0.014360 2.796231
v 0.650700 0.004996 2.631336
v 0.574690 0.155716 2.973296
v 0.445618 0.065783 2.919845
v 0.554459 0.031626 2.871590
v 0.445618 0.014360 2.835105
v 0.517633 0.004996 2.686454
v 0.316547 0.155716 2.973295
v 0.217755 0.065783 2.874520
v 0.336777 0.031626 2.871590
v 0.250183 0.014360 2.796231
v 0.373603 0.004996 2.686454
v 0.078054 0.155716 2.874509
v 0.024582 0.065783 2.745446
v 0.135665 0.031626 2.788287
v 0.084502 0.014360 2.685525
v 0.240536 0.004996 2.631336
v -0.104481 0.155716 2.691974
v -0.104492 0.065783 2.552273
v -0.018259 0.031626 2.634362
v -0.026203 0.014360 2.519844
v 0.138692 0.004996 2.529491
v -0.203268 0.155716 2.453481
v -0.149817 0.065783 2.324409
v -0.101562 0.031626 2.433250
v -0.065077 0.014360 2.324409
v 0.083574 0.004996 2.396425
v -0.203268 0.155716 2.195338
v -0.104492 0.065783 2.096546
v -0.101562 0.031626 2.215568
v -0.026203 0.014360 2.128975
v 0.083574 0.004996 2.252394
v -0.104481 0.155716 1.956844
v 0.024582 0.065783 1.903372
v -0.018259 0.031626 2.014456
v 0.084502 0.014360 1.963293
v 0.138692 0.004996 2.119328
v 0.078053 0.155716 1.774310
v 0.217755 0.065783 1.774298
v 0.135665 0.031626 1.860532
v 0.250183 0.014360 1.852588
v 0.240537 0.004996 2.017483
v 0.316547 0.155716 1.675523
v 0.336777 0.031626 1.777228
v 0.373604 0.004996 1.962365
v 0.445619 0.784789 1.300199
v 0.743157 0.331356 1.606087
v 0.053670 0.784789 1.378162
v 0.995398 0.331356 1.774629
v 1.163941 0.331356 2.026870
v 1.223125 0.331356 2.324409
v 1.163941 0.331356 2.621948
v 0.995399 0.331356 2.874189
v 0.743157 0.331356 3.042732
v 0.445618 0.331356 3.101916
v 0.148080 0.331356 3.042732
v -0.104162 0.331356 2.874189
v -0.272704 0.331356 2.621949
v -0.331888 0.331356 2.324409
v -0.272704 0.331356 2.026870
v -0.104162 0.331356 1.774629
v 0.445618 0.331356 1.546902
v 0.837567 0.784789 1.378162
v 0.148079 0.331356 1.606087
v 1.169844 0.784789 1.600183
v 1.391865 0.784789 1.932461
v 1.469829 0.784789 2.324409
v 1.391865 0.784789 2.716358
v 1.169844 0.784789 3.048635
v 0.837567 0.784789 3.270656
v 0.445618 0.784789 3.348620
v 0.053670 0.784789 3.270657
v -0.278608 0.784789 3.048636
v -0.500629 0.784789 2.716358
v -0.578592 0.784789 2.324409
v -0.500629 0.784789 1.932461
v -0.278608 0.784789 1.600183
v 0.623463 0.555458 1.430323
v 0.952077 0.555458 1.566439
v -0.060841 0.555458 1.566439
v -0.312351 0.555458 1.817950
v -0.448468 0.555458 2.146564
v -0.448468 0.555458 2.502254
v -0.312352 0.555458 2.830869
v -0.060841 0.555458 3.082380
v 0.267773 0.555458 3.218496
v 0.623463 0.555458 3.218496
v 0.952078 0.555458 3.082379
v 1.203588 0.555458 2.830868
v 1.339705 0.555458 2.502254
v 1.339705 0.555458 2.146565
v 1.203588 0.555458 1.817950
v 0.267773 0.555458 1.430323
v 0.125117 2.314537 2.644910
v -0.047556 2.379079 2.528689
v 0.864373 2.314537 2.150955
v 0.979427 2.379079 2.324409
v -0.088190 2.379079 2.324409
v 0.938793 2.379079 2.528689
v -0.047556 2.379079 2.120130
v 0.823078 2.379079 2.701869
v 0.068159 2.379079 1.946950
v 0.649898 2.379079 2.817584
v 0.241338 2.379079 1.831234
v 0.445618 2.379079 2.858217
v 0.445619 2.314537 1.871151
v 0.649898 2.379079 1.831234
v 0.241338 2.379079 2.817584
v 0.823078 2.379079 1.946949
v 0.855778 2.347497 2.050349
v 0.171558 2.347497 2.734570
v 0.719679 2.347497 1.914249
v 0.349381 2.347497 2.808227
v 0.349381 2.347497 1.840592
v 0.541856 2.347497 1.840592
v 0.541856 2.347497 2.808226
v 0.171558 2.347497 1.914248
v 0.719679 2.347497 2.734570
v 0.035458 2.347497 2.050349
v 0.855779 2.347497 2.598470
v -0.038199 2.347497 2.228172
v 0.929435 2.347497 2.420647
v -0.038199 2.347497 2.420647
v 0.929435 2.347497 2.228172
v 0.035458 2.347497 2.598469
v 0.189781 0.784789 -3.411941
v 1.241127 0.784790 -2.976459
v 1.394048 0.784789 -2.607275
v 1.394048 0.784789 -2.207674
v 1.241127 0.784790 -1.838490
v 0.958566 0.784790 -1.555930
v 0.589383 0.784790 -1.403009
v 0.189781 0.784789 -1.403009
v -0.179402 0.784790 -1.555930
v -0.461963 0.784790 -1.838490
v -0.614884 0.784790 -2.207674
v -0.614884 0.784789 -2.607275
v -0.461963 0.784790 -2.976459
v -0.179402 0.784790 -3.259020
v 0.605511 1.260788 -1.321927
v 0.958566 0.784790 -3.259020
v 0.589383 0.784789 -3.411940
v -0.588126 1.627042 -2.601953
v 0.605511 1.260788 -3.493022
v -0.695966 1.260788 -2.623403
v 1.309865 1.260788 -1.792561
v -0.530701 1.260788 -1.792561
v 0.173653 1.260788 -3.493022
v 1.475130 1.260788 -2.623404
v 0.173653 1.260788 -1.321927
v -0.530701 1.260788 -3.022388
v 1.004495 1.260788 -3.327757
v 1.004495 1.260788 -1.487191
v -0.695966 1.260788 -2.191545
v 1.475130 1.260788 -2.191546
v -0.225331 1.260788 -1.487192
v -0.225331 1.260788 -3.327758
v 1.309865 1.260788 -3.022388
v -0.213547 2.090014 -2.287504
v 1.218442 1.627042 -1.853648
v -0.439278 1.627042 -2.961301
v 0.943408 1.627042 -1.578614
v -0.164245 1.627042 -3.236335
v 0.584060 1.627042 -1.429767
v 0.584060 1.627042 -3.385182
v 0.195104 1.627042 -3.385182
v 0.195104 1.627042 -1.429767
v 0.943408 1.627042 -3.236335
v -0.164245 1.627042 -1.578614
v 1.218442 1.627042 -2.961301
v -0.439278 1.627042 -1.853648
v 1.367289 1.627042 -2.601953
v -0.588126 1.627042 -2.212996
v 1.367289 1.627042 -2.212996
v 0.860397 1.798716 -3.112100
v 0.992711 2.090014 -2.287504
v -0.213547 2.090013 -2.527444
v 0.900890 2.090013 -2.065829
v -0.121726 2.090013 -2.749120
v 0.731227 2.090014 -1.896166
v 0.047937 2.090014 -2.918782
v 0.509552 2.090014 -1.804345
v 0.269612 2.090013 -1.804345
v 0.731227 2.090013 -2.918782
v 0.900890 2.090014 -2.749120
v 0.047937 2.090013 -1.896166
v 0.269612 2.090014 -3.010603
v -0.121726 2.090014 -2.065829
v 0.992711 2.090014 -2.527444
v 0.894112 2.204066 -2.070358
v 0.224253 1.798716 -3.238637
v 0.224253 1.798716 -1.576312
v 0.509552 2.090014 -3.010603
v -0.081234 1.798716 -1.702849
v 1.094207 1.798716 -2.878290
v -0.315044 1.798716 -1.936659
v 1.220744 1.798716 -2.572803
v -0.441581 1.798716 -2.242146
v 1.220744 1.798716 -2.242146
v -0.441581 1.798716 -2.572803
v 1.094207 1.798716 -1.936659
v -0.315044 1.798716 -2.878290
v 0.860397 1.798716 -1.702849
v -0.081234 1.798716 -3.112100
v 0.554910 1.798716 -1.576312
v -0.261161 2.401228 -1.972662
v -0.114949 2.204066 -2.744591
v 0.726698 2.204066 -1.902944
v 0.052466 2.204066 -2.912005
v 0.507962 2.204066 -1.812340
v 0.507962 2.204066 -3.002609
v 0.271202 2.204066 -3.002609
v 0.271202 2.204066 -1.812340
v 0.726698 2.204066 -2.912005
v 0.052466 2.204066 -1.902944
v 0.894112 2.204066 -2.744591
v -0.114948 2.204066 -2.070358
v 0.984716 2.204066 -2.525854
v -0.205552 2.204066 -2.289095
v 0.984716 2.204066 -2.289095
v -0.205552 2.204066 -2.525854
v 1.157185 2.401228 -2.560160
v -0.378021 2.401228 -2.254789
v 1.157185 2.401228 -2.254789
v -0.378021 2.401228 -2.560160
v 1.040325 2.401228 -1.972662
v -0.261161 2.401228 -2.842287
v 0.824394 2.401228 -1.756732
v -0.045230 2.401228 -3.058217
v 0.542268 2.401228 -1.639871
v 0.542268 2.401228 -3.175078
v 0.236896 2.401228 -3.175078
v 0.236896 2.401228 -1.639871
v 0.824394 2.401228 -3.058217
v -0.045230 2.401228 -1.756732
v 1.040325 2.401228 -2.842287
v 0.536476 1.890760 -3.145959
v 0.521520 1.977114 -3.070774
v 0.807900 1.890761 -3.033532
v 0.765311 1.977114 -2.969793
v 1.015639 1.890761 -2.825793
v 0.951900 1.977114 -2.783204
v 1.128067 1.890761 -2.554368
v 1.052882 1.977114 -2.539413
v 1.128067 1.890761 -2.260581
v 1.052882 1.977114 -2.275536
v 1.015639 1.890760 -1.989156
v 0.951900 1.977114 -2.031745
v 0.807900 1.890761 -1.781417
v 0.765311 1.977114 -1.845156
v 0.536476 1.890760 -1.668989
v 0.521521 1.977114 -1.744174
v 0.242688 1.890761 -1.668989
v 0.257643 1.977114 -1.744174
v -0.028736 1.890761 -1.781417
v 0.013853 1.977114 -1.845156
v -0.236475 1.890761 -1.989156
v -0.172737 1.977114 -2.031745
v -0.348903 1.890761 -2.260581
v -0.273718 1.977114 -2.275536
v -0.348903 1.890761 -2.554368
v -0.273718 1.977114 -2.539413
v -0.236475 1.890760 -2.825793
v -0.172737 1.977114 -2.783204
v -0.028736 1.890760 -3.033532
v 0.013853 1.977114 -2.969793
v 0.242688 1.890761 -3.145959
v 0.257643 1.977114 -3.070774
v 0.554910 1.798716 -3.238637
v 0.505738 0.065783 -2.991431
v 0.488423 0.014222 -2.904384
v 0.720367 0.065783 -2.902529
v 0.671059 0.014222 -2.828734
v 0.884637 0.065783 -2.738260
v 0.810842 0.014222 -2.688951
v 0.973539 0.065783 -2.523631
v 0.886492 0.014222 -2.506316
v 0.973539 0.065783 -2.291318
v 0.886492 0.014222 -2.308633
v 0.884637 0.065783 -2.076689
v 0.810842 0.014222 -2.125998
v 0.720367 0.065783 -1.912420
v 0.671059 0.014222 -1.986215
v 0.505738 0.065783 -1.823518
v 0.488423 0.014222 -1.910565
v 0.273426 0.065783 -1.823518
v 0.290740 0.014222 -1.910565
v 0.058797 0.065783 -1.912420
v 0.108105 0.014222 -1.986215
v -0.105473 0.065783 -2.076690
v -0.031678 0.014222 -2.125998
v -0.194375 0.065783 -2.291318
v -0.107328 0.014222 -2.308633
v -0.194375 0.065783 -2.523631
v -0.107328 0.014222 -2.506316
v -0.105473 0.065783 -2.738260
v -0.031678 0.014222 -2.688951
v 0.058797 0.065783 -2.902529
v 0.108105 0.014222 -2.828734
v 0.273426 0.065783 -2.991431
v 0.290740 0.014222 -2.904384
v 0.389582 0.000880 -2.407475
v 0.541256 0.331356 -3.169992
v 0.821514 0.331356 -3.053906
v -0.042350 0.331356 -3.053906
v -0.256850 0.331356 -2.839406
v -0.372936 0.331356 -2.559149
v -0.372936 0.331356 -2.255800
v -0.256850 0.331356 -1.975543
v -0.042350 0.331356 -1.761043
v 0.237908 0.331356 -1.644956
v 0.541256 0.331356 -1.644956
v 0.821514 0.331356 -1.761043
v 1.036013 0.331356 -1.975543
v 1.152100 0.331356 -2.255800
v 1.152100 0.331356 -2.559149
v 1.036013 0.331356 -2.839406
v 0.237908 0.331356 -3.169992
v 0.945019 2.301244 -2.778605
v 0.018451 2.301244 -1.852038
v 0.760713 2.301244 -2.962911
v 0.259258 2.301244 -1.752292
v 0.259258 2.301244 -3.062656
v 0.519906 2.301244 -3.062656
v 0.519906 2.301244 -1.752292
v 0.018451 2.301244 -2.962911
v 0.760713 2.301244 -1.852038
v -0.165855 2.301244 -2.778605
v 0.945019 2.301244 -2.036344
v -0.265600 2.301244 -2.537798
v 1.044764 2.301244 -2.277151
v -0.265600 2.301244 -2.277151
v 1.044764 2.301244 -2.537798
v -0.165855 2.301244 -2.036344
v -0.157804 1.052501 -0.793334
v 0.672556 1.052501 -0.449387
v 0.793334 1.052501 -0.157803
v 0.793334 1.052501 0.157805
v 0.672556 1.052501 0.449389
v 0.449388 1.052501 0.672557
v 0.157804 1.052501 0.793335
v -0.157804 1.052501 0.793335
v -0.449388 1.052501 0.672557
v -0.672556 1.052501 0.449389
v -0.793334 1.052501 0.157805
v -0.793334 1.052501 -0.157804
v -0.672556 1.052501 -0.449387
v -0.449388 1.052501 -0.672555
v 0.170081 2.592207 0.855056
v 0.449388 1.052501 -0.672555
v 0.157804 1.052501 -0.793334
v -0.713141 3.824752 -0.141852
v 0.170081 2.592206 -0.855054
v -0.855055 2.592207 -0.170080
v 0.724880 2.592207 0.484350
v -0.724880 2.592207 0.484350
v -0.170081 2.592206 -0.855054
v 0.855055 2.592207 -0.170080
v -0.170081 2.592206 0.855056
v -0.724880 2.592207 -0.484349
v 0.484350 2.592207 -0.724880
v 0.484350 2.592207 0.724881
v -0.855055 2.592207 0.170082
v 0.855055 2.592207 0.170082
v -0.484350 2.592207 0.724881
v -0.484350 2.592207 -0.724880
v 0.724880 2.592207 -0.484349
v 0.604571 3.824752 0.403962
v -0.604572 3.824752 -0.403961
v 0.403962 3.824752 0.604573
v -0.403962 3.824752 -0.604570
v 0.141852 3.824752 0.713141
v 0.141852 3.824752 -0.713140
v -0.141853 3.824752 -0.713140
v -0.141852 3.824752 0.713141
v 0.403962 3.824752 -0.604571
v -0.403962 3.824752 0.604572
v 0.604571 3.824752 -0.403961
v -0.604572 3.824752 0.403962
v 0.713141 3.824752 -0.141852
v -0.713140 3.824752 0.141853
v 0.713141 3.824752 0.141853
v 0.263793 4.222443 -0.394794
v 0.251783 4.611508 0.168237
v -0.092632 4.222443 -0.465691
v -0.092632 4.222443 0.465693
v -0.263794 4.222443 0.394796
v 0.394795 4.222443 -0.263793
v -0.394795 4.222443 0.263794
v 0.465692 4.222443 -0.092631
v -0.465692 4.222443 0.092633
v 0.465692 4.222443 0.092633
v -0.465692 4.222443 -0.092631
v 0.394795 4.222443 0.263795
v -0.394795 4.222443 -0.263793
v 0.263793 4.222443 0.394795
v -0.263794 4.222443 -0.394794
v 0.092632 4.222443 0.465693
v -0.350530 4.739699 0.234217
v -0.251784 4.611509 -0.168236
v 0.168236 4.611508 0.251784
v -0.168236 4.611508 -0.251783
v 0.059077 4.611508 0.296999
v 0.059077 4.611508 -0.296998
v -0.059077 4.611508 -0.296998
v -0.059077 4.611508 0.296999
v 0.168236 4.611508 -0.251783
v -0.168236 4.611508 0.251785
v 0.251783 4.611508 -0.168236
v -0.251784 4.611508 0.168237
v 0.296999 4.611508 -0.059076
v -0.296999 4.611508 0.059077
v 0.296999 4.611508 0.059077
v -0.296999 4.611508 -0.059076
v 0.413478 4.739699 -0.082245
v -0.413478 4.739699 0.082247
v 0.413478 4.739699 0.082247
v -0.413478 4.739699 -0.082245
v 0.350530 4.739699 0.234217
v -0.350530 4.739699 -0.234216
v 0.234216 4.739699 0.350530
v -0.234216 4.739699 -0.350529
v 0.082246 4.739699 0.413479
v 0.082246 4.739699 -0.413477
v -0.082246 4.739699 -0.413477
v -0.082246 4.739699 0.413479
v 0.234216 4.739699 -0.350529
v -0.234217 4.739699 0.350531
v 0.350530 4.739699 -0.234216
v 0.063382 4.324331 -0.318642
v 0.056216 4.378891 -0.282618
v 0.180497 4.324332 -0.270132
v 0.160091 4.378891 -0.239592
v 0.270132 4.324332 -0.180496
v 0.239592 4.378890 -0.160090
v 0.318643 4.324331 -0.063381
v 0.282619 4.378891 -0.056216
v 0.318643 4.324331 0.063383
v 0.282619 4.378891 0.056217
v 0.270132 4.324331 0.180497
v 0.239593 4.378891 0.160091
v 0.180497 4.324332 0.270133
v 0.160091 4.378890 0.239593
v 0.063382 4.324332 0.318644
v 0.056216 4.378890 0.282619
v -0.063382 4.324332 0.318644
v -0.056216 4.378891 0.282619
v -0.180497 4.324332 0.270133
v -0.160091 4.378891 0.239593
v -0.270133 4.324332 0.180498
v -0.239593 4.378891 0.160091
v -0.318643 4.324332 0.063383
v -0.282619 4.378890 0.056217
v -0.318643 4.324332 -0.063381
v -0.282619 4.378891 -0.056216
v -0.270133 4.324332 -0.180496
v -0.239593 4.378891 -0.160090
v -0.180497 4.324332 -0.270132
v -0.160091 4.378890 -0.239592
v -0.063382 4.324332 -0.318642
v -0.056216 4.378891 -0.282618
v 0.092632 4.222443 -0.465692
v 0.091741 0.014682 -0.461213
v 0.078066 0.000288 -0.392462
v 0.261256 0.014682 -0.390997
v 0.222312 0.000288 -0.332713
v 0.390998 0.014682 -0.261255
v 0.332714 0.000288 -0.222312
v 0.461213 0.014682 -0.091740
v 0.392463 0.000288 -0.078065
v 0.461213 0.014682 0.091742
v 0.392463 0.000288 0.078066
v 0.390998 0.014682 0.261257
v 0.332714 0.000288 0.222313
v 0.261256 0.014682 0.390998
v 0.222312 0.000288 0.332715
v 0.091741 0.014682 0.461214
v 0.078066 0.000288 0.392463
v -0.091741 0.014682 0.461214
v -0.078066 0.000288 0.392463
v -0.261256 0.014682 0.390998
v -0.222312 0.000288 0.332715
v -0.390998 0.014682 0.261257
v -0.332714 0.000288 0.222313
v -0.461213 0.014682 0.091742
v -0.392463 0.000288 0.078067
v -0.461213 0.014682 -0.091740
v -0.392463 0.000288 -0.078065
v -0.390998 0.014682 -0.261256
v -0.332714 0.000288 -0.222312
v -0.261256 0.014682 -0.390997
v -0.222312 0.000288 -0.332713
v -0.091741 0.014682 -0.461213
v -0.078066 0.000288 -0.392462
v 0.000000 0.000000 0.000000
v 0.119793 0.226287 -0.602241
v 0.341143 0.226287 -0.510556
v -0.341143 0.226287 -0.510556
v -0.510556 0.226287 -0.341142
v -0.602242 0.226287 -0.119792
v -0.602242 0.226287 0.119794
v -0.510556 0.226287 0.341143
v -0.341143 0.226287 0.510557
v -0.119793 0.226287 0.602243
v 0.119793 0.226287 0.602243
v 0.341143 0.226287 0.510557
v 0.510556 0.226287 0.341143
v 0.602242 0.226287 0.119794
v 0.602242 0.226287 -0.119793
v 0.510556 0.226287 -0.341142
v -0.119793 0.226287 -0.602241
v 0.297635 4.688723 -0.198873
v -0.198874 4.688723 0.297636
v 0.198873 4.688723 -0.297634
v -0.069835 4.688723 0.351085
v -0.069835 4.688723 -0.351084
v 0.069835 4.688723 -0.351084
v 0.069835 4.688723 0.351086
v -0.198874 4.688723 -0.297635
v 0.198873 4.688723 0.297636
v -0.297635 4.688723 -0.198873
v 0.297635 4.688723 0.198874
v -0.351085 4.688723 -0.069834
v 0.351085 4.688723 0.069836
v -0.351085 4.688723 0.069836
v 0.351085 4.688723 -0.069834
v -0.297635 4.688723 0.198874
v 0.245818 0.784789 1.319943
v 1.297164 0.784789 1.755425
v 1.450084 0.784789 2.124609
v 1.450084 0.784789 2.524210
v 1.297163 0.784789 2.893394
v 1.014602 0.784789 3.175954
v 0.645419 0.784789 3.328875
v 0.245817 0.784789 3.328875
v -0.123366 0.784789 3.175954
v -0.405927 0.784789 2.893393
v -0.558848 0.784789 2.524210
v -0.558848 0.784789 2.124609
v -0.405927 0.784789 1.755425
v -0.123366 0.784789 1.472864
v 0.660964 1.260788 3.407022
v 1.014602 0.784789 1.472864
v 0.645419 0.784789 1.319943
v -0.457312 1.626422 2.144805
v 0.660964 1.260788 1.241797
v -0.636994 1.260788 2.109064
v 1.363413 1.260788 2.937660
v -0.472176 1.260788 2.937660
v 0.230273 1.260788 1.241797
v 1.528230 1.260788 2.109064
v 0.230273 1.260788 3.407022
v -0.472176 1.260788 1.711159
v 1.058869 1.260788 1.406615
v 1.058869 1.260788 3.242204
v -0.636994 1.260788 2.539754
v 1.528231 1.260788 2.539754
v -0.167632 1.260788 3.242204
v -0.167632 1.260788 1.406615
v 1.363413 1.260788 1.711159
v 1.211086 1.626422 2.835878
v -0.319849 1.626422 1.812940
v 0.957088 1.626422 3.089877
v -0.065851 1.626422 1.558942
v 0.625222 1.626422 3.227340
v 0.625223 1.626422 1.421479
v 0.266014 1.626422 1.421479
v 0.266014 1.626422 3.227340
v 0.957088 1.626422 1.558942
v -0.065850 1.626422 3.089877
v 1.211086 1.626422 1.812940
v -0.319849 1.626422 2.835878
v 1.348549 1.626422 2.144805
v -0.457312 1.626422 2.504013
v 1.348548 1.626422 2.504013
v 0.779615 1.783586 1.824547
v 0.764409 2.216774 2.537419
v 0.328334 1.783586 1.734782
v 0.328334 1.783586 2.914037
v 0.111621 1.783586 2.824272
v 0.945481 1.783586 1.990412
v -0.054244 1.783586 2.658407
v 1.035246 1.783586 2.207125
v -0.144010 1.783586 2.441694
v 1.035246 1.783586 2.441694
v -0.144010 1.783586 2.207125
v 0.945481 1.783586 2.658407
v -0.054244 1.783586 1.990412
v 0.779615 1.783586 2.824272
v 0.111621 1.783586 1.824547
v 0.562902 1.783586 2.914037
v 0.001801 2.379079 2.620958
v 0.126827 2.216773 2.111400
v 0.658627 2.216774 2.643201
v 0.232609 2.216774 2.005618
v 0.520417 2.216774 2.700449
v 0.520417 2.216774 1.948369
v 0.370820 2.216774 1.948369
v 0.370819 2.216774 2.700449
v 0.658627 2.216774 2.005618
v 0.232609 2.216774 2.643201
v 0.764409 2.216774 2.111400
v 0.126827 2.216774 2.537419
v 0.821658 2.216774 2.249610
v 0.069578 2.216774 2.399208
v 0.821658 2.216774 2.399209
v 0.069578 2.216773 2.249610
v 0.969136 2.379079 2.220275
v -0.077899 2.379079 2.428544
v 0.969136 2.379079 2.428543
v -0.077899 2.379079 2.220275
v 0.889435 2.379079 2.620959
v 0.001801 2.379079 2.027860
v 0.742167 2.379079 2.768226
v 0.149069 2.379079 1.880592
v 0.549752 2.379079 2.847927
v 0.549752 2.379079 1.800891
v 0.341484 2.379079 1.800891
v 0.341484 2.379079 2.847927
v 0.742167 2.379079 1.880592
v 0.149069 2.379079 2.768226
v 0.889435 2.379079 2.027860
v 0.525868 1.855173 1.920965
v 0.516795 1.922248 1.966577
v 0.674151 1.855172 1.982386
v 0.648314 1.922248 2.021053
v 0.787642 1.855172 2.095876
v 0.748974 1.922248 2.121713
v 0.849062 1.855173 2.244159
v 0.803451 1.922248 2.253232
v 0.849063 1.855173 2.404659
v 0.803451 1.922248 2.395587
v 0.787642 1.855173 2.552942
v 0.748974 1.922248 2.527105
v 0.674151 1.855172 2.666433
v 0.648314 1.922248 2.627765
v 0.525868 1.855172 2.727854
v 0.516796 1.922248 2.682242
v 0.365368 1.855172 2.727853
v 0.374441 1.922248 2.682242
v 0.217085 1.855172 2.666433
v 0.242922 1.922248 2.627765
v 0.103595 1.855172 2.552942
v 0.142262 1.922248 2.527105
v 0.042174 1.855172 2.404660
v 0.087786 1.922248 2.395586
v 0.042174 1.855172 2.244159
v 0.087786 1.922248 2.253232
v 0.103595 1.855172 2.095876
v 0.142262 1.922248 2.121713
v 0.217086 1.855172 1.982386
v 0.242922 1.922248 2.021054
v 0.365368 1.855172 1.920965
v 0.374441 1.922248 1.966577
v 0.562903 1.783586 1.734782
v 0.561775 0.065783 1.740453
v 0.544460 0.014222 1.827500
v 0.776403 0.065783 1.829355
v 0.727096 0.014222 1.903150
v 0.940673 0.065783 1.993624
v 0.866878 0.014222 2.042933
v 1.029575 0.065783 2.208253
v 0.942528 0.014222 2.225568
v 1.029575 0.065783 2.440566
v 0.942528 0.014222 2.423251
v 0.940673 0.065783 2.655194
v 0.866878 0.014222 2.605886
v 0.776403 0.065783 2.819464
v 0.727095 0.014222 2.745669
v 0.561775 0.065783 2.908366
v 0.544460 0.014222 2.821319
v 0.329462 0.065783 2.908366
v 0.346777 0.014222 2.821319
v 0.114833 0.065783 2.819464
v 0.164142 0.014222 2.745669
v -0.049436 0.065783 2.655194
v 0.024359 0.014222 2.605886
v -0.138339 0.065783 2.440566
v -0.051292 0.014222 2.423251
v -0.138339 0.065783 2.208253
v -0.051292 0.014222 2.225568
v -0.049436 0.065783 1.993624
v 0.024359 0.014222 2.042933
v 0.114833 0.065783 1.829354
v 0.164141 0.014222 1.903150
v 0.329462 0.065783 1.740452
v 0.346777 0.014222 1.827500
v 0.445618 0.000880 2.324409
v 0.597293 0.331356 1.561891
v 0.877550 0.331356 1.677978
v 0.013686 0.331356 1.677978
v -0.200813 0.331356 1.892478
v -0.316900 0.331356 2.172735
v -0.316900 0.331356 2.476084
v -0.200813 0.331356 2.756341
v 0.013687 0.331356 2.970840
v 0.293944 0.331356 3.086927
v 0.597293 0.331356 3.086927
v 0.877550 0.331356 2.970841
v 1.092050 0.331356 2.756341
v 1.208136 0.331356 2.476084
v 1.208136 0.331356 2.172735
v 1.092050 0.331356 1.892477
v 0.293944 0.331356 1.561891
v 0.822464 2.314537 2.072609
v 0.193818 2.314537 2.701255
v 0.697418 2.314537 1.947564
v 0.357198 2.314537 2.768929
v 0.357198 2.314537 1.879889
v 0.534039 2.314537 1.879890
v 0.534039 2.314537 2.768929
v 0.193818 2.314538 1.947564
v 0.697418 2.314537 2.701254
v 0.068773 2.314537 2.072609
v 0.822464 2.314537 2.576210
v 0.001099 2.314537 2.235989
v 0.890138 2.314537 2.412830
v 0.001099 2.314538 2.412830
v 0.890138 2.314537 2.235989
v 0.068773 2.314537 2.576210
v 0.389582 1.029611 -3.441136
v 0.785147 1.029611 -3.362453
v 1.120491 1.029611 -3.138384
v 1.344561 1.029611 -2.803040
v 1.423244 1.029611 -2.407475
v 1.344561 1.029611 -2.011909
v 1.120491 1.029611 -1.676566
v 0.785147 1.029611 -1.452495
v 0.389582 1.029611 -1.373813
v -0.005983 1.029611 -1.452496
v -0.341327 1.029611 -1.676565
v -0.565397 1.029611 -2.011909
v -0.644080 1.029611 -2.407475
v -0.565397 1.029611 -2.803040
v -0.341327 1.029611 -3.138384
v -0.005983 1.029611 -3.362453
v 0.776909 1.456045 -3.342564
v 0.389582 1.456045 -3.419608
v 1.105268 1.456045 -3.123161
v 1.324672 1.456045 -2.794801
v 1.401716 1.456045 -2.407475
v 1.324672 1.456045 -2.020148
v 1.105268 1.456045 -1.691788
v 0.776909 1.456045 -1.472385
v 0.389582 1.456045 -1.395341
v 0.002255 1.456045 -1.472385
v -0.326105 1.456045 -1.691788
v -0.545508 1.456045 -2.020148
v -0.622552 1.456045 -2.407475
v -0.545508 1.456045 -2.794801
v -0.326105 1.456045 -3.123161
v 0.002255 1.456045 -3.342564
v 0.722244 1.689038 -3.210591
v 0.389582 1.689038 -3.276762
v 1.004261 1.689038 -3.022154
v 1.192698 1.689038 -2.740136
v 1.258869 1.689038 -2.407475
v 1.192698 1.689038 -2.074812
v 1.004261 1.689038 -1.792796
v 0.722244 1.689038 -1.604358
v 0.389582 1.689038 -1.538187
v 0.056920 1.689038 -1.604358
v -0.225097 1.689038 -1.792796
v -0.413535 1.689038 -2.074813
v -0.479706 1.689038 -2.407475
v -0.413535 1.689038 -2.740136
v -0.225097 1.689038 -3.022154
v 0.056920 1.689038 -3.210591
v 0.596580 2.146125 -2.907212
v 0.389582 2.146125 -2.948386
v 0.772064 2.146125 -2.789957
v 0.889319 2.146125 -2.614472
v 0.930494 2.146125 -2.407475
v 0.889319 2.146125 -2.200476
v 0.772064 2.146125 -2.024992
v 0.596580 2.146125 -1.907737
v 0.389582 2.146125 -1.866562
v 0.182584 2.146125 -1.907737
v 0.007099 2.146125 -2.024992
v -0.110156 2.146125 -2.200476
v -0.151330 2.146125 -2.407474
v -0.110156 2.146125 -2.614472
v 0.007099 2.146125 -2.789957
v 0.182584 2.146125 -2.907212
v 0.610814 2.285721 -2.941576
v 0.389582 2.285721 -2.985582
v 0.798366 2.285721 -2.816258
v 0.923684 2.285721 -2.628706
v 0.967689 2.285721 -2.407475
v 0.923684 2.285721 -2.186242
v 0.798366 2.285721 -1.998691
v 0.610814 2.285721 -1.873373
v 0.389582 2.285721 -1.829367
v 0.168350 2.285721 -1.873373
v -0.019202 2.285721 -1.998691
v -0.144520 2.285721 -2.186242
v -0.188525 2.285721 -2.407474
v -0.144520 2.285721 -2.628706
v -0.019202 2.285721 -2.816258
v 0.168350 2.285721 -2.941576
v 0.614883 2.001251 -2.951401
v 0.678020 1.806211 -3.103825
v 0.645758 1.891136 -3.025938
v 0.389582 1.806211 -3.161199
v 0.389582 2.001251 -2.996216
v 0.389582 1.891136 -3.076894
v 0.805885 2.001251 -2.823777
v 0.922546 1.806211 -2.940438
v 0.862933 1.891136 -2.880826
v 0.933508 2.001250 -2.632776
v 1.085932 1.806211 -2.695912
v 1.008045 1.891136 -2.663650
v 0.978323 2.001250 -2.407474
v 1.143306 1.806212 -2.407475
v 1.059002 1.891136 -2.407475
v 0.933508 2.001250 -2.182173
v 1.085932 1.806212 -2.119037
v 1.008045 1.891136 -2.151299
v 0.805885 2.001250 -1.991171
v 0.922546 1.806211 -1.874511
v 0.862933 1.891136 -1.934123
v 0.614883 2.001251 -1.863548
v 0.678020 1.806211 -1.711124
v 0.645758 1.891136 -1.789011
v 0.389582 2.001250 -1.818733
v 0.389582 1.806211 -1.653750
v 0.389582 1.891136 -1.738055
v 0.164280 2.001250 -1.863548
v 0.101144 1.806211 -1.711124
v 0.133406 1.891136 -1.789011
v -0.026721 2.001251 -1.991171
v -0.143382 1.806211 -1.874511
v -0.083769 1.891136 -1.934123
v -0.154344 2.001251 -2.182173
v -0.306769 1.806212 -2.119036
v -0.228881 1.891136 -2.151299
v -0.199159 2.001251 -2.407474
v -0.364143 1.806212 -2.407475
v -0.279838 1.891136 -2.407474
v -0.154344 2.001250 -2.632776
v -0.306769 1.806211 -2.695912
v -0.228881 1.891136 -2.663650
v -0.026721 2.001251 -2.823777
v -0.143382 1.806211 -2.940438
v -0.083769 1.891136 -2.880826
v 0.164280 2.001250 -2.951401
v 0.101144 1.806211 -3.103825
v 0.133406 1.891136 -3.025938
v 0.389582 0.066341 -2.823473
v 0.389582 0.190111 -3.019689
v 0.389582 0.083940 -2.933413
v 0.548778 0.066341 -2.791807
v 0.623866 0.190111 -2.973087
v 0.590850 0.083940 -2.893378
v 0.683738 0.066341 -2.701630
v 0.822483 0.190111 -2.840376
v 0.761476 0.083940 -2.779369
v 0.773915 0.066341 -2.566670
v 0.955194 0.190111 -2.641759
v 0.875485 0.083940 -2.608742
v 0.805581 0.066341 -2.407475
v 1.001796 0.190111 -2.407475
v 0.915520 0.083940 -2.407475
v 0.773915 0.066341 -2.248279
v 0.955195 0.190111 -2.173190
v 0.875485 0.083940 -2.206207
v 0.683738 0.066341 -2.113319
v 0.822483 0.190111 -1.974573
v 0.761476 0.083940 -2.035580
v 0.548778 0.066341 -2.023142
v 0.623866 0.190111 -1.841862
v 0.590850 0.083940 -1.921571
v 0.389582 0.066341 -1.991476
v 0.389582 0.190111 -1.795260
v 0.389582 0.083940 -1.881536
v 0.230386 0.066341 -2.023142
v 0.155298 0.190111 -1.841862
v 0.188314 0.083940 -1.921571
v 0.095426 0.066341 -2.113319
v -0.043319 0.190111 -1.974573
v 0.017688 0.083940 -2.035580
v 0.005249 0.066341 -2.248279
v -0.176031 0.190111 -2.173190
v -0.096322 0.083940 -2.206207
v -0.026417 0.066341 -2.407475
v -0.222633 0.190111 -2.407475
v -0.136356 0.083940 -2.407475
v 0.005249 0.066341 -2.566670
v -0.176031 0.190111 -2.641759
v -0.096322 0.083940 -2.608742
v 0.095426 0.066341 -2.701630
v -0.043319 0.190111 -2.840376
v 0.017688 0.083940 -2.779369
v 0.230386 0.066341 -2.791807
v 0.155298 0.190111 -2.973087
v 0.188314 0.083940 -2.893378
v 0.389582 0.584176 -3.266139
v 0.718179 0.584176 -3.200777
v 0.060985 0.584176 -3.200777
v 0.996750 0.584176 -3.014642
v 1.182885 0.584176 -2.736071
v 1.248247 0.584176 -2.407475
v 1.182885 0.584176 -2.078878
v 0.996750 0.584176 -1.800307
v 0.718179 0.584176 -1.614172
v 0.389582 0.584176 -1.548810
v 0.060985 0.584176 -1.614172
v -0.217586 0.584176 -1.800307
v -0.403721 0.584176 -2.078878
v -0.469083 0.584176 -2.407475
v -0.403721 0.584176 -2.736071
v -0.217586 0.584176 -3.014642
v -0.091609 2.395157 -1.926283
v -0.239125 2.395157 -2.147056
v 1.018289 2.395157 -2.667893
v 1.070090 2.395157 -2.407475
v -0.290926 2.395157 -2.407475
v 1.018289 2.395157 -2.147055
v -0.239125 2.395157 -2.667893
v 0.870773 2.395157 -1.926283
v -0.091610 2.395157 -2.888666
v 0.650001 2.395157 -1.778767
v 0.129163 2.395157 -3.036181
v 0.389582 2.395157 -1.726967
v 0.389582 2.395157 -3.087982
v 0.650001 2.395157 -3.036181
v 0.129163 2.395157 -1.778767
v 0.870774 2.395157 -2.888666
v -0.000000 1.763077 -0.803363
v 0.307434 1.763077 -0.742210
v 0.568064 1.763077 -0.568063
v 0.742211 1.763077 -0.307433
v 0.803364 1.763078 0.000001
v 0.742211 1.763077 0.307435
v 0.568064 1.763078 0.568064
v 0.307434 1.763077 0.742212
v 0.000000 1.763077 0.803364
v -0.307434 1.763077 0.742212
v -0.568064 1.763078 0.568065
v -0.742211 1.763077 0.307435
v -0.803364 1.763077 0.000000
v -0.742211 1.763077 -0.307433
v -0.568064 1.763078 -0.568063
v -0.307434 1.763077 -0.742211
v 0.293280 3.333633 -0.708041
v -0.000000 3.333633 -0.766378
v 0.541912 3.333633 -0.541911
v 0.708042 3.333633 -0.293280
v 0.766379 3.333634 0.000000
v 0.708042 3.333633 0.293281
v 0.541912 3.333633 0.541913
v 0.293280 3.333633 0.708042
v 0.000000 3.333633 0.766380
v -0.293280 3.333633 0.708043
v -0.541912 3.333633 0.541913
v -0.708042 3.333633 0.293281
v -0.766379 3.333633 0.000001
v -0.708042 3.333633 -0.293280
v -0.541912 3.333633 -0.541911
v -0.293280 3.333633 -0.708041
v 0.210250 4.053178 -0.507586
v -0.000000 4.053178 -0.549408
v 0.388491 4.053178 -0.388490
v 0.507587 4.053178 -0.210249
v 0.549409 4.053178 0.000000
v 0.507587 4.053178 0.210250
v 0.388491 4.053178 0.388491
v 0.210250 4.053178 0.507588
v 0.000000 4.053178 0.549409
v -0.210250 4.053178 0.507588
v -0.388490 4.053178 0.388491
v -0.507587 4.053178 0.210250
v -0.549409 4.053178 0.000001
v -0.507587 4.053178 -0.210249
v -0.388490 4.053178 -0.388489
v -0.210250 4.053178 -0.507587
v 0.086470 4.564868 -0.208755
v 0.000000 4.564867 -0.225955
v 0.159775 4.564867 -0.159775
v 0.208756 4.564868 -0.086469
v 0.225956 4.564867 0.000001
v 0.208756 4.564867 0.086470
v 0.159775 4.564867 0.159776
v 0.086470 4.564868 0.208757
v 0.000000 4.564868 0.225957
v -0.086470 4.564867 0.208757
v -0.159775 4.564867 0.159775
v -0.208756 4.564867 0.086470
v -0.225956 4.564868 0.000000
v -0.208756 4.564867 -0.086469
v -0.159775 4.564867 -0.159775
v -0.086470 4.564868 -0.208755
v 0.106941 4.691977 -0.258177
v -0.000000 4.691977 -0.279449
v 0.197601 4.691977 -0.197600
v 0.258178 4.691976 -0.106940
v 0.279449 4.691977 0.000001
v 0.258178 4.691977 0.106941
v 0.197601 4.691977 0.197601
v 0.106940 4.691976 0.258178
v 0.000000 4.691977 0.279450
v -0.106941 4.691976 0.258178
v -0.197601 4.691976 0.197601
v -0.258178 4.691976 0.106941
v -0.279449 4.691976 0.000001
v -0.258178 4.691976 -0.106940
v -0.197601 4.691976 -0.197599
v -0.106941 4.691977 -0.258177
v 0.084380 4.414657 -0.203711
v 0.131574 4.237862 -0.317647
v 0.096000 4.317075 -0.231763
v 0.000000 4.237862 -0.343819
v 0.000000 4.414657 -0.220495
v -0.000000 4.317075 -0.250858
v 0.155914 4.414657 -0.155913
v 0.243117 4.237862 -0.243116
v 0.177384 4.317075 -0.177384
v 0.203711 4.414657 -0.084379
v 0.317648 4.237862 -0.131573
v 0.231764 4.317075 -0.095999
v 0.220496 4.414657 0.000001
v 0.343819 4.237863 0.000000
v 0.250859 4.317075 0.000000
v 0.203711 4.414657 0.084381
v 0.317648 4.237862 0.131574
v 0.231763 4.317075 0.096000
v 0.155914 4.414657 0.155915
v 0.243117 4.237862 0.243118
v 0.177384 4.317075 0.177385
v 0.084380 4.414656 0.203712
v 0.131574 4.237862 0.317649
v 0.096000 4.317075 0.231764
v -0.000000 4.414657 0.220496
v -0.000000 4.237863 0.343820
v -0.000000 4.317075 0.250860
v -0.084380 4.414657 0.203712
v -0.131574 4.237861 0.317648
v -0.095999 4.317075 0.231764
v -0.155914 4.414657 0.155915
v -0.243117 4.237862 0.243118
v -0.177384 4.317075 0.177385
v -0.203711 4.414657 0.084381
v -0.317648 4.237861 0.131575
v -0.231764 4.317075 0.096000
v -0.220496 4.414657 0.000000
v -0.343820 4.237861 0.000001
v -0.250859 4.317075 0.000001
v -0.203711 4.414657 -0.084379
v -0.317648 4.237861 -0.131573
v -0.231764 4.317075 -0.095999
v -0.155914 4.414657 -0.155913
v -0.243117 4.237861 -0.243116
v -0.177384 4.317075 -0.177383
v -0.084380 4.414657 -0.203711
v -0.131574 4.237863 -0.317647
v -0.096000 4.317074 -0.231764
v -0.000000 0.060000 -0.331084
v -0.000000 0.109220 -0.473701
v -0.000000 0.061573 -0.426522
v 0.126701 0.060000 -0.305882
v 0.181278 0.109220 -0.437643
v 0.163223 0.061573 -0.394055
v 0.234113 0.060000 -0.234112
v 0.334958 0.109220 -0.334958
v 0.301597 0.061573 -0.301596
v 0.305883 0.060000 -0.126700
v 0.437644 0.109220 -0.181278
v 0.394055 0.061574 -0.163222
v 0.331085 0.060000 0.000000
v 0.473703 0.109220 0.000000
v 0.426522 0.061574 0.000000
v 0.305883 0.060000 0.126702
v 0.437644 0.109220 0.181279
v 0.394055 0.061574 0.163224
v 0.234113 0.060000 0.234113
v 0.334958 0.109220 0.334959
v 0.301597 0.061573 0.301598
v 0.126701 0.060000 0.305884
v 0.181278 0.109220 0.437645
v 0.163223 0.061573 0.394056
v -0.000000 0.060000 0.331086
v -0.000000 0.109220 0.473703
v -0.000000 0.061573 0.426523
v -0.126701 0.060000 0.305883
v -0.181278 0.109220 0.437644
v -0.163223 0.061573 0.394056
v -0.234113 0.060000 0.234113
v -0.334958 0.109220 0.334959
v -0.301597 0.061573 0.301598
v -0.305883 0.060000 0.126702
v -0.437644 0.109220 0.181279
v -0.394055 0.061574 0.163224
v -0.331085 0.060000 0.000001
v -0.473703 0.109220 0.000000
v -0.426522 0.061574 0.000001
v -0.305883 0.060000 -0.126701
v -0.437644 0.109220 -0.181278
v -0.394055 0.061574 -0.163222
v -0.234113 0.060000 -0.234112
v -0.334958 0.109220 -0.334958
v -0.301597 0.061573 -0.301596
v -0.126701 0.060000 -0.305882
v -0.181278 0.109220 -0.437643
v -0.163223 0.061573 -0.394054
v 0.000000 0.550644 -0.661434
v 0.253120 0.550644 -0.611086
v -0.253120 0.550644 -0.611085
v 0.467705 0.550644 -0.467704
v 0.611086 0.550644 -0.253119
v 0.661435 0.550644 0.000001
v 0.611086 0.550644 0.253121
v 0.467705 0.550644 0.467706
v 0.253120 0.550644 0.611087
v 0.000000 0.550644 0.661435
v -0.253120 0.550644 0.611087
v -0.467705 0.550644 0.467706
v -0.611086 0.550644 0.253121
v -0.661435 0.550644 0.000000
v -0.611086 0.550644 -0.253119
v -0.467705 0.550644 -0.467704
v -0.248954 4.761698 0.248954
v -0.325274 4.761698 0.134733
v 0.325274 4.761698 -0.134732
v 0.352074 4.761698 0.000001
v -0.352074 4.761698 0.000000
v 0.325274 4.761698 0.134733
v -0.325274 4.761698 -0.134732
v 0.248954 4.761698 0.248955
v -0.248954 4.761698 -0.248953
v 0.134733 4.761698 0.325275
v -0.134733 4.761697 -0.325273
v -0.000000 4.761698 0.352074
v -0.000000 4.761698 -0.352073
v 0.134733 4.761698 -0.325273
v -0.134733 4.761698 0.325275
v 0.248954 4.761697 -0.248953
v 0.445618 1.029247 1.290854
v 0.841142 1.029247 1.369529
v 1.176452 1.029247 1.593576
v 1.400498 1.029247 1.928885
v 1.479173 1.029247 2.324409
v 1.400498 1.029247 2.719933
v 1.176452 1.029247 3.055243
v 0.841142 1.029247 3.279289
v 0.445618 1.029247 3.357963
v 0.050094 1.029247 3.279289
v -0.285215 1.029247 3.055243
v -0.509262 1.029247 2.719934
v -0.587936 1.029247 2.324409
v -0.509262 1.029247 1.928885
v -0.285215 1.029247 1.593575
v 0.050094 1.029247 1.369529
v 0.824969 1.446423 1.408574
v 0.445618 1.446423 1.333117
v 1.146568 1.446423 1.623459
v 1.361453 1.446423 1.945058
v 1.436911 1.446423 2.324409
v 1.361453 1.446423 2.703761
v 1.146568 1.446423 3.025359
v 0.824970 1.446423 3.240244
v 0.445618 1.446423 3.315701
v 0.066267 1.446423 3.240244
v -0.255332 1.446423 3.025359
v -0.470217 1.446423 2.703761
v -0.545674 1.446423 2.324409
v -0.470217 1.446423 1.945058
v -0.255331 1.446423 1.623459
v 0.066267 1.446423 1.408574
v 0.726070 1.669706 1.647340
v 0.445618 1.669706 1.591555
v 0.963824 1.669706 1.806203
v 1.122687 1.669706 2.043958
v 1.178473 1.669706 2.324409
v 1.122687 1.669706 2.604860
v 0.963824 1.669706 2.842615
v 0.726069 1.669706 3.001478
v 0.445618 1.669706 3.057263
v 0.165167 1.669706 3.001478
v -0.072588 1.669706 2.842615
v -0.231451 1.669706 2.604860
v -0.287236 1.669706 2.324409
v -0.231451 1.669706 2.043958
v -0.072588 1.669706 1.806203
v 0.165167 1.669706 1.647340
v 0.561152 2.154606 2.045485
v 0.445618 2.154606 2.022504
v 0.659098 2.154606 2.110930
v 0.724543 2.154605 2.208875
v 0.747524 2.154606 2.324409
v 0.724542 2.154606 2.439944
v 0.659098 2.154606 2.537888
v 0.561152 2.154606 2.603333
v 0.445618 2.154606 2.626315
v 0.330084 2.154606 2.603333
v 0.232139 2.154606 2.537889
v 0.166694 2.154606 2.439944
v 0.143713 2.154606 2.324409
v 0.166694 2.154606 2.208875
v 0.232139 2.154606 2.110930
v 0.330084 2.154606 2.045485
v 0.585993 2.309124 1.985515
v 0.445618 2.309124 1.957593
v 0.704997 2.309124 2.065031
v 0.784513 2.309124 2.184035
v 0.812435 2.309124 2.324409
v 0.784513 2.309124 2.464784
v 0.704997 2.309124 2.583787
v 0.585993 2.309124 2.663304
v 0.445618 2.309124 2.691226
v 0.305243 2.309124 2.663304
v 0.186239 2.309123 2.583788
v 0.106724 2.309124 2.464784
v 0.078802 2.309124 2.324409
v 0.106724 2.309124 2.184035
v 0.186240 2.309124 2.065031
v 0.305243 2.309124 1.985515
v 0.558578 1.969207 2.051701
v 0.620166 1.766553 1.903012
v 0.572485 1.852079 2.018126
v 0.445618 1.766553 1.868293
v 0.445618 1.969207 2.029232
v 0.445618 1.852079 1.992890
v 0.654341 1.969207 2.115687
v 0.768141 1.766553 2.001886
v 0.680037 1.852079 2.089990
v 0.718327 1.969207 2.211450
v 0.867015 1.766553 2.149862
v 0.751902 1.852079 2.197543
v 0.740796 1.969207 2.324409
v 0.901735 1.766553 2.324409
v 0.777137 1.852079 2.324409
v 0.718327 1.969207 2.437369
v 0.867015 1.766553 2.498958
v 0.751902 1.852079 2.451276
v 0.654341 1.969207 2.533132
v 0.768141 1.766553 2.646932
v 0.680038 1.852079 2.558828
v 0.558578 1.969207 2.597118
v 0.620167 1.766553 2.745806
v 0.572485 1.852079 2.630693
v 0.445618 1.969207 2.619586
v 0.445618 1.766553 2.780526
v 0.445618 1.852079 2.655928
v 0.332659 1.969207 2.597118
v 0.271070 1.766553 2.745806
v 0.318752 1.852079 2.630693
v 0.236896 1.969207 2.533131
v 0.123095 1.766553 2.646932
v 0.211199 1.852079 2.558828
v 0.172910 1.969207 2.437369
v 0.024221 1.766553 2.498957
v 0.139335 1.852079 2.451276
v 0.150441 1.969207 2.324409
v -0.010498 1.766553 2.324409
v 0.114099 1.852079 2.324409
v 0.172910 1.969207 2.211450
v 0.024222 1.766553 2.149861
v 0.139335 1.852079 2.197542
v 0.236896 1.969207 2.115687
v 0.123095 1.766553 2.001886
v 0.211199 1.852079 2.089990
v 0.332659 1.969207 2.051701
v 0.271070 1.766553 1.903012
v 0.318752 1.852079 2.018126
v 0.445618 0.066340 1.908411
v 0.445618 0.190110 1.712195
v 0.445618 0.083940 1.798471
v 0.604814 0.066340 1.940077
v 0.679903 0.190110 1.758797
v 0.646886 0.083940 1.838506
v 0.739774 0.066340 2.030254
v 0.878520 0.190110 1.891508
v 0.817513 0.083940 1.952515
v 0.829951 0.066340 2.165214
v 1.011231 0.190110 2.090125
v 0.931522 0.083940 2.123142
v 0.861617 0.066340 2.324409
v 1.057833 0.190110 2.324409
v 0.971556 0.083940 2.324409
v 0.829951 0.066340 2.483605
v 1.011231 0.190110 2.558694
v 0.931522 0.083940 2.525677
v 0.739774 0.066340 2.618565
v 0.878520 0.190110 2.757310
v 0.817513 0.083940 2.696304
v 0.604814 0.066340 2.708742
v 0.679903 0.190110 2.890022
v 0.646886 0.083940 2.810313
v 0.445618 0.066340 2.740409
v 0.445618 0.190110 2.936624
v 0.445618 0.083940 2.850347
v 0.286422 0.066340 2.708742
v 0.211334 0.190110 2.890022
v 0.244350 0.083940 2.810313
v 0.151463 0.066340 2.618565
v 0.012717 0.190110 2.757310
v 0.073724 0.083940 2.696304
v 0.061285 0.066340 2.483605
v -0.119994 0.190110 2.558693
v -0.040285 0.083940 2.525677
v 0.029619 0.066340 2.324409
v -0.166596 0.190110 2.324409
v -0.080320 0.083940 2.324409
v 0.061285 0.066340 2.165214
v -0.119994 0.190110 2.090125
v -0.040285 0.083940 2.123141
v 0.151463 0.066340 2.030254
v 0.012717 0.190110 1.891508
v 0.073724 0.083940 1.952514
v 0.286422 0.066340 1.940077
v 0.211334 0.190110 1.758796
v 0.244350 0.083940 1.838506
v 0.445618 0.584176 1.465745
v 0.774215 0.584176 1.531106
v 0.117022 0.584176 1.531106
v 1.052786 0.584176 1.717242
v 1.238921 0.584176 1.995813
v 1.304283 0.584176 2.324409
v 1.238921 0.584176 2.653006
v 1.052786 0.584176 2.931577
v 0.774215 0.584176 3.117712
v 0.445618 0.584176 3.183074
v 0.117022 0.584176 3.117712
v -0.161549 0.584176 2.931577
v -0.347684 0.584176 2.653006
v -0.413047 0.584176 2.324409
v -0.347684 0.584176 1.995813
v -0.161549 0.584176 1.717242
v 0.123342 2.394441 2.646686
v 0.024544 2.394441 2.498824
v 0.866693 2.394441 2.149994
v 0.901386 2.394441 2.324409
v -0.010150 2.394441 2.324409
v 0.866693 2.394441 2.498824
v 0.024544 2.394441 2.149994
v 0.767895 2.394441 2.646686
v 0.123342 2.394441 2.002132
v 0.620033 2.394441 2.745484
v 0.271204 2.394441 1.903335
v 0.445618 2.394441 2.780177
v 0.445618 2.394441 1.868641
v 0.620033 2.394441 1.903335
v 0.271204 2.394441 2.745484
v 0.767895 2.394441 2.002133
v 0.591226 1.029610 -3.421209
v 0.963817 1.029610 -3.266877
v 1.248985 1.029610 -2.981709
v 1.403317 1.029610 -2.609119
v 1.403317 1.029610 -2.205830
v 1.248985 1.029610 -1.833240
v 0.963817 1.029610 -1.548072
v 0.591226 1.029610 -1.393740
v 0.187937 1.029610 -1.393739
v -0.184653 1.029610 -1.548072
v -0.469821 1.029610 -1.833240
v -0.624153 1.029610 -2.205830
v -0.624153 1.029610 -2.609119
v -0.469821 1.029610 -2.981709
v -0.184653 1.029610 -3.266877
v 0.187937 1.029610 -3.421210
v 0.587027 1.456047 -3.400096
v 0.951857 1.456046 -3.248979
v 1.231086 1.456046 -2.969749
v 1.382203 1.456047 -2.604919
v 1.382204 1.456047 -2.210030
v 1.231086 1.456046 -1.845199
v 0.951857 1.456046 -1.565971
v 0.587027 1.456046 -1.414853
v 0.192137 1.456046 -1.414853
v -0.172693 1.456046 -1.565970
v -0.451922 1.456047 -1.845200
v -0.603040 1.456047 -2.210030
v -0.603040 1.456047 -2.604919
v -0.451922 1.456047 -2.969749
v -0.172693 1.456046 -3.248979
v 0.192137 1.456046 -3.400096
v 0.789988 1.257330 -1.440809
v 0.389582 1.257330 -1.361164
v 0.389582 1.257330 -3.453785
v 0.789988 1.257330 -3.374140
v -0.656729 1.257330 -2.407475
v -0.577083 1.257330 -2.807880
v 1.356247 1.257330 -2.007069
v 1.129435 1.257330 -1.667621
v -0.350272 1.257330 -1.667621
v -0.577083 1.257330 -2.007069
v -0.010824 1.257330 -3.374140
v 1.356247 1.257330 -2.807880
v 1.435893 1.257330 -2.407475
v -0.010824 1.257330 -1.440809
v -0.350272 1.257330 -3.147328
v 1.129435 1.257330 -3.147328
v 0.559160 1.689041 -3.260002
v 0.872500 1.689041 -3.130212
v 1.112319 1.689041 -2.890393
v 1.242109 1.689041 -2.577053
v 1.242109 1.689041 -2.237896
v 1.112319 1.689041 -1.924556
v 0.872500 1.689041 -1.684737
v 0.559160 1.689041 -1.554947
v 0.220003 1.689041 -1.554947
v -0.093336 1.689041 -1.684737
v -0.333156 1.689041 -1.924556
v -0.462946 1.689041 -2.237896
v -0.462946 1.689041 -2.577053
v -0.333156 1.689041 -2.890393
v -0.093336 1.689041 -3.130212
v 0.220003 1.689041 -3.260002
v -0.555987 1.594835 -2.407475
v -0.484010 1.594835 -2.769328
v 1.263174 1.594835 -2.045621
v 1.058200 1.594835 -1.738856
v -0.279037 1.594835 -3.076093
v 0.751435 1.594835 -1.533883
v 0.027728 1.594835 -3.281066
v 0.389582 1.594835 -1.461906
v 0.389582 1.594835 -3.353044
v 0.751435 1.594835 -3.281066
v 0.027728 1.594835 -1.533883
v 1.058200 1.594835 -3.076093
v -0.279037 1.594835 -1.738856
v 1.263174 1.594835 -2.769328
v -0.484010 1.594835 -2.045621
v 1.335151 1.594835 -2.407475
v 0.495102 2.146125 -2.937959
v 0.690077 2.146125 -2.857197
v 0.839305 2.146125 -2.707970
v 0.920066 2.146125 -2.512994
v 0.920066 2.146125 -2.301955
v 0.839305 2.146125 -2.106979
v 0.690077 2.146125 -1.957752
v 0.495102 2.146125 -1.876990
v 0.284062 2.146125 -1.876990
v 0.089087 2.146125 -1.957752
v -0.060141 2.146125 -2.106979
v -0.140902 2.146125 -2.301955
v -0.140902 2.146125 -2.512994
v -0.060141 2.146125 -2.707970
v 0.089087 2.146125 -2.857197
v 0.284062 2.146125 -2.937959
v 0.502357 2.285717 -2.974434
v 0.710739 2.285717 -2.888120
v 0.870227 2.285717 -2.728631
v 0.956542 2.285717 -2.520250
v 0.956542 2.285717 -2.294699
v 0.870227 2.285717 -2.086317
v 0.710739 2.285717 -1.926829
v 0.502357 2.285717 -1.840514
v 0.276807 2.285717 -1.840514
v 0.068425 2.285717 -1.926829
v -0.091064 2.285717 -2.086317
v -0.177378 2.285717 -2.294699
v -0.177378 2.285717 -2.520250
v -0.091064 2.285717 -2.728631
v 0.068425 2.285717 -2.888120
v 0.276807 2.285717 -2.974434
v 0.895701 2.220038 -2.197833
v 0.776948 2.220038 -2.020108
v -0.116537 2.220038 -2.617115
v 0.002215 2.220038 -2.794841
v 0.599223 2.220038 -1.901356
v 0.179941 2.220038 -2.913593
v 0.389582 2.220038 -1.859655
v 0.389582 2.220038 -2.955293
v 0.599223 2.220038 -2.913593
v 0.179941 2.220038 -1.901356
v 0.776948 2.220038 -2.794841
v 0.002215 2.220038 -2.020108
v 0.895701 2.220038 -2.617115
v -0.116537 2.220038 -2.197833
v 0.937401 2.220038 -2.407474
v -0.158237 2.220038 -2.407475
v -0.137332 2.448200 -1.880560
v -0.186945 2.342451 -2.168669
v 1.078028 2.448200 -2.692638
v 1.013610 2.342451 -2.407475
v -0.234446 2.342450 -2.407475
v 0.966109 2.342451 -2.168669
v -0.186945 2.342451 -2.646280
v 0.830836 2.342451 -1.966220
v -0.051672 2.342451 -2.848729
v 0.628387 2.342451 -1.830948
v 0.150777 2.342451 -2.984001
v 0.389582 2.342451 -1.783446
v 0.389582 2.448200 -3.152644
v 0.628387 2.342451 -2.984001
v 0.150777 2.342451 -1.830948
v 0.830837 2.342451 -2.848729
v 0.661411 1.848361 -3.063728
v 0.536616 1.806214 -3.146666
v 0.389582 1.848361 -3.117799
v 0.520170 1.891139 -3.063986
v 0.629852 1.941280 -2.987537
v 0.389582 1.941280 -3.035329
v 0.504432 2.001254 -2.984864
v 0.891857 1.848361 -2.909750
v 0.808300 1.806214 -3.034131
v 0.761466 1.891139 -2.964038
v 0.833542 1.941280 -2.851435
v 0.716647 2.001254 -2.896962
v 1.045836 1.848361 -2.679304
v 1.016238 1.806214 -2.826193
v 0.946146 1.891139 -2.779359
v 0.969644 1.941280 -2.647744
v 0.879069 2.001254 -2.734540
v 1.099906 1.848361 -2.407475
v 1.128773 1.806214 -2.554509
v 1.046094 1.891139 -2.538063
v 1.017437 1.941280 -2.407474
v 0.966972 2.001254 -2.522324
v 1.045836 1.848361 -2.135645
v 1.128774 1.806214 -2.260440
v 1.046094 1.891139 -2.276886
v 0.969644 1.941280 -2.167205
v 0.966972 2.001254 -2.292624
v 0.891857 1.848361 -1.905199
v 1.016238 1.806214 -1.988756
v 0.946146 1.891139 -2.035590
v 0.833542 1.941279 -1.963514
v 0.879069 2.001254 -2.080409
v 0.661411 1.848361 -1.751220
v 0.808300 1.806214 -1.780818
v 0.761466 1.891139 -1.850910
v 0.629852 1.941280 -1.827412
v 0.716647 2.001254 -1.917987
v 0.389582 1.848361 -1.697150
v 0.536616 1.806214 -1.668283
v 0.520170 1.891139 -1.750962
v 0.389582 1.941280 -1.779619
v 0.504432 2.001254 -1.830085
v 0.117753 1.848361 -1.751220
v 0.242548 1.806214 -1.668283
v 0.258994 1.891139 -1.750962
v 0.149312 1.941280 -1.827412
v 0.274732 2.001254 -1.830085
v -0.112693 1.848361 -1.905199
v -0.029137 1.806214 -1.780818
v 0.017698 1.891139 -1.850910
v -0.054378 1.941280 -1.963514
v 0.062517 2.001254 -1.917987
v -0.266672 1.848361 -2.135645
v -0.237074 1.806214 -1.988756
v -0.166982 1.891139 -2.035590
v -0.190480 1.941280 -2.167205
v -0.099905 2.001254 -2.080410
v -0.320742 1.848361 -2.407475
v -0.349610 1.806214 -2.260440
v -0.266930 1.891139 -2.276886
v -0.238273 1.941280 -2.407474
v -0.187808 2.001254 -2.292624
v -0.266672 1.848361 -2.679304
v -0.349610 1.806214 -2.554509
v -0.266930 1.891139 -2.538063
v -0.190480 1.941280 -2.647744
v -0.187808 2.001254 -2.522324
v -0.112693 1.848361 -2.909750
v -0.237075 1.806214 -2.826193
v -0.166982 1.891139 -2.779359
v -0.054378 1.941280 -2.851435
v -0.099905 2.001254 -2.734540
v 0.117753 1.848361 -3.063728
v -0.029137 1.806214 -3.034131
v 0.017698 1.891139 -2.964038
v 0.149312 1.941280 -2.987537
v 0.062517 2.001254 -2.896962
v 0.242548 1.806214 -3.146666
v 0.258994 1.891139 -3.063986
v 0.274732 2.001254 -2.984864
v 0.697542 1.756407 -3.150955
v 0.389582 1.756406 -3.212212
v 0.783790 2.070919 -2.801683
v 0.602926 2.070918 -2.922533
v 0.389582 2.070919 -2.964970
v 0.958617 1.756407 -2.976510
v 0.176238 2.070919 -2.922533
v 0.081622 1.756407 -3.150955
v 0.904640 2.070918 -2.620819
v 1.133062 1.756406 -2.715434
v 0.947077 2.070919 -2.407474
v 1.194319 1.756407 -2.407475
v 0.904640 2.070919 -2.194130
v 1.133062 1.756407 -2.099514
v 0.783790 2.070919 -2.013266
v 0.958617 1.756407 -1.838439
v 0.602926 2.070919 -1.892416
v 0.697542 1.756406 -1.663994
v 0.389582 2.070918 -1.849979
v 0.389582 1.756406 -1.602737
v 0.176238 2.070919 -1.892416
v 0.081622 1.756406 -1.663994
v -0.004627 2.070919 -2.013266
v -0.179454 1.756406 -1.838439
v -0.125476 2.070919 -2.194130
v -0.353899 1.756406 -2.099514
v -0.167913 2.070918 -2.407475
v -0.415156 1.756406 -2.407475
v -0.125476 2.070918 -2.620819
v -0.353899 1.756406 -2.715434
v -0.004627 2.070919 -2.801683
v -0.179454 1.756406 -2.976510
v 0.389582 0.106063 -2.957827
v 0.509011 0.190108 -3.007885
v 0.600193 0.106063 -2.915934
v 0.492178 0.083908 -2.923258
v 0.389582 0.073509 -2.905132
v 0.580027 0.073509 -2.867250
v 0.461188 0.064999 -2.767463
v 0.729687 0.190108 -2.916478
v 0.778740 0.106063 -2.796633
v 0.681750 0.083908 -2.844734
v 0.741479 0.073509 -2.759372
v 0.593499 0.064999 -2.712658
v 0.898585 0.190108 -2.747580
v 0.898042 0.106063 -2.618085
v 0.826842 0.083908 -2.699642
v 0.849357 0.073509 -2.597920
v 0.694766 0.064999 -2.611392
v 0.989992 0.190108 -2.526904
v 0.939935 0.106063 -2.407475
v 0.905365 0.083908 -2.510070
v 0.887239 0.073509 -2.407475
v 0.749571 0.064999 -2.479081
v 0.989992 0.190108 -2.288045
v 0.898042 0.106063 -2.196864
v 0.905365 0.083908 -2.304879
v 0.849357 0.073509 -2.217029
v 0.749571 0.064999 -2.335868
v 0.898585 0.190108 -2.067369
v 0.778740 0.106063 -2.018316
v 0.826842 0.083908 -2.115307
v 0.741479 0.073509 -2.055578
v 0.694766 0.064999 -2.203557
v 0.729687 0.190108 -1.898471
v 0.600193 0.106063 -1.899015
v 0.681750 0.083908 -1.970215
v 0.580027 0.073509 -1.947699
v 0.593499 0.064999 -2.102291
v 0.509011 0.190108 -1.807064
v 0.389582 0.106063 -1.857122
v 0.492178 0.083908 -1.891692
v 0.389582 0.073509 -1.909817
v 0.461188 0.064999 -2.047486
v 0.270153 0.190108 -1.807064
v 0.178971 0.106063 -1.899015
v 0.286986 0.083908 -1.891691
v 0.199137 0.073509 -1.947699
v 0.317976 0.064999 -2.047486
v 0.049477 0.190108 -1.898471
v 0.000424 0.106063 -2.018317
v 0.097414 0.083908 -1.970215
v 0.037685 0.073509 -2.055578
v 0.185665 0.064999 -2.102291
v -0.119422 0.190108 -2.067369
v -0.118878 0.106063 -2.196864
v -0.047678 0.083908 -2.115307
v -0.070193 0.073509 -2.217029
v 0.084398 0.064999 -2.203557
v -0.210829 0.190108 -2.288045
v -0.160771 0.106063 -2.407475
v -0.126201 0.083908 -2.304879
v -0.108075 0.073509 -2.407475
v 0.029593 0.064999 -2.335868
v -0.210829 0.190108 -2.526904
v -0.118878 0.106063 -2.618085
v -0.126201 0.083908 -2.510070
v -0.070193 0.073509 -2.597920
v 0.029593 0.064999 -2.479081
v -0.119422 0.190108 -2.747580
v 0.000424 0.106063 -2.796633
v -0.047678 0.083908 -2.699642
v 0.037685 0.073509 -2.759372
v 0.084398 0.064999 -2.611392
v 0.049477 0.190108 -2.916478
v 0.178971 0.106063 -2.915934
v 0.097414 0.083908 -2.844734
v 0.199137 0.073509 -2.867250
v 0.185665 0.064999 -2.712658
v 0.270153 0.190108 -3.007885
v 0.286986 0.083908 -2.923258
v 0.317976 0.064999 -2.767463
v 0.389582 0.806643 -3.375304
v 0.667601 0.363374 -3.078672
v 0.019210 0.806643 -3.301632
v 0.903295 0.363374 -2.921187
v 1.060780 0.363374 -2.685494
v 1.116081 0.363374 -2.407475
v 1.060780 0.363374 -2.129455
v 0.903295 0.363374 -1.893762
v 0.667601 0.363374 -1.736277
v 0.389582 0.363374 -1.680975
v 0.111563 0.363374 -1.736277
v -0.124131 0.363374 -1.893762
v -0.281616 0.363374 -2.129455
v -0.336917 0.363374 -2.407475
v -0.281616 0.363374 -2.685494
v -0.124131 0.363374 -2.921187
v 0.389582 0.363374 -3.133974
v 0.759954 0.806643 -3.301632
v 0.111563 0.363374 -3.078672
v 1.073941 0.806643 -3.091833
v 1.283740 0.806643 -2.777847
v 1.357412 0.806643 -2.407475
v 1.283740 0.806643 -2.037102
v 1.073941 0.806643 -1.723116
v 0.759954 0.806643 -1.513317
v 0.389582 0.806643 -1.439645
v 0.019210 0.806643 -1.513317
v -0.294777 0.806643 -1.723116
v -0.504576 0.806643 -2.037102
v -0.578248 0.806643 -2.407475
v -0.504576 0.806643 -2.777847
v -0.294777 0.806643 -3.091833
v 0.557088 0.584174 -3.249585
v 0.866599 0.584174 -3.121381
v -0.087435 0.584174 -3.121381
v -0.324325 0.584174 -2.884492
v -0.452528 0.584174 -2.574981
v -0.452528 0.584174 -2.239968
v -0.324325 0.584174 -1.930457
v -0.087435 0.584174 -1.693568
v 0.222076 0.584174 -1.565364
v 0.557088 0.584174 -1.565364
v 0.866599 0.584174 -1.693568
v 1.103489 0.584174 -1.930457
v 1.231692 0.584174 -2.239968
v 1.231692 0.584174 -2.574981
v 1.103488 0.584174 -2.884492
v 0.222076 0.584174 -3.249585
v -0.051672 2.342451 -1.966220
v -0.298865 2.448200 -2.122311
v 0.966109 2.342451 -2.646280
v 1.134751 2.448200 -2.407475
v -0.355587 2.448200 -2.407475
v 1.078029 2.448200 -2.122311
v -0.298865 2.448200 -2.692638
v 0.916496 2.448200 -1.880560
v -0.137332 2.448200 -2.934389
v 0.674746 2.448200 -1.719028
v 0.104418 2.448200 -3.095921
v 0.389582 2.448200 -1.662305
v 0.389582 2.342451 -3.031502
v 0.674746 2.448200 -3.095921
v 0.104418 2.448200 -1.719028
v 0.916496 2.448200 -2.934389
v 0.955364 2.395154 -2.785518
v 0.011538 2.395154 -1.841692
v 0.767626 2.395154 -2.973257
v 0.256831 2.395154 -1.740089
v 0.256831 2.395154 -3.074860
v 0.522333 2.395154 -3.074860
v 0.522333 2.395154 -1.740089
v 0.011538 2.395154 -2.973257
v 0.767626 2.395154 -1.841692
v -0.176200 2.395154 -2.785518
v 0.955364 2.395154 -2.029431
v -0.277804 2.395154 -2.540226
v 1.056968 2.395154 -2.274723
v -0.277804 2.395154 -2.274723
v 1.056968 2.395154 -2.540226
v -0.176200 2.395154 -2.029431
v 0.156718 1.763077 -0.787876
v 0.446296 1.763077 -0.667929
v 0.667929 1.763077 -0.446295
v 0.787877 1.763077 -0.156718
v 0.787876 1.763077 0.156719
v 0.667929 1.763077 0.446297
v 0.446296 1.763077 0.667930
v 0.156718 1.763077 0.787878
v -0.156718 1.763077 0.787878
v -0.446296 1.763077 0.667930
v -0.667929 1.763077 0.446297
v -0.787876 1.763077 0.156719
v -0.787876 1.763077 -0.156718
v -0.667930 1.763077 -0.446295
v -0.446296 1.763077 -0.667929
v -0.156718 1.763077 -0.787876
v 0.149503 3.333634 -0.751604
v 0.425750 3.333634 -0.637179
v 0.637179 3.333634 -0.425749
v 0.751604 3.333634 -0.149503
v 0.751605 3.333634 0.149504
v 0.637179 3.333634 0.425750
v 0.425750 3.333634 0.637180
v 0.149503 3.333634 0.751606
v -0.149503 3.333634 0.751606
v -0.425750 3.333634 0.637181
v -0.637179 3.333634 0.425750
v -0.751605 3.333634 0.149504
v -0.751605 3.333634 -0.149503
v -0.637180 3.333634 -0.425749
v -0.425750 3.333634 -0.637179
v -0.149503 3.333634 -0.751604
v 0.310568 2.590677 0.749778
v 0.000000 2.590677 0.811554
v -0.000000 2.590677 -0.811552
v 0.310568 2.590677 -0.749776
v -0.811553 2.590677 0.000000
v -0.749777 2.590677 -0.310567
v 0.749777 2.590677 0.310568
v 0.573854 2.590677 0.573855
v -0.573854 2.590677 0.573855
v -0.749777 2.590677 0.310568
v -0.310568 2.590677 -0.749776
v 0.749777 2.590677 -0.310567
v 0.811552 2.590677 0.000001
v -0.310568 2.590677 0.749778
v -0.573854 2.590677 -0.573853
v 0.573854 2.590677 -0.573853
v 0.107177 4.053179 -0.538815
v 0.305215 4.053179 -0.456786
v 0.456786 4.053179 -0.305214
v 0.538816 4.053179 -0.107177
v 0.538816 4.053179 0.107178
v 0.456786 4.053179 0.305216
v 0.305215 4.053179 0.456787
v 0.107177 4.053179 0.538817
v -0.107177 4.053179 0.538817
v -0.305215 4.053179 0.456787
v -0.456786 4.053179 0.305216
v -0.538816 4.053179 0.107177
v -0.538816 4.053179 -0.107176
v -0.456786 4.053179 -0.305214
v -0.305215 4.053179 -0.456786
v -0.107177 4.053179 -0.538816
v -0.669599 3.805389 0.000000
v -0.618628 3.805389 -0.256244
v 0.618628 3.805389 0.256245
v 0.473478 3.805389 0.473479
v -0.473478 3.805389 -0.473477
v 0.256244 3.805389 0.618629
v -0.256244 3.805389 -0.618628
v -0.000000 3.805389 0.669599
v -0.000000 3.805389 -0.669598
v 0.256244 3.805389 -0.618628
v -0.256244 3.805389 0.618629
v 0.473478 3.805389 -0.473477
v -0.473478 3.805389 0.473479
v 0.618628 3.805389 -0.256244
v -0.618628 3.805389 0.256245
v 0.669598 3.805389 0.000001
v 0.044079 4.564866 -0.221599
v 0.125526 4.564866 -0.187862
v 0.187863 4.564866 -0.125526
v 0.221600 4.564866 -0.044078
v 0.221600 4.564866 0.044080
v 0.187863 4.564866 0.125527
v 0.125526 4.564866 0.187864
v 0.044079 4.564866 0.221600
v -0.044079 4.564866 0.221600
v -0.125526 4.564866 0.187864
v -0.187863 4.564866 0.125527
v -0.221600 4.564866 0.044080
v -0.221600 4.564866 -0.044078
v -0.187863 4.564866 -0.125525
v -0.125526 4.564866 -0.187863
v -0.044079 4.564866 -0.221599
v 0.054514 4.691973 -0.274059
v 0.155242 4.691972 -0.232335
v 0.232336 4.691972 -0.155241
v 0.274059 4.691973 -0.054513
v 0.274059 4.691972 0.054514
v 0.232336 4.691973 0.155243
v 0.155242 4.691972 0.232337
v 0.054514 4.691973 0.274060
v -0.054514 4.691973 0.274060
v -0.155242 4.691972 0.232337
v -0.232336 4.691972 0.155243
v -0.274059 4.691972 0.054514
v -0.274059 4.691972 -0.054513
v -0.232336 4.691971 -0.155242
v -0.155242 4.691973 -0.232335
v -0.054514 4.691973 -0.274059
v 0.228344 4.635523 0.094584
v 0.174767 4.635523 0.174768
v -0.228344 4.635524 -0.094583
v -0.174767 4.635523 -0.174767
v 0.094583 4.635523 0.228345
v -0.094583 4.635523 -0.228343
v -0.000000 4.635523 0.247158
v -0.000000 4.635523 -0.247157
v 0.094583 4.635523 -0.228343
v -0.094583 4.635523 0.228345
v 0.174767 4.635523 -0.174767
v -0.174767 4.635523 0.174768
v 0.228344 4.635523 -0.094583
v -0.228344 4.635523 0.094584
v 0.247158 4.635523 0.000001
v -0.247158 4.635524 0.000001
v -0.271975 4.787092 0.271976
v -0.292497 4.732567 0.121157
v 0.355352 4.787092 -0.147191
v 0.316596 4.732567 0.000000
v -0.316596 4.732567 0.000000
v 0.292497 4.732567 0.121157
v -0.292497 4.732567 -0.121155
v 0.223867 4.732567 0.223868
v -0.223867 4.732567 -0.223866
v 0.121156 4.732567 0.292497
v -0.121156 4.732567 -0.292496
v 0.000000 4.732567 0.316597
v -0.000000 4.787092 -0.384630
v 0.121156 4.732567 -0.292496
v -0.121156 4.732567 0.292497
v 0.223867 4.732567 -0.223867
v 0.109020 4.278885 -0.263196
v 0.067071 4.237864 -0.337188
v -0.000000 4.278884 -0.284882
v 0.048937 4.317080 -0.246019
v 0.088141 4.360213 -0.212790
v 0.000000 4.360213 -0.230322
v 0.043014 4.414658 -0.216244
v 0.201442 4.278884 -0.201442
v 0.191002 4.237864 -0.285854
v 0.139359 4.317080 -0.208565
v 0.162863 4.360212 -0.162863
v 0.122493 4.414659 -0.183322
v 0.263197 4.278884 -0.109019
v 0.285855 4.237864 -0.191001
v 0.208566 4.317080 -0.139359
v 0.212791 4.360213 -0.088140
v 0.183323 4.414657 -0.122492
v 0.284883 4.278884 0.000000
v 0.337188 4.237864 -0.067070
v 0.246020 4.317080 -0.048936
v 0.230323 4.360214 0.000001
v 0.216245 4.414658 -0.043013
v 0.263197 4.278884 0.109020
v 0.337188 4.237864 0.067072
v 0.246020 4.317080 0.048937
v 0.212791 4.360214 0.088142
v 0.216245 4.414658 0.043015
v 0.201442 4.278884 0.201443
v 0.285855 4.237864 0.191003
v 0.208566 4.317080 0.139360
v 0.162863 4.360212 0.162864
v 0.183323 4.414658 0.122494
v 0.109020 4.278884 0.263198
v 0.191002 4.237864 0.285855
v 0.139359 4.317080 0.208567
v 0.088141 4.360212 0.212792
v 0.122493 4.414657 0.183324
v 0.000000 4.278885 0.284883
v 0.067071 4.237864 0.337189
v 0.048936 4.317080 0.246021
v -0.000000 4.360213 0.230324
v 0.043014 4.414657 0.216245
v -0.109020 4.278884 0.263197
v -0.067071 4.237864 0.337189
v -0.048936 4.317080 0.246020
v -0.088141 4.360213 0.212792
v -0.043014 4.414658 0.216245
v -0.201442 4.278884 0.201443
v -0.191002 4.237864 0.285855
v -0.139359 4.317080 0.208566
v -0.162863 4.360213 0.162864
v -0.122493 4.414658 0.183324
v -0.263197 4.278884 0.109021
v -0.285854 4.237864 0.191003
v -0.208566 4.317080 0.139360
v -0.212791 4.360212 0.088141
v -0.183323 4.414658 0.122494
v -0.284883 4.278884 0.000001
v -0.337189 4.237864 0.067072
v -0.246020 4.317079 0.048938
v -0.230323 4.360213 0.000000
v -0.216245 4.414657 0.043014
v -0.263197 4.278884 -0.109019
v -0.337188 4.237864 -0.067070
v -0.246020 4.317080 -0.048936
v -0.212791 4.360213 -0.088140
v -0.216245 4.414658 -0.043013
v -0.201442 4.278884 -0.201442
v -0.285855 4.237864 -0.191001
v -0.208566 4.317080 -0.139359
v -0.162863 4.360212 -0.162862
v -0.183324 4.414658 -0.122492
v -0.109020 4.278885 -0.263196
v -0.191002 4.237864 -0.285854
v -0.139359 4.317079 -0.208565
v -0.088141 4.360212 -0.212790
v -0.122493 4.414657 -0.183323
v -0.067071 4.237864 -0.337188
v -0.048937 4.317080 -0.246019
v -0.043014 4.414658 -0.216244
v 0.166563 4.176644 -0.402119
v -0.000000 4.176644 -0.435251
v 0.154407 4.486012 -0.154406
v 0.083564 4.486012 -0.201741
v 0.000000 4.486012 -0.218363
v 0.307769 4.176644 -0.307768
v -0.083564 4.486012 -0.201741
v -0.166564 4.176644 -0.402119
v 0.201742 4.486012 -0.083564
v 0.402120 4.176644 -0.166563
v 0.218364 4.486012 0.000001
v 0.435251 4.176644 0.000000
v 0.201742 4.486012 0.083565
v 0.402120 4.176644 0.166564
v 0.154406 4.486012 0.154407
v 0.307769 4.176644 0.307770
v 0.083564 4.486012 0.201742
v 0.166563 4.176644 0.402120
v 0.000000 4.486012 0.218364
v -0.000000 4.176644 0.435252
v -0.083564 4.486012 0.201743
v -0.166564 4.176645 0.402121
v -0.154407 4.486012 0.154407
v -0.307769 4.176645 0.307770
v -0.201742 4.486012 0.083565
v -0.402120 4.176645 0.166564
v -0.218364 4.486012 0.000000
v -0.435251 4.176645 0.000001
v -0.201742 4.486012 -0.083564
v -0.402120 4.176645 -0.166563
v -0.154407 4.486012 -0.154406
v -0.307769 4.176645 -0.307769
v 0.000000 0.064444 -0.433863
v 0.092409 0.109218 -0.464569
v 0.166032 0.064444 -0.400837
v 0.083204 0.061571 -0.418297
v -0.000000 0.060281 -0.401577
v 0.153677 0.060281 -0.371009
v 0.056865 0.060000 -0.285877
v 0.263157 0.109218 -0.393842
v 0.306788 0.064444 -0.306787
v 0.236946 0.061571 -0.354615
v 0.283958 0.060281 -0.283957
v 0.161937 0.060000 -0.242355
v 0.393843 0.109218 -0.263157
v 0.400838 0.064444 -0.166032
v 0.354615 0.061571 -0.236946
v 0.371009 0.060281 -0.153677
v 0.242356 0.060000 -0.161936
v 0.464569 0.109218 -0.092408
v 0.433864 0.064444 0.000001
v 0.418297 0.061571 -0.083204
v 0.401578 0.060281 0.000001
v 0.285878 0.060000 -0.056864
v 0.464569 0.109218 0.092410
v 0.400838 0.064444 0.166033
v 0.418297 0.061571 0.083205
v 0.371009 0.060281 0.153678
v 0.285878 0.060000 0.056865
v 0.393843 0.109218 0.263158
v 0.306788 0.064444 0.306789
v 0.354615 0.061571 0.236947
v 0.283958 0.060281 0.283959
v 0.242356 0.060000 0.161938
v 0.263157 0.109218 0.393844
v 0.166032 0.064444 0.400839
v 0.236946 0.061571 0.354616
v 0.153677 0.060281 0.371010
v 0.161937 0.060000 0.242357
v 0.092409 0.109218 0.464570
v 0.000000 0.064444 0.433865
v 0.083204 0.061571 0.418298
v -0.000000 0.060281 0.401579
v 0.056865 0.060000 0.285879
v -0.092409 0.109218 0.464570
v -0.166032 0.064444 0.400839
v -0.083205 0.061571 0.418298
v -0.153677 0.060281 0.371011
v -0.056865 0.060000 0.285879
v -0.263157 0.109218 0.393843
v -0.306788 0.064444 0.306789
v -0.236946 0.061571 0.354616
v -0.283958 0.060281 0.283959
v -0.161937 0.060000 0.242356
v -0.393843 0.109218 0.263158
v -0.400838 0.064444 0.166033
v -0.354615 0.061571 0.236947
v -0.371010 0.060281 0.153678
v -0.242356 0.060000 0.161938
v -0.464569 0.109218 0.092410
v -0.433864 0.064444 0.000001
v -0.418297 0.061571 0.083205
v -0.401578 0.060281 0.000000
v -0.285878 0.060000 0.056865
v -0.464569 0.109218 -0.092408
v -0.400838 0.064444 -0.166032
v -0.418297 0.061571 -0.083204
v -0.371009 0.060281 -0.153677
v -0.285878 0.060000 -0.056864
v -0.393843 0.109218 -0.263157
v -0.306788 0.064444 -0.306787
v -0.354615 0.061571 -0.236946
v -0.283958 0.060281 -0.283957
v -0.242356 0.060000 -0.161936
v -0.263157 0.109218 -0.393842
v -0.166032 0.064444 -0.400837
v -0.236946 0.061571 -0.354615
v -0.153677 0.060281 -0.371009
v -0.161937 0.060000 -0.242355
v -0.092409 0.109218 -0.464569
v -0.083205 0.061571 -0.418297
v -0.056865 0.060000 -0.285878
v -0.000000 1.059928 -0.749034
v 0.213950 0.251660 -0.516520
v -0.286643 1.059928 -0.692017
v 0.395328 0.251660 -0.395327
v 0.516520 0.251660 -0.213949
v 0.559078 0.251660 0.000001
v 0.516520 0.251660 0.213950
v 0.395328 0.251660 0.395329
v 0.213950 0.251660 0.516521
v -0.000000 0.251660 0.559078
v -0.213950 0.251660 0.516521
v -0.395328 0.251660 0.395328
v -0.516521 0.251660 0.213950
v -0.559078 0.251660 0.000001
v -0.516521 0.251660 -0.213949
v -0.395328 0.251660 -0.395327
v -0.000000 0.251660 -0.559077
v 0.286643 1.059928 -0.692017
v -0.213950 0.251660 -0.516520
v 0.529647 1.059928 -0.529647
v 0.692017 1.059928 -0.286643
v 0.749034 1.059928 0.000001
v 0.692018 1.059928 0.286644
v 0.529647 1.059928 0.529648
v 0.286643 1.059928 0.692018
v -0.000000 1.059928 0.749035
v -0.286643 1.059928 0.692019
v -0.529647 1.059928 0.529648
v -0.692018 1.059928 0.286644
v -0.749034 1.059928 0.000001
v -0.692018 1.059928 -0.286643
v -0.529647 1.059928 -0.529647
v 0.129031 0.550643 -0.648683
v 0.367449 0.550643 -0.549927
v -0.367450 0.550643 -0.549927
v -0.549927 0.550643 -0.367449
v -0.648683 0.550643 -0.129031
v -0.648683 0.550643 0.129032
v -0.549927 0.550643 0.367450
v -0.367450 0.550643 0.549928
v -0.129031 0.550643 0.648684
v 0.129031 0.550643 0.648684
v 0.367450 0.550643 0.549928
v 0.549927 0.550643 0.367450
v 0.648683 0.550643 0.129032
v 0.648683 0.550643 -0.129030
v 0.549927 0.550643 -0.367449
v -0.129031 0.550643 -0.648682
v -0.223867 4.732567 0.223867
v -0.355353 4.787093 0.147192
v 0.292497 4.732567 -0.121156
v 0.384631 4.787092 0.000000
v -0.384631 4.787092 0.000000
v 0.355352 4.787092 0.147192
v -0.355353 4.787092 -0.147191
v 0.271975 4.787092 0.271976
v -0.271975 4.787093 -0.271974
v 0.147192 4.787092 0.355353
v -0.147192 4.787092 -0.355352
v -0.000000 4.787092 0.384632
v -0.000000 4.732567 -0.316596
v 0.147192 4.787092 -0.355352
v -0.147192 4.787092 0.355353
v 0.271975 4.787092 -0.271974
v 0.292717 4.761695 -0.195587
v -0.195587 4.761695 0.292718
v 0.195587 4.761695 -0.292716
v -0.068681 4.761695 0.345284
v -0.068681 4.761695 -0.345283
v 0.068681 4.761695 -0.345283
v 0.068681 4.761695 0.345284
v -0.195587 4.761695 -0.292717
v 0.195587 4.761695 0.292718
v -0.292717 4.761695 -0.195586
v 0.292717 4.761695 0.195588
v -0.345284 4.761695 -0.068681
v 0.345284 4.761695 0.068682
v -0.345283 4.761695 0.068682
v 0.345284 4.761695 -0.068680
v -0.292717 4.761695 0.195588
v 0.647242 1.029246 1.310779
v 1.019794 1.029246 1.465095
v 1.304932 1.029246 1.750234
v 1.459248 1.029246 2.122786
v 1.459248 1.029246 2.526033
v 1.304932 1.029246 2.898585
v 1.019794 1.029246 3.183723
v 0.647242 1.029246 3.338039
v 0.243994 1.029246 3.338039
v -0.128557 1.029246 3.183723
v -0.413696 1.029246 2.898584
v -0.568012 1.029246 2.526033
v -0.568012 1.029246 2.122786
v -0.413696 1.029246 1.750234
v -0.128557 1.029246 1.465095
v 0.243995 1.029246 1.310779
v 0.638998 1.446424 1.352227
v 0.996315 1.446424 1.500233
v 1.269794 1.446424 1.773712
v 1.417800 1.446424 2.131030
v 1.417800 1.446424 2.517788
v 1.269794 1.446424 2.875107
v 0.996315 1.446424 3.148586
v 0.638998 1.446424 3.296592
v 0.252239 1.446424 3.296592
v -0.105079 1.446424 3.148586
v -0.378558 1.446424 2.875107
v -0.526564 1.446424 2.517788
v -0.526564 1.446424 2.131030
v -0.378558 1.446424 1.773712
v -0.105079 1.446424 1.500233
v 0.252239 1.446424 1.352227
v 0.844856 1.254134 3.288254
v 0.445618 1.254134 3.367667
v 0.445618 1.254134 1.281151
v 0.844856 1.254134 1.360565
v -0.597640 1.254134 2.324409
v -0.518227 1.254134 1.925172
v 1.409463 1.254134 2.723647
v 1.183313 1.254134 3.062104
v -0.292076 1.254134 3.062104
v -0.518227 1.254134 2.723647
v 0.046381 1.254134 1.360564
v 1.409463 1.254134 1.925172
v 1.488876 1.254134 2.324409
v 0.046381 1.254134 3.288254
v -0.292077 1.254134 1.586715
v 1.183313 1.254134 1.586714
v 0.588582 1.669706 1.605684
v 0.852744 1.669706 1.715103
v 1.054924 1.669706 1.917284
v 1.164344 1.669706 2.181446
v 1.164344 1.669706 2.467373
v 1.054924 1.669706 2.731535
v 0.852744 1.669706 2.933715
v 0.588582 1.669706 3.043134
v 0.302655 1.669706 3.043135
v 0.038493 1.669706 2.933715
v -0.163687 1.669706 2.731534
v -0.273107 1.669706 2.467373
v -0.273107 1.669706 2.181446
v -0.163688 1.669706 1.917284
v 0.038493 1.669706 1.715103
v 0.302655 1.669706 1.605684
v -0.434844 1.580564 2.324409
v -0.367823 1.580564 1.987471
v 1.259060 1.580564 2.661348
v 1.068199 1.580564 2.946990
v -0.176963 1.580564 1.701828
v 0.782557 1.580564 3.137851
v 0.108680 1.580564 1.510968
v 0.445619 1.580564 3.204872
v 0.445619 1.580564 1.443947
v 0.782557 1.580564 1.510968
v 0.108680 1.580564 3.137851
v 1.068199 1.580564 1.701828
v -0.176963 1.580564 2.946990
v 1.259060 1.580564 1.987471
v -0.367823 1.580564 2.661348
v 1.326082 1.580564 2.324409
v 0.504513 2.154604 2.028325
v 0.613337 2.154604 2.073401
v 0.696627 2.154604 2.156690
v 0.741703 2.154604 2.265514
v 0.741703 2.154604 2.383305
v 0.696627 2.154603 2.492128
v 0.613337 2.154604 2.575418
v 0.504513 2.154604 2.620494
v 0.386723 2.154604 2.620494
v 0.277900 2.154604 2.575418
v 0.194610 2.154604 2.492128
v 0.149533 2.154604 2.383304
v 0.149533 2.154604 2.265514
v 0.194609 2.154604 2.156691
v 0.277900 2.154604 2.073401
v 0.386723 2.154604 2.028324
v 0.517175 2.309119 1.964667
v 0.649396 2.309119 2.019434
v 0.750593 2.309119 2.120631
v 0.805361 2.309119 2.252852
v 0.805360 2.309119 2.395966
v 0.750593 2.309119 2.528187
v 0.649396 2.309119 2.629384
v 0.517175 2.309119 2.684152
v 0.374061 2.309119 2.684152
v 0.241841 2.309119 2.629384
v 0.140644 2.309119 2.528187
v 0.085876 2.309119 2.395967
v 0.085876 2.309119 2.252852
v 0.140644 2.309119 2.120632
v 0.241841 2.309119 2.019435
v 0.374061 2.309119 1.964667
v 0.748422 2.240788 2.449835
v 0.677374 2.240788 2.556165
v 0.142814 2.240788 2.198984
v 0.213862 2.240788 2.092653
v 0.571044 2.240788 2.627213
v 0.320193 2.240788 2.021605
v 0.445618 2.240788 2.652162
v 0.445618 2.240788 1.996657
v 0.571044 2.240788 2.021605
v 0.320193 2.240788 2.627213
v 0.677374 2.240788 2.092653
v 0.213862 2.240788 2.556165
v 0.748422 2.240788 2.198984
v 0.142814 2.240788 2.449835
v 0.773371 2.240788 2.324409
v 0.117866 2.240788 2.324409
v 0.094304 2.426473 2.675724
v 0.065102 2.358382 2.482025
v 0.904633 2.426473 2.134279
v 0.857486 2.358382 2.324409
v 0.033751 2.358382 2.324409
v 0.826134 2.358382 2.482024
v 0.065102 2.358382 2.166795
v 0.736853 2.358382 2.615643
v 0.154384 2.358382 2.033175
v 0.603233 2.358382 2.704925
v 0.288003 2.358382 1.943893
v 0.445619 2.358382 2.736277
v 0.445618 2.426473 1.827576
v 0.603233 2.358382 1.943893
v 0.288004 2.358382 2.704925
v 0.736852 2.358382 2.033175
v 0.589352 1.805631 1.977405
v 0.534595 1.766555 1.877090
v 0.445618 1.805631 1.948815
v 0.510289 1.852084 1.999285
v 0.563108 1.903570 2.040764
v 0.445618 1.903570 2.017394
v 0.503201 1.969208 2.034922
v 0.711203 1.805631 2.058824
v 0.699004 1.766554 1.945190
v 0.629786 1.852084 2.048782
v 0.662711 1.903570 2.107316
v 0.609600 1.969208 2.078994
v 0.792623 1.805631 2.180676
v 0.824838 1.766554 2.071023
v 0.721245 1.852084 2.140241
v 0.729264 1.903570 2.206919
v 0.691034 1.969208 2.160428
v 0.821213 1.805631 2.324409
v 0.892938 1.766555 2.235432
v 0.770743 1.852084 2.259738
v 0.752634 1.903570 2.324409
v 0.735106 1.969208 2.266826
v 0.792622 1.805631 2.468143
v 0.892938 1.766555 2.413387
v 0.770743 1.852084 2.389081
v 0.729264 1.903570 2.441899
v 0.735106 1.969208 2.381992
v 0.711204 1.805631 2.589995
v 0.824837 1.766555 2.577796
v 0.721246 1.852084 2.508578
v 0.662711 1.903570 2.541502
v 0.691034 1.969208 2.488391
v 0.589352 1.805631 2.671413
v 0.699004 1.766555 2.703628
v 0.629787 1.852084 2.600037
v 0.563108 1.903570 2.608055
v 0.609600 1.969208 2.569825
v 0.445618 1.805631 2.700004
v 0.534595 1.766555 2.771729
v 0.510290 1.852084 2.649534
v 0.445618 1.903570 2.631425
v 0.503201 1.969208 2.613897
v 0.301884 1.805631 2.671413
v 0.356641 1.766554 2.771729
v 0.380947 1.852084 2.649534
v 0.328128 1.903570 2.608055
v 0.388036 1.969208 2.613896
v 0.180033 1.805631 2.589995
v 0.192232 1.766554 2.703629
v 0.261450 1.852084 2.600037
v 0.228525 1.903570 2.541502
v 0.281637 1.969208 2.569824
v 0.098615 1.805631 2.468143
v 0.066399 1.766554 2.577796
v 0.169991 1.852084 2.508578
v 0.161973 1.903570 2.441899
v 0.200203 1.969208 2.488390
v 0.070024 1.805631 2.324409
v -0.001702 1.766554 2.413387
v 0.120494 1.852084 2.389081
v 0.138602 1.903570 2.324409
v 0.156131 1.969208 2.381992
v 0.098614 1.805631 2.180675
v -0.001701 1.766554 2.235432
v 0.120494 1.852084 2.259738
v 0.161973 1.903570 2.206919
v 0.156131 1.969208 2.266826
v 0.180033 1.805631 2.058824
v 0.066399 1.766554 2.071023
v 0.169991 1.852084 2.140241
v 0.228525 1.903570 2.107316
v 0.200203 1.969208 2.160428
v 0.301885 1.805631 1.977405
v 0.192232 1.766554 1.945190
v 0.261450 1.852084 2.048782
v 0.328129 1.903570 2.040764
v 0.281637 1.969208 2.078994
v 0.356641 1.766555 1.877090
v 0.380947 1.852083 1.999284
v 0.388036 1.969208 2.034922
v 0.668127 1.726882 1.787226
v 0.445618 1.726882 1.742966
v 0.652479 2.057346 2.117548
v 0.557571 2.057346 2.054132
v 0.445618 2.057346 2.031864
v 0.856760 1.726882 1.913267
v 0.333666 2.057346 2.054132
v 0.223110 1.726882 1.787226
v 0.715895 2.057346 2.212457
v 0.982801 1.726882 2.101901
v 0.738164 2.057346 2.324409
v 1.027061 1.726882 2.324409
v 0.715895 2.057346 2.436362
v 0.982801 1.726882 2.546918
v 0.652479 2.057346 2.531270
v 0.856760 1.726882 2.735551
v 0.557571 2.057346 2.594686
v 0.668127 1.726882 2.861593
v 0.445618 2.057346 2.616956
v 0.445618 1.726882 2.905852
v 0.333666 2.057346 2.594687
v 0.223110 1.726882 2.861592
v 0.238757 2.057346 2.531270
v 0.034476 1.726882 2.735551
v 0.175341 2.057346 2.436362
v -0.091565 1.726882 2.546918
v 0.153073 2.057346 2.324409
v -0.135824 1.726882 2.324409
v 0.175341 2.057346 2.212457
v -0.091565 1.726882 2.101901
v 0.238757 2.057346 2.117548
v 0.034476 1.726882 1.913267
v 0.445618 0.106063 1.774056
v 0.565048 0.190108 1.723999
v 0.656229 0.106063 1.815950
v 0.548214 0.083908 1.808626
v 0.445618 0.073509 1.826752
v 0.636064 0.073509 1.864634
v 0.517225 0.064999 1.964421
v 0.785723 0.190108 1.815406
v 0.834776 0.106063 1.935251
v 0.737786 0.083908 1.887150
v 0.797515 0.073509 1.972512
v 0.649536 0.064999 2.019226
v 0.954622 0.190108 1.984304
v 0.954078 0.106063 2.113799
v 0.882878 0.083908 2.032242
v 0.905393 0.073509 2.133964
v 0.750802 0.064999 2.120492
v 1.046029 0.190108 2.204980
v 0.995971 0.106063 2.324409
v 0.961401 0.083908 2.221813
v 0.943276 0.073509 2.324409
v 0.805607 0.064999 2.252803
v 1.046029 0.190108 2.443839
v 0.954078 0.106063 2.535020
v 0.961401 0.083908 2.427005
v 0.905394 0.073509 2.514854
v 0.805607 0.064999 2.396016
v 0.954622 0.190108 2.664515
v 0.834777 0.106063 2.713567
v 0.882878 0.083908 2.616577
v 0.797515 0.073509 2.676306
v 0.750802 0.064999 2.528327
v 0.785723 0.190108 2.833413
v 0.656229 0.106063 2.832869
v 0.737786 0.083908 2.761669
v 0.636064 0.073509 2.784185
v 0.649536 0.064999 2.629593
v 0.565048 0.190108 2.924820
v 0.445618 0.106062 2.874762
v 0.548214 0.083908 2.840192
v 0.445618 0.073509 2.822067
v 0.517225 0.064999 2.684398
v 0.326189 0.190108 2.924819
v 0.235007 0.106063 2.832869
v 0.343023 0.083908 2.840192
v 0.255173 0.073509 2.784185
v 0.374012 0.064999 2.684398
v 0.105513 0.190108 2.833413
v 0.056460 0.106063 2.713567
v 0.153451 0.083908 2.761669
v 0.093721 0.073509 2.676306
v 0.241701 0.064999 2.629593
v -0.063385 0.190108 2.664515
v -0.062841 0.106063 2.535020
v 0.008359 0.083908 2.616577
v -0.014157 0.073509 2.514854
v 0.140435 0.064999 2.528327
v -0.154792 0.190108 2.443838
v -0.104735 0.106063 2.324409
v -0.070165 0.083908 2.427005
v -0.052039 0.073509 2.324409
v 0.085629 0.064999 2.396016
v -0.154792 0.190108 2.204980
v -0.062841 0.106063 2.113798
v -0.070165 0.083908 2.221813
v -0.014157 0.073509 2.133964
v 0.085630 0.064999 2.252803
v -0.063385 0.190108 1.984304
v 0.056460 0.106063 1.935251
v 0.008358 0.083908 2.032241
v 0.093721 0.073509 1.972512
v 0.140435 0.064999 2.120492
v 0.105513 0.190108 1.815406
v 0.235007 0.106063 1.815949
v 0.153450 0.083908 1.887149
v 0.255173 0.073509 1.864634
v 0.241701 0.064999 2.019226
v 0.326189 0.190108 1.723999
v 0.343023 0.083908 1.808626
v 0.374012 0.064999 1.964421
v 0.445619 0.806643 1.356580
v 0.723638 0.363374 1.653211
v 0.075246 0.806643 1.430251
v 0.959331 0.363374 1.810697
v 1.116816 0.363374 2.046390
v 1.172117 0.363374 2.324409
v 1.116816 0.363374 2.602429
v 0.959331 0.363374 2.838122
v 0.723638 0.363374 2.995607
v 0.445618 0.363374 3.050909
v 0.167599 0.363374 2.995607
v -0.068094 0.363374 2.838121
v -0.225580 0.363374 2.602429
v -0.280881 0.363374 2.324409
v -0.225580 0.363374 2.046390
v -0.068094 0.363374 1.810696
v 0.445618 0.363374 1.597910
v 0.815990 0.806643 1.430251
v 0.167599 0.363374 1.653211
v 1.129977 0.806643 1.640050
v 1.339776 0.806643 1.954037
v 1.413448 0.806643 2.324409
v 1.339776 0.806643 2.694782
v 1.129977 0.806643 3.008768
v 0.815991 0.806643 3.218567
v 0.445618 0.806643 3.292239
v 0.075246 0.806643 3.218567
v -0.238740 0.806643 3.008768
v -0.448539 0.806643 2.694782
v -0.522211 0.806643 2.324409
v -0.448539 0.806643 1.954037
v -0.238740 0.806643 1.640050
v 0.613124 0.584174 1.482299
v 0.922635 0.584174 1.610503
v -0.031399 0.584174 1.610503
v -0.268288 0.584174 1.847392
v -0.396492 0.584174 2.156903
v -0.396492 0.584174 2.491915
v -0.268288 0.584174 2.801427
v -0.031399 0.584174 3.038316
v 0.278112 0.584174 3.166520
v 0.613125 0.584174 3.166519
v 0.922636 0.584174 3.038316
v 1.159524 0.584174 2.801426
v 1.287729 0.584174 2.491916
v 1.287729 0.584174 2.156904
v 1.159525 0.584174 1.847392
v 0.278112 0.584174 1.482299
v 0.154384 2.358382 2.615643
v -0.013396 2.426473 2.514539
v 0.826134 2.358382 2.166795
v 0.942452 2.426473 2.324409
v -0.051215 2.426473 2.324409
v 0.904633 2.426473 2.514539
v -0.013396 2.426473 2.134279
v 0.796933 2.426473 2.675724
v 0.094304 2.426473 1.973095
v 0.635749 2.426473 2.783424
v 0.255488 2.426473 1.865395
v 0.445618 2.426473 2.821243
v 0.445619 2.358382 1.912541
v 0.635748 2.426473 1.865394
v 0.255488 2.426473 2.783424
v 0.796933 2.426473 1.973094
v 0.824548 2.394438 2.071216
v 0.192425 2.394438 2.703339
v 0.698811 2.394438 1.945479
v 0.356709 2.394438 2.771388
v 0.356709 2.394438 1.877431
v 0.534528 2.394438 1.877431
v 0.534528 2.394438 2.771388
v 0.192425 2.394438 1.945479
v 0.698812 2.394438 2.703340
v 0.066688 2.394438 2.071216
v 0.824548 2.394438 2.577602
v -0.001360 2.394438 2.235499
v 0.892597 2.394438 2.413319
v -0.001361 2.394438 2.413319
v 0.892596 2.394438 2.235500
v 0.066688 2.394438 2.577602
v 0.200780 0.806642 -3.356646
v 1.194250 0.806642 -2.945137
v 1.338753 0.806642 -2.596277
v 1.338753 0.806642 -2.218673
v 1.194250 0.806642 -1.869812
v 0.927244 0.806642 -1.602806
v 0.578384 0.806642 -1.458303
v 0.200780 0.806642 -1.458303
v -0.148080 0.806642 -1.602806
v -0.415087 0.806642 -1.869812
v -0.559589 0.806642 -2.218673
v -0.559589 0.806642 -2.596277
v -0.415087 0.806642 -2.945137
v -0.148080 0.806642 -3.212143
v 0.593694 1.257330 -1.381335
v 0.927244 0.806642 -3.212143
v 0.578384 0.806642 -3.356646
v -0.537758 1.594837 -2.591934
v 0.593694 1.257330 -3.433615
v -0.636558 1.257330 -2.611587
v 1.259501 1.257330 -1.826213
v -0.480338 1.257330 -1.826213
v 0.185470 1.257330 -3.433615
v 1.415722 1.257330 -2.611587
v 0.185470 1.257330 -1.381335
v -0.480338 1.257330 -2.988736
v 0.970844 1.257330 -3.277394
v 0.970844 1.257330 -1.537555
v -0.636558 1.257330 -2.203362
v 1.415722 1.257330 -2.203362
v -0.191680 1.257330 -1.537555
v -0.191680 1.257330 -3.277394
v 1.259501 1.257330 -2.988736
v -0.157165 2.070922 -2.298720
v 1.175742 1.594837 -1.882179
v -0.396579 1.594837 -2.932770
v 0.914877 1.594837 -1.621314
v -0.135714 1.594837 -3.193635
v 0.574041 1.594837 -1.480135
v 0.574041 1.594837 -3.334814
v 0.205122 1.594837 -3.334814
v 0.205122 1.594837 -1.480135
v 0.914877 1.594837 -3.193635
v -0.135714 1.594837 -1.621314
v 1.175742 1.594837 -2.932770
v -0.396579 1.594837 -1.882179
v 1.316921 1.594837 -2.591934
v -0.537758 1.594837 -2.223015
v 1.316921 1.594837 -2.223015
v 0.836640 1.756409 -3.076544
v 0.936329 2.070922 -2.298720
v -0.157165 2.070921 -2.516229
v 0.853092 2.070921 -2.097767
v -0.073928 2.070921 -2.717182
v 0.699289 2.070922 -1.943965
v 0.079875 2.070922 -2.870984
v 0.498337 2.070922 -1.860727
v 0.280827 2.070921 -1.860727
v 0.699289 2.070921 -2.870984
v 0.853092 2.070922 -2.717182
v 0.079875 2.070921 -1.943965
v 0.280827 2.070922 -2.954221
v -0.073928 2.070922 -2.097767
v 0.936329 2.070922 -2.516229
v 0.845047 2.220035 -2.103142
v 0.232596 1.756409 -3.196696
v 0.232596 1.756409 -1.618253
v 0.498337 2.070922 -2.954221
v -0.057476 1.756409 -1.738404
v 1.058651 1.756409 -2.854533
v -0.279488 1.756409 -1.960416
v 1.178803 1.756409 -2.564461
v -0.399640 1.756409 -2.250488
v 1.178803 1.756409 -2.250489
v -0.399640 1.756409 -2.564461
v 1.058652 1.756409 -1.960416
v -0.279488 1.756409 -2.854533
v 0.836640 1.756409 -1.738405
v -0.057477 1.756409 -3.076544
v 0.546568 1.756409 -1.618253
v -0.229961 2.448197 -1.993509
v -0.065883 2.220035 -2.711806
v 0.693914 2.220035 -1.952010
v 0.085250 2.220035 -2.862939
v 0.496449 2.220035 -1.870217
v 0.496449 2.220035 -2.944732
v 0.282715 2.220035 -2.944732
v 0.282715 2.220035 -1.870217
v 0.693914 2.220035 -2.862939
v 0.085250 2.220035 -1.952010
v 0.845047 2.220035 -2.711806
v -0.065883 2.220035 -2.103142
v 0.926839 2.220035 -2.514341
v -0.147675 2.220035 -2.300607
v 0.926839 2.220035 -2.300607
v -0.147675 2.220035 -2.514342
v 1.120383 2.448197 -2.552840
v -0.341219 2.448197 -2.262109
v 1.120383 2.448197 -2.262109
v -0.341219 2.448197 -2.552840
v 1.009125 2.448197 -1.993509
v -0.229961 2.448197 -2.821440
v 0.803547 2.448197 -1.787931
v -0.024384 2.448197 -3.027018
v 0.534947 2.448197 -1.676674
v 0.534947 2.448197 -3.138275
v 0.244217 2.448197 -3.138275
v 0.244217 2.448197 -1.676674
v 0.803547 2.448197 -3.027017
v -0.024383 2.448197 -1.787931
v 1.009125 2.448197 -2.821440
v 0.528150 1.848364 -3.104102
v 0.512062 1.941283 -3.023223
v 0.784190 1.848364 -2.998047
v 0.738375 1.941283 -2.929481
v 0.980155 1.848364 -2.802082
v 0.911588 1.941283 -2.756268
v 1.086210 1.848365 -2.546042
v 1.005331 1.941283 -2.529954
v 1.086210 1.848364 -2.268906
v 1.005331 1.941283 -2.284994
v 0.980154 1.848364 -2.012866
v 0.911588 1.941283 -2.058681
v 0.784190 1.848364 -1.816902
v 0.738375 1.941283 -1.885468
v 0.528150 1.848364 -1.710847
v 0.512062 1.941283 -1.791726
v 0.251014 1.848364 -1.710847
v 0.267102 1.941283 -1.791726
v -0.005026 1.848365 -1.816902
v 0.040788 1.941283 -1.885468
v -0.200991 1.848364 -2.012866
v -0.132424 1.941283 -2.058681
v -0.307046 1.848364 -2.268906
v -0.226167 1.941283 -2.284994
v -0.307046 1.848364 -2.546042
v -0.226167 1.941283 -2.529954
v -0.200991 1.848364 -2.802082
v -0.132425 1.941283 -2.756268
v -0.005026 1.848364 -2.998047
v 0.040788 1.941283 -2.929481
v 0.251014 1.848364 -3.104102
v 0.267102 1.941283 -3.023223
v 0.546568 1.756409 -3.196696
v 0.496943 0.106061 -2.947216
v 0.485936 0.073400 -2.891880
v 0.695321 0.106061 -2.865046
v 0.663975 0.073400 -2.818133
v 0.847153 0.106061 -2.713214
v 0.800241 0.073400 -2.681868
v 0.929324 0.106061 -2.514836
v 0.873987 0.073400 -2.503829
v 0.929324 0.106061 -2.300113
v 0.873987 0.073400 -2.311121
v 0.847153 0.106061 -2.101735
v 0.800241 0.073400 -2.133081
v 0.695321 0.106061 -1.949904
v 0.663975 0.073400 -1.996816
v 0.496943 0.106061 -1.867733
v 0.485936 0.073400 -1.923069
v 0.282221 0.106061 -1.867733
v 0.293228 0.073400 -1.923070
v 0.083843 0.106061 -1.949904
v 0.115188 0.073400 -1.996816
v -0.067989 0.106061 -2.101736
v -0.021077 0.073400 -2.133081
v -0.150160 0.106061 -2.300113
v -0.094823 0.073400 -2.311120
v -0.150160 0.106061 -2.514836
v -0.094823 0.073400 -2.503829
v -0.067989 0.106061 -2.713214
v -0.021077 0.073400 -2.681868
v 0.083843 0.106061 -2.865046
v 0.115189 0.073400 -2.818133
v 0.282221 0.106061 -2.947216
v 0.293228 0.073400 -2.891880
v 0.389582 0.060885 -2.407475
v 0.531305 0.363371 -3.119967
v 0.793176 0.363371 -3.011496
v -0.014013 0.363371 -3.011496
v -0.214440 0.363371 -2.811069
v -0.322910 0.363371 -2.549198
v -0.322910 0.363371 -2.265751
v -0.214440 0.363371 -2.003880
v -0.014013 0.363371 -1.803452
v 0.247858 0.363371 -1.694982
v 0.531305 0.363371 -1.694982
v 0.793176 0.363371 -1.803453
v 0.993604 0.363371 -2.003880
v 1.102074 0.363371 -2.265751
v 1.102074 0.363371 -2.549198
v 0.993604 0.363371 -2.811069
v 0.247858 0.363371 -3.119967
v 0.908406 2.342447 -2.754142
v 0.042915 2.342447 -1.888650
v 0.736249 2.342447 -2.926299
v 0.267849 2.342447 -1.795480
v 0.267849 2.342447 -3.019469
v 0.511315 2.342447 -3.019469
v 0.511315 2.342447 -1.795480
v 0.042915 2.342447 -2.926299
v 0.736249 2.342447 -1.888650
v -0.129242 2.342447 -2.754142
v 0.908406 2.342447 -2.060807
v -0.222413 2.342447 -2.529208
v 1.001577 2.342447 -2.285741
v -0.222413 2.342447 -2.285741
v 1.001577 2.342447 -2.529208
v -0.129242 2.342447 -2.060807
v -0.146120 1.059927 -0.734594
v 0.622759 1.059927 -0.416114
v 0.734595 1.059927 -0.146119
v 0.734595 1.059927 0.146121
v 0.622759 1.059927 0.416116
v 0.416114 1.059927 0.622760
v 0.146120 1.059927 0.734596
v -0.146120 1.059927 0.734596
v -0.416114 1.059927 0.622760
v -0.622759 1.059927 0.416115
v -0.734595 1.059927 0.146121
v -0.734595 1.059927 -0.146120
v -0.622759 1.059927 -0.416114
v -0.416114 1.059927 -0.622759
v 0.158316 2.590677 0.795908
v 0.416114 1.059927 -0.622758
v 0.146120 1.059927 -0.734594
v -0.656690 3.805390 -0.130623
v 0.158316 2.590677 -0.795907
v -0.795907 2.590677 -0.158315
v 0.674738 2.590677 0.450846
v -0.674738 2.590677 0.450846
v -0.158316 2.590677 -0.795907
v 0.795907 2.590677 -0.158315
v -0.158316 2.590677 0.795908
v -0.674738 2.590677 -0.450845
v 0.450845 2.590677 -0.674737
v 0.450845 2.590677 0.674739
v -0.795908 2.590677 0.158317
v 0.795907 2.590677 0.158317
v -0.450845 2.590677 0.674738
v -0.450845 2.590677 -0.674737
v 0.674738 2.590677 -0.450845
v -0.214154 4.486012 0.042599
v 0.556715 3.805390 0.371985
v -0.556715 3.805390 -0.371984
v 0.371985 3.805390 0.556716
v -0.371985 3.805390 -0.556714
v 0.130624 3.805390 0.656691
v 0.130624 3.805390 -0.656689
v -0.130624 3.805390 -0.656689
v -0.130624 3.805390 0.656690
v 0.371985 3.805390 -0.556714
v -0.371985 3.805390 0.556715
v 0.556715 3.805390 -0.371984
v -0.556715 3.805390 0.371985
v 0.656690 3.805390 -0.130623
v -0.656690 3.805390 0.130624
v 0.656690 3.805390 0.130625
v 0.241796 4.176646 -0.361873
v 0.214154 4.486012 0.042599
v -0.214154 4.486012 -0.042597
v 0.181551 4.486012 0.121310
v -0.181551 4.486012 -0.121308
v 0.121309 4.486012 0.181552
v -0.121309 4.486012 -0.181550
v 0.042598 4.486012 0.214155
v -0.042598 4.486012 0.214155
v 0.121309 4.486012 -0.181551
v 0.181551 4.486012 -0.121308
v -0.121309 4.486012 0.181552
v -0.042598 4.486012 -0.214154
v -0.181551 4.486012 0.121309
v 0.214154 4.486012 -0.042597
v 0.205490 4.635519 0.137305
v -0.084908 4.176646 -0.426858
v -0.084908 4.176646 0.426860
v 0.042598 4.486012 -0.214154
v -0.241797 4.176646 0.361875
v 0.361874 4.176646 -0.241796
v -0.361874 4.176646 0.241797
v 0.426859 4.176646 -0.084907
v -0.426859 4.176646 0.084908
v 0.426859 4.176646 0.084909
v -0.426860 4.176646 -0.084907
v 0.361874 4.176646 0.241798
v -0.361874 4.176646 -0.241796
v 0.241796 4.176646 0.361875
v -0.241796 4.176646 -0.361873
v 0.084908 4.176646 0.426860
v -0.319786 4.787090 0.213675
v -0.205490 4.635520 -0.137303
v 0.137304 4.635519 0.205491
v -0.137304 4.635519 -0.205489
v 0.048215 4.635519 0.242392
v 0.048215 4.635519 -0.242391
v -0.048215 4.635519 -0.242391
v -0.048215 4.635519 0.242392
v 0.137304 4.635519 -0.205489
v -0.137304 4.635519 0.205491
v 0.205490 4.635519 -0.137303
v -0.205490 4.635519 0.137305
v 0.242392 4.635520 -0.048214
v -0.242392 4.635519 0.048215
v 0.242392 4.635519 0.048215
v -0.242392 4.635520 -0.048214
v 0.377213 4.787090 -0.075032
v -0.377213 4.787091 0.075033
v 0.377213 4.787090 0.075033
v -0.377213 4.787090 -0.075032
v 0.319786 4.787090 0.213675
v -0.319786 4.787090 -0.213673
v 0.213674 4.787090 0.319786
v -0.213674 4.787091 -0.319785
v 0.075032 4.787090 0.377214
v 0.075032 4.787090 -0.377212
v -0.075032 4.787091 -0.377212
v -0.075032 4.787090 0.377213
v 0.213674 4.787090 -0.319785
v -0.213674 4.787091 0.319787
v 0.319786 4.787091 -0.213673
v 0.055573 4.278889 -0.279385
v 0.044931 4.360216 -0.225881
v 0.158259 4.278889 -0.236852
v 0.127952 4.360216 -0.191493
v 0.236852 4.278889 -0.158259
v 0.191494 4.360215 -0.127951
v 0.279386 4.278888 -0.055573
v 0.225882 4.360216 -0.044930
v 0.279386 4.278888 0.055574
v 0.225882 4.360216 0.044932
v 0.236852 4.278889 0.158260
v 0.191494 4.360216 0.127953
v 0.158259 4.278889 0.236853
v 0.127952 4.360215 0.191494
v 0.055573 4.278889 0.279387
v 0.044931 4.360216 0.225883
v -0.055573 4.278889 0.279387
v -0.044931 4.360216 0.225883
v -0.158260 4.278889 0.236853
v -0.127952 4.360216 0.191494
v -0.236852 4.278889 0.158261
v -0.191494 4.360216 0.127953
v -0.279386 4.278889 0.055574
v -0.225882 4.360215 0.044931
v -0.279386 4.278889 -0.055573
v -0.225882 4.360216 -0.044930
v -0.236852 4.278889 -0.158259
v -0.191494 4.360216 -0.127951
v -0.158259 4.278889 -0.236852
v -0.127952 4.360215 -0.191493
v -0.055574 4.278889 -0.279386
v -0.044931 4.360216 -0.225881
v 0.084908 4.176646 -0.426859
v 0.084637 0.064444 -0.425500
v 0.077732 0.060282 -0.390785
v 0.241027 0.064444 -0.360721
v 0.221362 0.060282 -0.331292
v 0.360722 0.064444 -0.241026
v 0.331292 0.060282 -0.221362
v 0.425501 0.064444 -0.084636
v 0.390786 0.060282 -0.077732
v 0.425501 0.064444 0.084638
v 0.390786 0.060282 0.077733
v 0.360722 0.064444 0.241027
v 0.331292 0.060282 0.221363
v 0.241027 0.064444 0.360723
v 0.221362 0.060282 0.331293
v 0.084637 0.064444 0.425502
v 0.077732 0.060282 0.390786
v -0.084637 0.064444 0.425501
v -0.077732 0.060282 0.390786
v -0.241027 0.064444 0.360723
v -0.221362 0.060282 0.331293
v -0.360722 0.064444 0.241027
v -0.331292 0.060282 0.221363
v -0.425501 0.064444 0.084638
v -0.390786 0.060282 0.077733
v -0.425501 0.064444 -0.084636
v -0.390786 0.060282 -0.077732
v -0.360722 0.064444 -0.241026
v -0.331292 0.060282 -0.221362
v -0.241027 0.064444 -0.360721
v -0.221362 0.060282 -0.331292
v -0.084637 0.064444 -0.425500
v -0.077732 0.060282 -0.390785
v 0.000000 0.060000 0.000000
v 0.109064 0.251658 -0.548298
v 0.310586 0.251658 -0.464825
v -0.310586 0.251658 -0.464825
v -0.464826 0.251658 -0.310585
v -0.548299 0.251658 -0.109063
v -0.548299 0.251658 0.109065
v -0.464826 0.251658 0.310587
v -0.310587 0.251658 0.464826
v -0.109063 0.251658 0.548300
v 0.109063 0.251658 0.548300
v 0.310586 0.251658 0.464826
v 0.464826 0.251658 0.310587
v 0.548299 0.251658 0.109064
v 0.548299 0.251658 -0.109063
v 0.464826 0.251658 -0.310586
v -0.109064 0.251658 -0.548298
v 0.263220 4.732564 -0.175878
v -0.175878 4.732564 0.263221
v 0.175878 4.732564 -0.263219
v -0.061760 4.732564 0.310490
v -0.061760 4.732564 -0.310488
v 0.061760 4.732564 -0.310488
v 0.061760 4.732564 0.310490
v -0.175878 4.732564 -0.263220
v 0.175878 4.732564 0.263221
v -0.263220 4.732563 -0.175877
v 0.263220 4.732564 0.175879
v -0.310489 4.732564 -0.061759
v 0.310489 4.732564 0.061761
v -0.310489 4.732564 0.061761
v 0.310489 4.732564 -0.061759
v -0.263220 4.732564 0.175879
v 0.256817 0.806642 1.375238
v 1.250287 0.806642 1.786747
v 1.394789 0.806642 2.135608
v 1.394789 0.806642 2.513211
v 1.250287 0.806642 2.862072
v 0.983280 0.806642 3.129078
v 0.634420 0.806642 3.273580
v 0.256816 0.806642 3.273581
v -0.092044 0.806642 3.129077
v -0.359050 0.806642 2.862071
v -0.503553 0.806642 2.513211
v -0.503553 0.806642 2.135607
v -0.359050 0.806642 1.786747
v -0.092044 0.806642 1.519741
v 0.649135 1.254135 3.347555
v 0.983280 0.806642 1.519741
v 0.634421 0.806642 1.375238
v -0.417871 1.580564 2.152650
v 0.649135 1.254135 1.301263
v -0.577528 1.254135 2.120893
v 1.313000 1.254135 2.903975
v -0.421763 1.254135 2.903975
v 0.242102 1.254135 1.301263
v 1.468764 1.254135 2.120893
v 0.242102 1.254135 3.347556
v -0.421763 1.254135 1.744843
v 1.025184 1.254135 1.457028
v 1.025184 1.254135 3.191791
v -0.577528 1.254135 2.527926
v 1.468765 1.254135 2.527926
v -0.133947 1.254135 3.191791
v -0.133947 1.254135 1.457028
v 1.313000 1.254135 1.744843
v 0.158712 2.057346 2.381479
v 1.177649 1.580564 2.813536
v -0.286412 1.580564 1.835282
v 0.934746 1.580564 3.056440
v -0.043509 1.580564 1.592379
v 0.617377 1.580564 3.187898
v 0.617377 1.580564 1.460920
v 0.273860 1.580564 1.460920
v 0.273860 1.580564 3.187898
v 0.934746 1.580564 1.592379
v -0.043509 1.580564 3.056440
v 1.177649 1.580564 1.835282
v -0.286412 1.580564 2.813536
v 1.309107 1.580564 2.152651
v -0.417871 1.580564 2.496168
v 1.309107 1.580564 2.496168
v 0.768628 1.726882 1.840990
v 0.732525 2.057346 2.381479
v 0.158712 2.057346 2.267340
v 0.688846 2.057346 2.486928
v 0.202391 2.057346 2.161890
v 0.608137 2.057346 2.567636
v 0.283099 2.057346 2.081182
v 0.502687 2.057346 2.611315
v 0.388549 2.057346 2.611316
v 0.608138 2.057346 2.081182
v 0.688846 2.057346 2.161890
v 0.283099 2.057346 2.567636
v 0.388549 2.057346 2.037503
v 0.202391 2.057346 2.486928
v 0.732525 2.057346 2.267340
v 0.718116 2.240785 2.506486
v 0.332192 1.726882 1.754178
v 0.332192 1.726882 2.894641
v 0.502687 2.057346 2.037503
v 0.122608 1.726883 2.807829
v 0.929038 1.726882 2.001399
v -0.037801 1.726883 2.647420
v 1.015850 1.726882 2.210983
v -0.124614 1.726883 2.437836
v 1.015850 1.726882 2.437836
v -0.124614 1.726883 2.210983
v 0.929038 1.726882 2.647420
v -0.037801 1.726883 2.001399
v 0.768628 1.726882 2.807828
v 0.122608 1.726883 1.840990
v 0.559044 1.726882 2.894641
v 0.032545 2.426471 2.600416
v 0.173121 2.240784 2.142332
v 0.627695 2.240785 2.596907
v 0.263541 2.240785 2.051912
v 0.509555 2.240784 2.645842
v 0.509555 2.240785 2.002976
v 0.381682 2.240785 2.002976
v 0.381681 2.240785 2.645842
v 0.627695 2.240785 2.051912
v 0.263541 2.240785 2.596907
v 0.718116 2.240784 2.142332
v 0.173121 2.240785 2.506487
v 0.767051 2.240785 2.260473
v 0.124186 2.240784 2.388346
v 0.767051 2.240784 2.388346
v 0.124186 2.240784 2.260472
v 0.932872 2.426471 2.227489
v -0.041635 2.426470 2.421330
v 0.932872 2.426471 2.421330
v -0.041635 2.426471 2.227489
v 0.858691 2.426471 2.600416
v 0.032545 2.426471 2.048403
v 0.721625 2.426471 2.737482
v 0.169612 2.426470 1.911336
v 0.542539 2.426471 2.811662
v 0.542539 2.426471 1.837156
v 0.348698 2.426471 1.837156
v 0.348698 2.426471 2.811662
v 0.721625 2.426471 1.911336
v 0.169612 2.426471 2.737482
v 0.858691 2.426471 2.048403
v 0.518887 1.805636 1.956061
v 0.505510 1.903573 2.023313
v 0.654270 1.805636 2.012139
v 0.616175 1.903573 2.069152
v 0.757889 1.805636 2.115757
v 0.700876 1.903573 2.153852
v 0.813966 1.805636 2.251140
v 0.746714 1.903573 2.264518
v 0.813967 1.805636 2.397678
v 0.746714 1.903573 2.384301
v 0.757889 1.805636 2.533062
v 0.700875 1.903573 2.494966
v 0.654271 1.805636 2.636680
v 0.616175 1.903573 2.579666
v 0.518887 1.805636 2.692757
v 0.505510 1.903573 2.625506
v 0.372349 1.805636 2.692757
v 0.385727 1.903573 2.625505
v 0.236966 1.805636 2.636680
v 0.275061 1.903573 2.579666
v 0.133348 1.805636 2.533062
v 0.190361 1.903573 2.494967
v 0.077270 1.805636 2.397678
v 0.144522 1.903573 2.384301
v 0.077271 1.805636 2.251140
v 0.144522 1.903573 2.264518
v 0.133348 1.805636 2.115757
v 0.190361 1.903573 2.153852
v 0.236966 1.805636 2.012139
v 0.275061 1.903573 2.069152
v 0.372350 1.805636 1.956061
v 0.385727 1.903573 2.023313
v 0.559045 1.726882 1.754178
v 0.552980 0.106061 1.784668
v 0.541972 0.073399 1.840004
v 0.751357 0.106061 1.866838
v 0.720012 0.073399 1.913751
v 0.903189 0.106061 2.018670
v 0.856277 0.073399 2.050016
v 0.985360 0.106061 2.217048
v 0.930023 0.073399 2.228056
v 0.985360 0.106061 2.431771
v 0.930023 0.073399 2.420764
v 0.903189 0.106061 2.630148
v 0.856277 0.073399 2.598803
v 0.751357 0.106061 2.781980
v 0.720012 0.073399 2.735068
v 0.552980 0.106061 2.864151
v 0.541972 0.073399 2.808814
v 0.338257 0.106061 2.864151
v 0.349264 0.073399 2.808815
v 0.139879 0.106061 2.781980
v 0.171225 0.073399 2.735068
v -0.011953 0.106061 2.630148
v 0.034960 0.073399 2.598803
v -0.094124 0.106061 2.431771
v -0.038787 0.073399 2.420764
v -0.094124 0.106061 2.217048
v -0.038787 0.073399 2.228056
v -0.011953 0.106061 2.018670
v 0.034960 0.073399 2.050016
v 0.139879 0.106061 1.866838
v 0.171225 0.073399 1.913751
v 0.338257 0.106061 1.784667
v 0.349264 0.073399 1.840004
v 0.445618 0.060885 2.324409
v 0.587342 0.363371 1.611917
v 0.849213 0.363371 1.720387
v 0.042024 0.363371 1.720387
v -0.158404 0.363371 1.920815
v -0.266874 0.363371 2.182686
v -0.266874 0.363371 2.466133
v -0.158404 0.363371 2.728004
v 0.042024 0.363371 2.928431
v 0.303895 0.363371 3.036902
v 0.587342 0.363371 3.036901
v 0.849213 0.363371 2.928431
v 1.049640 0.363371 2.728003
v 1.158111 0.363371 2.466133
v 1.158111 0.363371 2.182686
v 1.049640 0.363371 1.920815
v 0.303895 0.363371 1.611917
v 0.788048 2.358378 2.095605
v 0.216814 2.358378 2.666839
v 0.674423 2.358378 1.981979
v 0.365273 2.358378 2.728333
v 0.365273 2.358378 1.920485
v 0.525964 2.358378 1.920485
v 0.525964 2.358378 2.728333
v 0.216814 2.358378 1.981979
v 0.674423 2.358378 2.666839
v 0.103188 2.358378 2.095604
v 0.788049 2.358378 2.553214
v 0.041694 2.358378 2.244064
v 0.849542 2.358378 2.404755
v 0.041694 2.358378 2.404755
v 0.849542 2.358378 2.244064
v 0.103188 2.358378 2.553214
v 0.711898 2.465435 -3.185613
v 0.710959 2.445740 -3.183347
v 0.389582 2.445740 -3.247273
v 0.389582 2.465435 -3.249726
v 0.985144 2.465435 -3.003036
v 0.983409 2.445740 -3.001302
v 1.167721 2.465435 -2.729790
v 1.165455 2.445740 -2.728851
v 1.231833 2.465435 -2.407474
v 1.229381 2.445740 -2.407474
v 1.167721 2.465435 -2.085159
v 1.165455 2.445740 -2.086097
v 0.985144 2.465435 -1.811913
v 0.983409 2.445740 -1.813647
v 0.711898 2.465435 -1.629335
v 0.710959 2.445740 -1.631601
v 0.389582 2.465435 -1.565223
v 0.389582 2.445740 -1.567676
v 0.067266 2.465435 -1.629335
v 0.068205 2.445740 -1.631602
v -0.205980 2.465435 -1.811913
v -0.204245 2.445740 -1.813647
v -0.388557 2.465435 -2.085159
v -0.386291 2.445740 -2.086097
v -0.452670 2.465435 -2.407474
v -0.450217 2.445740 -2.407474
v -0.388557 2.465435 -2.729790
v -0.386291 2.445740 -2.728851
v -0.205980 2.465435 -3.003036
v -0.204245 2.445740 -3.001302
v 0.067266 2.465435 -3.185613
v 0.068205 2.445740 -3.183347
v 0.170275 4.775701 -0.411080
v 0.169340 4.756005 -0.408822
v -0.000000 4.756004 -0.442505
v -0.000000 4.775701 -0.444949
v 0.314627 4.775701 -0.314627
v 0.312899 4.756005 -0.312898
v 0.411080 4.775701 -0.170274
v 0.408823 4.756005 -0.169339
v 0.444950 4.775701 0.000001
v 0.442506 4.756005 0.000001
v 0.411081 4.775701 0.170276
v 0.408823 4.756005 0.169341
v 0.314627 4.775701 0.314628
v 0.312899 4.756005 0.312900
v 0.170275 4.775701 0.411082
v 0.169340 4.756005 0.408823
v -0.000000 4.775701 0.444952
v -0.000000 4.756005 0.442508
v -0.170275 4.775701 0.411082
v -0.169340 4.756005 0.408823
v -0.314628 4.775701 0.314628
v -0.312899 4.756005 0.312900
v -0.411081 4.775701 0.170276
v -0.408823 4.756005 0.169341
v -0.444951 4.775701 0.000001
v -0.442507 4.756005 0.000001
v -0.411081 4.775701 -0.170274
v -0.408823 4.756005 -0.169339
v -0.314628 4.775701 -0.314627
v -0.312899 4.756005 -0.312899
v -0.170275 4.775701 -0.411080
v -0.169340 4.756005 -0.408822
v 0.662088 2.421719 1.801805
v 0.661152 2.402023 1.804064
v 0.445618 2.402023 1.761191
v 0.445618 2.421719 1.758747
v 0.845602 2.421719 1.924426
v 0.843874 2.402023 1.926154
v 0.968222 2.421719 2.107940
v 0.965964 2.402023 2.108875
v 1.011281 2.421719 2.324409
v 1.008837 2.402023 2.324409
v 0.968222 2.421719 2.540879
v 0.965964 2.402023 2.539943
v 0.845602 2.421719 2.724393
v 0.843874 2.402023 2.722665
v 0.662088 2.421719 2.847013
v 0.661153 2.402023 2.844755
v 0.445618 2.421720 2.890072
v 0.445618 2.402023 2.887627
v 0.229149 2.421720 2.847013
v 0.230084 2.402023 2.844755
v 0.045635 2.421719 2.724393
v 0.047363 2.402023 2.722665
v -0.076985 2.421719 2.540879
v -0.074727 2.402023 2.539944
v -0.120044 2.421719 2.324409
v -0.117600 2.402023 2.324409
v -0.076985 2.421719 2.107940
v -0.074727 2.402023 2.108875
v 0.045635 2.421719 1.924426
v 0.047363 2.402023 1.926154
v 0.229149 2.421719 1.801805
v 0.230084 2.402023 1.804064
v 0.553408 2.445740 -3.231083
v 0.553886 2.465434 -3.233488
v 0.856119 2.445740 -3.105696
v 0.857481 2.465434 -3.107735
v 1.087804 2.445740 -2.874012
v 1.089843 2.465434 -2.875374
v 1.213191 2.445740 -2.571301
v 1.215596 2.465434 -2.571779
v 1.213191 2.445740 -2.243648
v 1.215596 2.465434 -2.243170
v 1.087804 2.445740 -1.940937
v 1.089843 2.465434 -1.939575
v 0.856119 2.445740 -1.709252
v 0.857481 2.465434 -1.707213
v 0.553408 2.445740 -1.583865
v 0.553886 2.465434 -1.581460
v 0.225756 2.445740 -1.583865
v 0.225277 2.465434 -1.581460
v -0.076955 2.445740 -1.709252
v -0.078317 2.465434 -1.707213
v -0.308640 2.445740 -1.940937
v -0.310679 2.465434 -1.939575
v -0.434027 2.445740 -2.243648
v -0.436432 2.465434 -2.243170
v -0.434027 2.445740 -2.571301
v -0.436432 2.465434 -2.571779
v -0.308640 2.445740 -2.874012
v -0.310679 2.465434 -2.875374
v -0.076955 2.445740 -3.105696
v -0.078317 2.465434 -3.107735
v 0.225756 2.445740 -3.231083
v 0.225277 2.465434 -3.233488
v 0.086323 4.756005 -0.433975
v 0.086800 4.775700 -0.436372
v 0.245827 4.756005 -0.367906
v 0.247185 4.775700 -0.369937
v 0.367907 4.756005 -0.245827
v 0.369938 4.775700 -0.247184
v 0.433976 4.756005 -0.086322
v 0.436372 4.775700 -0.086799
v 0.433976 4.756005 0.086324
v 0.436372 4.775700 0.086801
v 0.367907 4.756005 0.245828
v 0.369938 4.775700 0.247186
v 0.245827 4.756005 0.367908
v 0.247185 4.775700 0.369939
v 0.086323 4.756005 0.433976
v 0.086800 4.775700 0.436373
v -0.086323 4.756005 0.433977
v -0.086800 4.775700 0.436373
v -0.245828 4.756005 0.367908
v -0.247185 4.775700 0.369939
v -0.367907 4.756005 0.245828
v -0.369938 4.775700 0.247186
v -0.433976 4.756005 0.086324
v -0.436372 4.775700 0.086801
v -0.433976 4.756005 -0.086322
v -0.436372 4.775700 -0.086799
v -0.367907 4.756005 -0.245827
v -0.369938 4.775700 -0.247184
v -0.245828 4.756005 -0.367906
v -0.247185 4.775700 -0.369938
v -0.086323 4.756005 -0.433975
v -0.086800 4.775700 -0.436371
v 0.555490 2.402023 1.772049
v 0.555966 2.421719 1.769652
v 0.758505 2.402023 1.856141
v 0.759863 2.421719 1.854109
v 0.913887 2.402023 2.011522
v 0.915918 2.421719 2.010165
v 0.997979 2.402023 2.214538
v 1.000375 2.421719 2.214061
v 0.997979 2.402023 2.434280
v 1.000375 2.421719 2.434757
v 0.913887 2.402023 2.637297
v 0.915919 2.421719 2.638654
v 0.758505 2.402023 2.792678
v 0.759863 2.421719 2.794709
v 0.555489 2.402023 2.876770
v 0.555966 2.421719 2.879166
v 0.335747 2.402023 2.876770
v 0.335270 2.421719 2.879167
v 0.132731 2.402023 2.792678
v 0.131374 2.421719 2.794709
v -0.022650 2.402023 2.637296
v -0.024682 2.421719 2.638654
v -0.106742 2.402023 2.434281
v -0.109138 2.421719 2.434757
v -0.106742 2.402023 2.214538
v -0.109138 2.421719 2.214061
v -0.022650 2.402023 2.011522
v -0.024682 2.421719 2.010165
v 0.132731 2.402023 1.856141
v 0.131374 2.421719 1.854110
v 0.335747 2.402023 1.772049
v 0.335270 2.421719 1.769653
v 0.696817 2.493150 -3.149206
v 0.704355 2.490721 -3.167405
v 0.389582 2.490721 -3.230017
v 0.389582 2.493150 -3.210319
v 0.957279 2.493150 -2.975171
v 0.971207 2.490721 -2.989100
v 1.131313 2.493150 -2.714710
v 1.149512 2.490721 -2.722248
v 1.192426 2.493150 -2.407474
v 1.212124 2.490720 -2.407474
v 1.131313 2.493150 -2.100239
v 1.149512 2.490721 -2.092701
v 0.957279 2.493150 -1.839778
v 0.971207 2.490720 -1.825849
v 0.696817 2.493150 -1.665743
v 0.704355 2.490721 -1.647544
v 0.389582 2.493150 -1.604630
v 0.389582 2.490721 -1.584932
v 0.082347 2.493150 -1.665743
v 0.074808 2.490721 -1.647544
v -0.178115 2.493150 -1.839778
v -0.192044 2.490721 -1.825849
v -0.352150 2.493150 -2.100239
v -0.370349 2.490721 -2.092701
v -0.413262 2.493150 -2.407474
v -0.432961 2.490721 -2.407474
v -0.352150 2.493150 -2.714710
v -0.370348 2.490721 -2.722248
v -0.178115 2.493150 -2.975171
v -0.192044 2.490721 -2.989100
v 0.082347 2.493150 -3.149206
v 0.074808 2.490721 -3.167405
v 0.155190 4.803399 -0.374662
v 0.162728 4.800978 -0.392861
v -0.000000 4.800977 -0.425229
v -0.000000 4.803398 -0.405530
v 0.286754 4.803399 -0.286753
v 0.300683 4.800978 -0.300682
v 0.374662 4.803398 -0.155189
v 0.392861 4.800977 -0.162728
v 0.405531 4.803398 0.000001
v 0.425230 4.800977 0.000001
v 0.374662 4.803398 0.155191
v 0.392861 4.800978 0.162730
v 0.286754 4.803399 0.286755
v 0.300683 4.800978 0.300684
v 0.155190 4.803399 0.374663
v 0.162728 4.800978 0.392863
v -0.000000 4.803399 0.405533
v -0.000000 4.800978 0.425231
v -0.155190 4.803399 0.374663
v -0.162729 4.800978 0.392863
v -0.286754 4.803399 0.286755
v -0.300683 4.800978 0.300684
v -0.374663 4.803399 0.155191
v -0.392862 4.800978 0.162730
v -0.405532 4.803399 0.000001
v -0.425230 4.800978 0.000001
v -0.374662 4.803398 -0.155189
v -0.392861 4.800977 -0.162728
v -0.286754 4.803399 -0.286754
v -0.300684 4.800978 -0.300683
v -0.155190 4.803399 -0.374662
v -0.162729 4.800978 -0.392861
v 0.647003 2.449417 1.838224
v 0.654541 2.446996 1.820024
v 0.445618 2.446996 1.778467
v 0.445618 2.449417 1.798166
v 0.817728 2.449417 1.952299
v 0.831658 2.446996 1.938370
v 0.931804 2.449417 2.123025
v 0.950003 2.446996 2.115486
v 0.971862 2.449417 2.324409
v 0.991561 2.446996 2.324409
v 0.931804 2.449417 2.525794
v 0.950003 2.446996 2.533332
v 0.817729 2.449417 2.696520
v 0.831658 2.446996 2.710449
v 0.647003 2.449417 2.810595
v 0.654541 2.446996 2.828794
v 0.445618 2.449418 2.850653
v 0.445618 2.446996 2.870352
v 0.244234 2.449417 2.810595
v 0.236695 2.446996 2.828794
v 0.073508 2.449417 2.696520
v 0.059579 2.446996 2.710449
v -0.040567 2.449417 2.525794
v -0.058766 2.446996 2.533333
v -0.080625 2.449417 2.324409
v -0.100323 2.446996 2.324409
v -0.040567 2.449417 2.123025
v -0.058766 2.446996 2.115486
v 0.073509 2.449417 1.952299
v 0.059579 2.446996 1.938370
v 0.244234 2.449417 1.838224
v 0.236695 2.446996 1.820025
v 0.550041 2.490719 -3.214158
v 0.546198 2.493148 -3.194839
v 0.846531 2.490719 -3.091348
v 0.835588 2.493148 -3.074970
v 1.073455 2.490719 -2.864424
v 1.057077 2.493148 -2.853481
v 1.196265 2.490719 -2.567934
v 1.176946 2.493148 -2.564091
v 1.196265 2.490719 -2.247015
v 1.176946 2.493148 -2.250858
v 1.073455 2.490719 -1.950525
v 1.057077 2.493148 -1.961468
v 0.846531 2.490719 -1.723601
v 0.835588 2.493148 -1.739979
v 0.550041 2.490719 -1.600791
v 0.546198 2.493148 -1.620110
v 0.229123 2.490719 -1.600791
v 0.232965 2.493148 -1.620110
v -0.067368 2.490719 -1.723601
v -0.056424 2.493148 -1.739979
v -0.294291 2.490719 -1.950525
v -0.277913 2.493148 -1.961468
v -0.417102 2.490719 -2.247015
v -0.397783 2.493148 -2.250858
v -0.417102 2.490719 -2.567934
v -0.397782 2.493148 -2.564091
v -0.294291 2.490719 -2.864424
v -0.277913 2.493148 -2.853481
v -0.067368 2.490719 -3.091348
v -0.056424 2.493148 -3.074970
v 0.229123 2.490719 -3.214158
v 0.232965 2.493148 -3.194839
v 0.082952 4.800976 -0.417030
v 0.079109 4.803396 -0.397710
v 0.236229 4.800976 -0.353540
v 0.225285 4.803396 -0.337162
v 0.353541 4.800976 -0.236228
v 0.337163 4.803396 -0.225284
v 0.417030 4.800975 -0.082952
v 0.397710 4.803396 -0.079109
v 0.417030 4.800975 0.082953
v 0.397710 4.803396 0.079110
v 0.353541 4.800976 0.236230
v 0.337163 4.803396 0.225286
v 0.236229 4.800976 0.353543
v 0.225285 4.803396 0.337164
v 0.082952 4.800976 0.417031
v 0.079109 4.803396 0.397711
v -0.082952 4.800976 0.417032
v -0.079110 4.803396 0.397712
v -0.236229 4.800976 0.353543
v -0.225285 4.803396 0.337164
v -0.353542 4.800976 0.236230
v -0.337163 4.803396 0.225286
v -0.417031 4.800976 0.082953
v -0.397711 4.803396 0.079110
v -0.417030 4.800975 -0.082952
v -0.397710 4.803396 -0.079109
v -0.353541 4.800976 -0.236228
v -0.337163 4.803396 -0.225284
v -0.236229 4.800976 -0.353541
v -0.225286 4.803397 -0.337162
v -0.082953 4.800976 -0.417030
v -0.079110 4.803396 -0.397710
v 0.552119 2.446994 1.788994
v 0.548276 2.449415 1.808314
v 0.748907 2.446994 1.870506
v 0.737963 2.449415 1.886884
v 0.899522 2.446994 2.021121
v 0.883143 2.449415 2.032065
v 0.981034 2.446994 2.217908
v 0.961714 2.449415 2.221751
v 0.981034 2.446995 2.430910
v 0.961714 2.449415 2.427067
v 0.899522 2.446995 2.627698
v 0.883143 2.449415 2.616754
v 0.748907 2.446995 2.778313
v 0.737963 2.449415 2.761934
v 0.552119 2.446995 2.859825
v 0.548276 2.449415 2.840505
v 0.339118 2.446995 2.859826
v 0.342960 2.449415 2.840506
v 0.142330 2.446994 2.778312
v 0.153274 2.449415 2.761934
v -0.008285 2.446994 2.627698
v 0.008094 2.449415 2.616754
v -0.089797 2.446994 2.430910
v -0.070477 2.449414 2.427067
v -0.089797 2.446995 2.217909
v -0.070477 2.449415 2.221752
v -0.008285 2.446994 2.021121
v 0.008094 2.449415 2.032064
v 0.142330 2.446994 1.870507
v 0.153274 2.449414 1.886885
v 0.339118 2.446994 1.788994
v 0.342961 2.449415 1.808314
vn -0.3365 -0.4764 -0.8123
vn -0.3568 -0.3614 -0.8614
vn -0.1819 -0.3614 -0.9145
vn -0.1715 -0.4764 -0.8623
vn -0.3772 -0.1693 -0.9105
vn -0.1923 -0.1693 -0.9666
vn -0.0000 -0.1693 -0.9856
vn -0.0000 -0.3614 -0.9324
vn -0.0000 -0.4764 -0.8792
vn 0.6217 -0.4764 -0.6217
vn 0.6593 -0.3614 -0.6593
vn 0.7753 -0.3614 -0.5180
vn 0.7310 -0.4764 -0.4885
vn 0.6969 -0.1693 -0.6969
vn 0.8195 -0.1693 -0.5476
vn 0.9105 -0.1693 -0.3772
vn 0.8614 -0.3614 -0.3568
vn 0.8123 -0.4764 -0.3365
vn 0.9145 -0.3614 -0.1819
vn 0.8623 -0.4764 -0.1715
vn 0.9666 -0.1693 -0.1923
vn 0.9856 -0.1693 -0.0000
vn 0.9324 -0.3614 -0.0000
vn 0.8792 -0.4764 -0.0000
vn 0.9145 -0.3614 0.1819
vn 0.8623 -0.4764 0.1715
vn 0.9666 -0.1693 0.1923
vn 0.9105 -0.1693 0.3772
vn 0.8614 -0.3614 0.3568
vn 0.8123 -0.4764 0.3365
vn 0.7753 -0.3614 0.5180
vn 0.7310 -0.4764 0.4885
vn 0.8195 -0.1693 0.5476
vn 0.6969 -0.1693 0.6969
vn 0.6593 -0.3614 0.6593
vn 0.6217 -0.4764 0.6217
vn 0.5180 -0.3614 0.7753
vn 0.4885 -0.4764 0.7310
vn 0.5476 -0.1693 0.8195
vn 0.3772 -0.1693 0.9105
vn 0.3568 -0.3614 0.8614
vn 0.3365 -0.4764 0.8123
vn 0.1819 -0.3614 0.9145
vn 0.1715 -0.4764 0.8623
vn 0.1923 -0.1693 0.9666
vn -0.0000 -0.1693 0.9856
vn -0.0000 -0.3614 0.9324
vn -0.0000 -0.4764 0.8792
vn -0.1819 -0.3614 0.9145
vn -0.1715 -0.4764 0.8623
vn -0.1923 -0.1693 0.9666
vn -0.3772 -0.1693 0.9105
vn -0.3568 -0.3614 0.8614
vn -0.3365 -0.4764 0.8123
vn -0.5180 -0.3614 0.7753
vn -0.4885 -0.4764 0.7310
vn -0.5476 -0.1693 0.8195
vn -0.6969 -0.1693 0.6969
vn -0.6593 -0.3614 0.6593
vn -0.6217 -0.4764 0.6217
vn -0.7753 -0.3614 0.5180
vn -0.7310 -0.4764 0.4885
vn -0.8195 -0.1693 0.5476
vn -0.9105 -0.1693 0.3772
vn -0.8614 -0.3614 0.3568
vn -0.8123 -0.4764 0.3365
vn -0.9145 -0.3614 0.1819
vn -0.8623 -0.4764 0.1715
vn -0.9666 -0.1693 0.1923
vn -0.9856 -0.1693 -0.0000
vn -0.9324 -0.3614 -0.0000
vn -0.8792 -0.4764 -0.0000
vn -0.9145 -0.3614 -0.1819
vn -0.8623 -0.4764 -0.1715
vn -0.9666 -0.1693 -0.1923
vn -0.9105 -0.1693 -0.3772
vn -0.8614 -0.3614 -0.3568
vn -0.8123 -0.4764 -0.3365
vn -0.7753 -0.3614 -0.5180
vn -0.7310 -0.4764 -0.4885
vn -0.8195 -0.1693 -0.5476
vn -0.6969 -0.1693 -0.6969
vn -0.6593 -0.3614 -0.6593
vn -0.6217 -0.4764 -0.6217
vn -0.5180 -0.3614 -0.7753
vn -0.4885 -0.4764 -0.7310
vn -0.5476 -0.1693 -0.8195
vn 0.1948 0.0570 0.9792
vn -0.0000 0.0570 0.9984
vn 0.3821 0.0570 0.9224
vn 0.3649 0.3014 0.8809
vn 0.1860 0.3014 0.9352
vn -0.0000 0.3014 0.9535
vn 0.3365 -0.4764 -0.8123
vn 0.3568 -0.3614 -0.8614
vn 0.5180 -0.3614 -0.7753
vn 0.4885 -0.4764 -0.7310
vn 0.3772 -0.1693 -0.9105
vn 0.5476 -0.1693 -0.8195
vn 0.1819 -0.3614 -0.9145
vn 0.1715 -0.4764 -0.8623
vn 0.1923 -0.1693 -0.9666
vn -0.8809 0.3014 -0.3649
vn -0.9352 0.3014 -0.1860
vn -0.8309 0.5313 -0.1653
vn -0.7827 0.5313 -0.3242
vn -0.9535 0.3014 -0.0000
vn -0.8472 0.5313 -0.0000
vn -0.7513 0.6599 -0.0000
vn -0.7369 0.6599 -0.1466
vn -0.6941 0.6599 -0.2875
vn 0.1948 0.0570 -0.9792
vn 0.3821 0.0570 -0.9224
vn -0.0000 0.0570 -0.9984
vn -0.0000 0.3014 -0.9535
vn 0.1860 0.3014 -0.9352
vn 0.3649 0.3014 -0.8809
vn -0.9792 0.0570 -0.1948
vn -0.9224 0.0570 -0.3821
vn -0.9984 0.0570 -0.0000
vn 0.8301 0.0570 0.5547
vn 0.7060 0.0570 0.7060
vn 0.9224 0.0570 0.3821
vn 0.8809 0.3014 0.3649
vn 0.7928 0.3014 0.5297
vn 0.6742 0.3014 0.6742
vn -0.8301 0.0570 0.5547
vn -0.9224 0.0570 0.3821
vn -0.7060 0.0570 0.7060
vn -0.6742 0.3014 0.6742
vn -0.7928 0.3014 0.5297
vn -0.8809 0.3014 0.3649
vn -0.1948 0.0570 -0.9792
vn -0.3821 0.0570 -0.9224
vn -0.3649 0.3014 -0.8809
vn -0.1860 0.3014 -0.9352
vn 0.9792 0.0570 -0.1948
vn 0.9984 0.0570 -0.0000
vn 0.9224 0.0570 -0.3821
vn 0.8809 0.3014 -0.3649
vn 0.9352 0.3014 -0.1860
vn 0.9535 0.3014 -0.0000
vn -0.1948 0.0570 0.9792
vn -0.3821 0.0570 0.9224
vn -0.1860 0.3014 0.9352
vn -0.3649 0.3014 0.8809
vn -0.8301 0.0570 -0.5547
vn -0.7060 0.0570 -0.7060
vn -0.7928 0.3014 -0.5297
vn -0.6742 0.3014 -0.6742
vn 0.5547 0.0570 -0.8301
vn 0.7060 0.0570 -0.7060
vn 0.5297 0.3014 -0.7928
vn 0.6742 0.3014 -0.6742
vn 0.5547 0.0570 0.8301
vn 0.5297 0.3014 0.7928
vn -0.9792 0.0570 0.1948
vn -0.9352 0.3014 0.1860
vn 0.9792 0.0570 0.1948
vn 0.9352 0.3014 0.1860
vn -0.5547 0.0570 0.8301
vn -0.5297 0.3014 0.7928
vn -0.5547 0.0570 -0.8301
vn -0.5297 0.3014 -0.7928
vn 0.8301 0.0570 -0.5547
vn 0.7928 0.3014 -0.5297
vn -0.8769 0.4806 -0.0000
vn -0.8601 0.4806 0.1711
vn -0.9308 0.3152 0.1851
vn -0.9490 0.3152 -0.0000
vn -0.8102 0.4806 0.3356
vn -0.8768 0.3152 0.3632
vn -0.9221 0.0625 0.3819
vn -0.9789 0.0625 0.1947
vn -0.9980 0.0625 -0.0000
vn 0.7044 0.5313 0.4707
vn 0.5991 0.5313 0.5991
vn 0.7827 0.5313 0.3242
vn 0.6941 0.6599 0.2875
vn 0.6247 0.6599 0.4174
vn 0.5313 0.6599 0.5313
vn -0.7044 0.5313 -0.4707
vn -0.5991 0.5313 -0.5991
vn -0.6247 0.6599 -0.4174
vn -0.5313 0.6599 -0.5313
vn 0.4707 0.5313 0.7044
vn 0.3242 0.5313 0.7827
vn 0.4174 0.6599 0.6247
vn 0.2875 0.6599 0.6941
vn -0.4707 0.5313 -0.7044
vn -0.3242 0.5313 -0.7827
vn -0.4174 0.6599 -0.6247
vn -0.2875 0.6599 -0.6941
vn 0.1653 0.5313 0.8309
vn -0.0000 0.5313 0.8472
vn 0.1466 0.6599 0.7369
vn -0.0000 0.6599 0.7513
vn 0.1653 0.5313 -0.8309
vn 0.3242 0.5313 -0.7827
vn -0.0000 0.5313 -0.8472
vn -0.0000 0.6599 -0.7513
vn 0.1466 0.6599 -0.7369
vn 0.2875 0.6599 -0.6941
vn -0.1653 0.5313 -0.8309
vn -0.1466 0.6599 -0.7369
vn -0.1653 0.5313 0.8309
vn -0.3242 0.5313 0.7827
vn -0.1466 0.6599 0.7369
vn -0.2875 0.6599 0.6941
vn 0.4707 0.5313 -0.7044
vn 0.5991 0.5313 -0.5991
vn 0.4174 0.6599 -0.6247
vn 0.5313 0.6599 -0.5313
vn -0.4707 0.5313 0.7044
vn -0.5991 0.5313 0.5991
vn -0.4174 0.6599 0.6247
vn -0.5313 0.6599 0.5313
vn 0.7044 0.5313 -0.4707
vn 0.7827 0.5313 -0.3242
vn 0.6247 0.6599 -0.4174
vn 0.6941 0.6599 -0.2875
vn -0.7044 0.5313 0.4707
vn -0.7827 0.5313 0.3242
vn -0.6247 0.6599 0.4174
vn -0.6941 0.6599 0.2875
vn 0.8309 0.5313 -0.1653
vn 0.8472 0.5313 -0.0000
vn 0.7369 0.6599 -0.1466
vn 0.7513 0.6599 -0.0000
vn -0.8309 0.5313 0.1653
vn -0.7369 0.6599 0.1466
vn 0.8309 0.5313 0.1653
vn 0.7369 0.6599 0.1466
vn 0.3949 0.7033 -0.5911
vn 0.5027 0.7033 -0.5027
vn 0.2720 0.7033 -0.6568
vn 0.2670 0.7164 -0.6446
vn 0.3876 0.7164 -0.5801
vn 0.4933 0.7164 -0.4933
vn 0.8102 0.4806 0.3356
vn 0.8601 0.4806 0.1711
vn 0.9308 0.3152 0.1851
vn 0.8768 0.3152 0.3632
vn 0.8769 0.4806 -0.0000
vn 0.9490 0.3152 -0.0000
vn 0.9980 0.0625 -0.0000
vn 0.9789 0.0625 0.1947
vn 0.9221 0.0625 0.3819
vn -0.8102 0.4806 -0.3356
vn -0.8601 0.4806 -0.1711
vn -0.9308 0.3152 -0.1851
vn -0.8768 0.3152 -0.3632
vn -0.9789 0.0625 -0.1947
vn -0.9221 0.0625 -0.3819
vn 0.6201 0.4806 0.6201
vn 0.7292 0.4806 0.4872
vn 0.7891 0.3152 0.5273
vn 0.6711 0.3152 0.6711
vn 0.8298 0.0625 0.5545
vn 0.7057 0.0625 0.7057
vn -0.6201 0.4806 -0.6201
vn -0.7292 0.4806 -0.4872
vn -0.7891 0.3152 -0.5273
vn -0.6711 0.3152 -0.6711
vn -0.8298 0.0625 -0.5545
vn -0.7057 0.0625 -0.7057
vn 0.3356 0.4806 0.8102
vn 0.4872 0.4806 0.7292
vn 0.5273 0.3152 0.7891
vn 0.3632 0.3152 0.8768
vn 0.5545 0.0625 0.8298
vn 0.3819 0.0625 0.9221
vn -0.3356 0.4806 -0.8102
vn -0.4872 0.4806 -0.7292
vn -0.5273 0.3152 -0.7891
vn -0.3632 0.3152 -0.8768
vn -0.5545 0.0625 -0.8298
vn -0.3819 0.0625 -0.9221
vn -0.0000 0.4806 0.8769
vn 0.1711 0.4806 0.8601
vn 0.1851 0.3152 0.9308
vn -0.0000 0.3152 0.9490
vn 0.1947 0.0625 0.9789
vn -0.0000 0.0625 0.9980
vn -0.3356 0.4806 0.8102
vn -0.1711 0.4806 0.8601
vn -0.1851 0.3152 0.9308
vn -0.3632 0.3152 0.8768
vn -0.1947 0.0625 0.9789
vn -0.3819 0.0625 0.9221
vn 0.6201 0.4806 -0.6201
vn 0.4872 0.4806 -0.7292
vn 0.5273 0.3152 -0.7891
vn 0.6711 0.3152 -0.6711
vn 0.3356 0.4806 -0.8102
vn 0.3632 0.3152 -0.8768
vn 0.3819 0.0625 -0.9221
vn 0.5545 0.0625 -0.8298
vn 0.7057 0.0625 -0.7057
vn 0.8102 0.4806 -0.3356
vn 0.7292 0.4806 -0.4872
vn 0.7891 0.3152 -0.5273
vn 0.8768 0.3152 -0.3632
vn 0.8298 0.0625 -0.5545
vn 0.9221 0.0625 -0.3819
vn -0.6201 0.4806 0.6201
vn -0.4872 0.4806 0.7292
vn -0.5273 0.3152 0.7891
vn -0.6711 0.3152 0.6711
vn -0.5545 0.0625 0.8298
vn -0.7057 0.0625 0.7057
vn -0.0000 0.4806 -0.8769
vn -0.1711 0.4806 -0.8601
vn -0.1851 0.3152 -0.9308
vn -0.0000 0.3152 -0.9490
vn -0.1947 0.0625 -0.9789
vn -0.0000 0.0625 -0.9980
vn -0.7292 0.4806 0.4872
vn -0.7891 0.3152 0.5273
vn -0.8298 0.0625 0.5545
vn 0.8601 0.4806 -0.1711
vn 0.9308 0.3152 -0.1851
vn 0.9789 0.0625 -0.1947
vn 0.8026 -0.2612 0.5363
vn 0.6825 -0.2613 0.6825
vn 0.8918 -0.2613 0.3694
vn 0.7833 -0.5303 0.3244
vn 0.7050 -0.5303 0.4710
vn 0.5995 -0.5303 0.5995
vn -0.1387 0.7033 -0.6972
vn -0.0000 0.7033 -0.7109
vn -0.2720 0.7033 -0.6568
vn -0.2670 0.7164 -0.6446
vn -0.1361 0.7164 -0.6843
vn -0.0000 0.7164 -0.6977
vn -0.1387 0.7033 0.6972
vn -0.2720 0.7033 0.6568
vn -0.0000 0.7033 0.7109
vn -0.0000 0.7164 0.6977
vn -0.1361 0.7164 0.6843
vn -0.2670 0.7164 0.6446
vn 0.1711 0.4806 -0.8601
vn 0.1851 0.3152 -0.9308
vn 0.1947 0.0625 -0.9789
vn -0.3949 0.7033 0.5911
vn -0.5027 0.7033 0.5027
vn -0.3876 0.7164 0.5801
vn -0.4933 0.7164 0.4933
vn 0.5911 0.7033 -0.3949
vn 0.6568 0.7033 -0.2720
vn 0.5801 0.7164 -0.3876
vn 0.6446 0.7164 -0.2670
vn -0.5911 0.7033 0.3949
vn -0.6568 0.7033 0.2720
vn -0.5801 0.7164 0.3876
vn -0.6446 0.7164 0.2670
vn 0.6972 0.7033 -0.1387
vn 0.7109 0.7033 -0.0000
vn 0.6843 0.7164 -0.1361
vn 0.6977 0.7164 -0.0000
vn -0.6972 0.7033 0.1387
vn -0.7109 0.7033 -0.0000
vn -0.6843 0.7164 0.1361
vn -0.6977 0.7164 -0.0000
vn 0.6972 0.7033 0.1387
vn 0.6568 0.7033 0.2720
vn 0.6843 0.7164 0.1361
vn 0.6446 0.7164 0.2670
vn -0.6972 0.7033 -0.1387
vn -0.6568 0.7033 -0.2720
vn -0.6843 0.7164 -0.1361
vn -0.6446 0.7164 -0.2670
vn 0.5911 0.7033 0.3949
vn 0.5027 0.7033 0.5027
vn 0.5801 0.7164 0.3876
vn 0.4933 0.7164 0.4933
vn -0.5911 0.7033 -0.3949
vn -0.5027 0.7033 -0.5027
vn -0.5801 0.7164 -0.3876
vn -0.4933 0.7164 -0.4933
vn 0.3949 0.7033 0.5911
vn 0.2720 0.7033 0.6568
vn 0.3876 0.7164 0.5801
vn 0.2670 0.7164 0.6446
vn -0.3949 0.7033 -0.5911
vn -0.3876 0.7164 -0.5801
vn 0.1387 0.7033 0.6972
vn 0.1361 0.7164 0.6843
vn -0.6077 -0.7532 0.2517
vn -0.5469 -0.7532 0.3654
vn -0.5190 -0.7813 0.3468
vn -0.5766 -0.7813 0.2388
vn -0.4651 -0.7532 0.4651
vn -0.4413 -0.7813 0.4413
vn -0.3468 -0.7813 0.5190
vn -0.4863 -0.4837 0.7277
vn -0.6189 -0.4837 0.6189
vn -0.9471 0.2600 0.1884
vn -0.8921 0.2599 0.3695
vn -0.4720 0.8596 0.1955
vn -0.5010 0.8597 0.0997
vn -0.8026 -0.2612 -0.5363
vn -0.6825 -0.2613 -0.6825
vn -0.8918 -0.2613 -0.3694
vn -0.7833 -0.5303 -0.3244
vn -0.7050 -0.5303 -0.4710
vn -0.5995 -0.5303 -0.5995
vn 0.5363 -0.2612 0.8026
vn 0.3694 -0.2613 0.8918
vn 0.4710 -0.5303 0.7050
vn 0.3244 -0.5303 0.7833
vn -0.5363 -0.2612 -0.8026
vn -0.3694 -0.2613 -0.8918
vn -0.4710 -0.5303 -0.7050
vn -0.3244 -0.5303 -0.7833
vn 0.1883 -0.2612 0.9467
vn -0.0000 -0.2613 0.9653
vn 0.1654 -0.5303 0.8315
vn -0.0000 -0.5303 0.8478
vn 0.1883 -0.2612 -0.9467
vn 0.3694 -0.2613 -0.8918
vn -0.0000 -0.2613 -0.9653
vn -0.0000 -0.5303 -0.8478
vn 0.1654 -0.5303 -0.8315
vn 0.3244 -0.5303 -0.7833
vn -0.1883 -0.2612 -0.9467
vn -0.1654 -0.5303 -0.8315
vn -0.1883 -0.2612 0.9467
vn -0.3694 -0.2613 0.8918
vn -0.1654 -0.5303 0.8315
vn -0.3244 -0.5303 0.7833
vn 0.5363 -0.2612 -0.8026
vn 0.6825 -0.2613 -0.6825
vn 0.4710 -0.5303 -0.7050
vn 0.5995 -0.5303 -0.5995
vn -0.5363 -0.2612 0.8026
vn -0.6825 -0.2613 0.6825
vn -0.4710 -0.5303 0.7050
vn -0.5995 -0.5303 0.5995
vn 0.8026 -0.2612 -0.5363
vn 0.8918 -0.2613 -0.3694
vn 0.7050 -0.5303 -0.4710
vn 0.7833 -0.5303 -0.3244
vn -0.8026 -0.2612 0.5363
vn -0.8918 -0.2613 0.3694
vn -0.7050 -0.5303 0.4710
vn -0.7833 -0.5303 0.3244
vn 0.9467 -0.2612 -0.1883
vn 0.9653 -0.2613 -0.0000
vn 0.8315 -0.5303 -0.1654
vn 0.8478 -0.5303 -0.0000
vn -0.9467 -0.2612 0.1883
vn -0.9653 -0.2613 -0.0000
vn -0.8315 -0.5303 0.1654
vn -0.8478 -0.5303 -0.0000
vn 0.9467 -0.2612 0.1883
vn 0.8315 -0.5303 0.1654
vn -0.9467 -0.2612 -0.1883
vn -0.8315 -0.5303 -0.1654
vn 0.6577 -0.7532 -0.0000
vn 0.6451 -0.7532 -0.1283
vn 0.6122 -0.7813 -0.1218
vn 0.6241 -0.7813 -0.0000
vn 0.6077 -0.7532 -0.2517
vn 0.5766 -0.7813 -0.2388
vn 0.5190 -0.7813 -0.3468
vn 0.7277 -0.4837 -0.4863
vn 0.8086 -0.4837 -0.3349
vn 0.9471 0.2600 0.1884
vn 0.9656 0.2599 -0.0000
vn 0.5109 0.8596 -0.0000
vn 0.5010 0.8597 0.0997
vn -0.6577 -0.7532 -0.0000
vn -0.6451 -0.7532 0.1283
vn -0.6122 -0.7813 0.1218
vn -0.6241 -0.7813 -0.0000
vn -0.7277 -0.4837 0.4863
vn -0.8086 -0.4837 0.3349
vn -0.9471 0.2600 -0.1884
vn -0.9656 0.2599 -0.0000
vn -0.5109 0.8596 -0.0000
vn -0.5010 0.8597 -0.0997
vn 0.6077 -0.7532 0.2517
vn 0.6451 -0.7532 0.1283
vn 0.6122 -0.7813 0.1218
vn 0.5766 -0.7813 0.2388
vn 0.8584 -0.4837 -0.1707
vn 0.8753 -0.4837 -0.0000
vn 0.8029 0.2600 0.5365
vn 0.8921 0.2599 0.3695
vn 0.4720 0.8596 0.1955
vn 0.4247 0.8597 0.2838
vn -0.6077 -0.7532 -0.2517
vn -0.6451 -0.7532 -0.1283
vn -0.6122 -0.7813 -0.1218
vn -0.5766 -0.7813 -0.2388
vn -0.8584 -0.4837 0.1707
vn -0.8753 -0.4837 -0.0000
vn -0.8029 0.2600 -0.5365
vn -0.8921 0.2599 -0.3695
vn -0.4720 0.8596 -0.1955
vn -0.4247 0.8597 -0.2838
vn 0.4651 -0.7532 0.4651
vn 0.5469 -0.7532 0.3654
vn 0.5190 -0.7813 0.3468
vn 0.4413 -0.7813 0.4413
vn 0.8584 -0.4837 0.1707
vn 0.8086 -0.4837 0.3349
vn 0.5365 0.2600 0.8029
vn 0.6828 0.2599 0.6828
vn 0.3613 0.8596 0.3613
vn 0.2838 0.8597 0.4247
vn -0.4651 -0.7532 -0.4651
vn -0.5469 -0.7532 -0.3654
vn -0.5190 -0.7813 -0.3468
vn -0.4413 -0.7813 -0.4413
vn -0.8584 -0.4837 -0.1707
vn -0.8086 -0.4837 -0.3349
vn -0.5365 0.2600 -0.8029
vn -0.6828 0.2599 -0.6828
vn -0.3613 0.8596 -0.3613
vn -0.2838 0.8597 -0.4247
vn 0.2517 -0.7532 0.6077
vn 0.3654 -0.7532 0.5469
vn 0.3468 -0.7813 0.5190
vn 0.2388 -0.7813 0.5766
vn 0.7277 -0.4837 0.4863
vn 0.6189 -0.4837 0.6189
vn 0.1884 0.2600 0.9471
vn 0.3695 0.2599 0.8921
vn 0.1955 0.8596 0.4720
vn 0.0996 0.8597 0.5010
vn -0.2517 -0.7532 -0.6077
vn -0.3654 -0.7532 -0.5469
vn -0.3468 -0.7813 -0.5190
vn -0.2388 -0.7813 -0.5766
vn -0.7277 -0.4837 -0.4863
vn -0.6189 -0.4837 -0.6189
vn -0.1884 0.2599 -0.9471
vn -0.3695 0.2599 -0.8921
vn -0.1955 0.8596 -0.4720
vn -0.0997 0.8597 -0.5010
vn -0.0000 -0.7532 0.6577
vn 0.1283 -0.7532 0.6451
vn 0.1218 -0.7813 0.6122
vn -0.0000 -0.7813 0.6241
vn 0.4863 -0.4837 0.7277
vn 0.3349 -0.4837 0.8086
vn -0.1884 0.2600 0.9471
vn -0.0000 0.2599 0.9656
vn -0.0000 0.8596 0.5109
vn -0.0997 0.8597 0.5010
vn 0.2517 -0.7532 -0.6077
vn 0.1283 -0.7532 -0.6451
vn 0.1218 -0.7813 -0.6122
vn 0.2388 -0.7813 -0.5766
vn -0.0000 -0.7532 -0.6577
vn -0.0000 -0.7813 -0.6241
vn -0.0000 0.2599 -0.9656
vn -0.0000 0.8596 -0.5109
vn 0.5365 0.2600 -0.8029
vn 0.3695 0.2599 -0.8921
vn 0.1955 0.8596 -0.4720
vn 0.2838 0.8597 -0.4247
vn -0.1283 -0.7532 -0.6451
vn -0.1218 -0.7813 -0.6122
vn -0.4863 -0.4837 -0.7277
vn -0.3349 -0.4837 -0.8086
vn 0.6828 0.2599 -0.6828
vn 0.3613 0.8596 -0.3613
vn -0.2517 -0.7532 0.6077
vn -0.1283 -0.7532 0.6451
vn -0.1218 -0.7813 0.6122
vn -0.2388 -0.7813 0.5766
vn 0.1707 -0.4837 0.8584
vn -0.0000 -0.4837 0.8753
vn -0.5365 0.2600 0.8029
vn -0.3695 0.2599 0.8921
vn -0.1955 0.8596 0.4720
vn -0.2838 0.8597 0.4247
vn 0.4651 -0.7532 -0.4651
vn 0.3654 -0.7532 -0.5469
vn 0.3468 -0.7813 -0.5190
vn 0.4413 -0.7813 -0.4413
vn 0.1707 -0.4837 -0.8584
vn 0.3349 -0.4837 -0.8086
vn 0.8029 0.2600 -0.5365
vn 0.4247 0.8597 -0.2838
vn -0.3654 -0.7532 0.5469
vn -0.1707 -0.4837 0.8584
vn -0.3349 -0.4837 0.8086
vn -0.8029 0.2600 0.5365
vn -0.6828 0.2599 0.6828
vn -0.3613 0.8596 0.3613
vn -0.4247 0.8597 0.2838
vn 0.5469 -0.7532 -0.3654
vn 0.4863 -0.4837 -0.7277
vn 0.6189 -0.4837 -0.6189
vn 0.9471 0.2600 -0.1884
vn 0.8921 0.2599 -0.3695
vn 0.4720 0.8596 -0.1955
vn 0.5010 0.8597 -0.0996
vn 0.1361 0.7164 -0.6843
vn 0.1384 0.7048 -0.6958
vn 0.2715 0.7048 -0.6554
vn -0.0000 0.7048 -0.7094
vn -0.0000 0.6658 -0.7461
vn 0.1456 0.6658 -0.7318
vn 0.2855 0.6658 -0.6893
vn 0.1569 0.5943 -0.7888
vn 0.3077 0.5944 -0.7430
vn -0.0000 0.5944 -0.8042
vn 0.3941 0.7048 -0.5899
vn 0.5016 0.7048 -0.5016
vn 0.4145 0.6658 -0.6204
vn 0.5276 0.6658 -0.5276
vn 0.4468 0.5943 -0.6687
vn 0.5686 0.5944 -0.5686
vn 0.5899 0.7048 -0.3941
vn 0.6554 0.7048 -0.2715
vn 0.6204 0.6658 -0.4145
vn 0.6893 0.6658 -0.2855
vn 0.6687 0.5943 -0.4468
vn 0.7430 0.5944 -0.3077
vn 0.6958 0.7048 -0.1384
vn 0.7094 0.7048 -0.0000
vn 0.7318 0.6658 -0.1456
vn 0.7461 0.6658 -0.0000
vn 0.7888 0.5943 -0.1569
vn 0.8042 0.5944 -0.0000
vn 0.6958 0.7048 0.1384
vn 0.6554 0.7048 0.2715
vn 0.7318 0.6658 0.1456
vn 0.6893 0.6658 0.2855
vn 0.7888 0.5943 0.1569
vn 0.7430 0.5944 0.3077
vn 0.5899 0.7048 0.3941
vn 0.5016 0.7048 0.5016
vn 0.6204 0.6658 0.4145
vn 0.5276 0.6658 0.5276
vn 0.6687 0.5943 0.4468
vn 0.5686 0.5944 0.5686
vn 0.3941 0.7048 0.5899
vn 0.2715 0.7048 0.6554
vn 0.4145 0.6658 0.6204
vn 0.2855 0.6658 0.6893
vn 0.4468 0.5943 0.6687
vn 0.3077 0.5944 0.7430
vn 0.1384 0.7048 0.6958
vn -0.0000 0.7048 0.7094
vn 0.1456 0.6658 0.7318
vn -0.0000 0.6658 0.7461
vn 0.1569 0.5943 0.7888
vn -0.0000 0.5944 0.8042
vn -0.1384 0.7048 0.6958
vn -0.2715 0.7048 0.6554
vn -0.1456 0.6658 0.7318
vn -0.2855 0.6658 0.6893
vn -0.1569 0.5943 0.7888
vn -0.3077 0.5944 0.7430
vn -0.3941 0.7048 0.5899
vn -0.5016 0.7048 0.5016
vn -0.4145 0.6658 0.6204
vn -0.5276 0.6658 0.5276
vn -0.4468 0.5943 0.6687
vn -0.5686 0.5944 0.5686
vn -0.5899 0.7048 0.3941
vn -0.6554 0.7048 0.2715
vn -0.6204 0.6658 0.4145
vn -0.6893 0.6658 0.2855
vn -0.6687 0.5943 0.4468
vn -0.7430 0.5944 0.3077
vn -0.6958 0.7048 0.1384
vn -0.7094 0.7048 -0.0000
vn -0.7318 0.6658 0.1456
vn -0.7461 0.6658 -0.0000
vn -0.7888 0.5943 0.1569
vn -0.8042 0.5944 -0.0000
vn -0.6958 0.7048 -0.1384
vn -0.6554 0.7048 -0.2715
vn -0.7318 0.6658 -0.1456
vn -0.6893 0.6658 -0.2855
vn -0.7888 0.5943 -0.1569
vn -0.7430 0.5944 -0.3077
vn -0.5899 0.7048 -0.3941
vn -0.5016 0.7048 -0.5016
vn -0.6204 0.6658 -0.4145
vn -0.5276 0.6658 -0.5276
vn -0.6687 0.5943 -0.4468
vn -0.5686 0.5944 -0.5686
vn -0.3941 0.7048 -0.5899
vn -0.2715 0.7048 -0.6554
vn -0.4145 0.6658 -0.6204
vn -0.2855 0.6658 -0.6893
vn -0.4468 0.5943 -0.6687
vn -0.3077 0.5944 -0.7430
vn -0.1384 0.7048 -0.6958
vn -0.1456 0.6658 -0.7318
vn -0.1569 0.5943 -0.7888
vn 0.1387 0.7033 -0.6972
vn -0.0000 -0.5712 -0.8208
vn 0.1601 -0.5712 -0.8051
vn 0.1455 -0.6663 -0.7314
vn -0.0000 -0.6663 -0.7457
vn 0.3141 -0.5712 -0.7583
vn 0.2854 -0.6663 -0.6889
vn 0.1997 -0.8531 -0.4821
vn 0.1019 -0.8528 -0.5122
vn -0.0000 -0.8531 -0.5218
vn 0.0411 -0.9776 -0.2066
vn -0.0000 -0.9766 -0.2153
vn 0.0824 -0.9766 -0.1989
vn 0.0215 -0.9984 -0.0518
vn 0.0068 -0.9994 -0.0342
vn -0.0000 -0.9984 -0.0561
vn 0.4560 -0.5712 -0.6825
vn 0.4143 -0.6663 -0.6200
vn 0.5804 -0.5712 -0.5804
vn 0.5273 -0.6663 -0.5273
vn 0.3690 -0.8531 -0.3690
vn 0.2901 -0.8528 -0.4342
vn 0.1170 -0.9776 -0.1751
vn 0.1522 -0.9766 -0.1522
vn 0.0396 -0.9984 -0.0396
vn 0.0194 -0.9994 -0.0290
vn 0.6825 -0.5712 -0.4560
vn 0.6200 -0.6663 -0.4143
vn 0.7583 -0.5712 -0.3141
vn 0.6890 -0.6663 -0.2854
vn 0.4821 -0.8531 -0.1997
vn 0.4342 -0.8528 -0.2901
vn 0.1751 -0.9776 -0.1170
vn 0.1989 -0.9766 -0.0824
vn 0.0518 -0.9984 -0.0215
vn 0.0290 -0.9994 -0.0194
vn 0.8051 -0.5712 -0.1601
vn 0.7314 -0.6663 -0.1455
vn 0.8208 -0.5712 -0.0000
vn 0.7457 -0.6663 -0.0000
vn 0.5218 -0.8531 -0.0000
vn 0.5122 -0.8528 -0.1019
vn 0.2066 -0.9776 -0.0411
vn 0.2153 -0.9766 -0.0000
vn 0.0561 -0.9984 -0.0000
vn 0.0342 -0.9994 -0.0068
vn 0.8051 -0.5712 0.1601
vn 0.7314 -0.6663 0.1455
vn 0.7583 -0.5712 0.3141
vn 0.6890 -0.6663 0.2854
vn 0.4821 -0.8531 0.1997
vn 0.5122 -0.8528 0.1019
vn 0.2066 -0.9776 0.0411
vn 0.1989 -0.9766 0.0824
vn 0.0518 -0.9984 0.0215
vn 0.0342 -0.9994 0.0068
vn 0.6825 -0.5712 0.4560
vn 0.6200 -0.6663 0.4143
vn 0.5804 -0.5712 0.5804
vn 0.5273 -0.6663 0.5273
vn 0.3690 -0.8531 0.3690
vn 0.4342 -0.8528 0.2901
vn 0.1751 -0.9776 0.1170
vn 0.1522 -0.9766 0.1522
vn 0.0396 -0.9984 0.0396
vn 0.0290 -0.9994 0.0194
vn 0.4560 -0.5712 0.6825
vn 0.4143 -0.6663 0.6200
vn 0.3141 -0.5712 0.7583
vn 0.2854 -0.6663 0.6889
vn 0.1997 -0.8531 0.4821
vn 0.2901 -0.8528 0.4342
vn 0.1170 -0.9776 0.1751
vn 0.0824 -0.9766 0.1989
vn 0.0215 -0.9984 0.0518
vn 0.0194 -0.9994 0.0290
vn 0.1601 -0.5712 0.8051
vn 0.1455 -0.6663 0.7314
vn -0.0000 -0.5712 0.8208
vn -0.0000 -0.6663 0.7457
vn -0.0000 -0.8531 0.5218
vn 0.1019 -0.8528 0.5122
vn 0.0411 -0.9776 0.2066
vn -0.0000 -0.9766 0.2153
vn -0.0000 -0.9984 0.0561
vn 0.0068 -0.9994 0.0342
vn -0.1601 -0.5712 0.8051
vn -0.1455 -0.6663 0.7314
vn -0.3141 -0.5712 0.7583
vn -0.2854 -0.6663 0.6889
vn -0.1997 -0.8531 0.4821
vn -0.1019 -0.8528 0.5122
vn -0.0411 -0.9776 0.2066
vn -0.0824 -0.9766 0.1989
vn -0.0215 -0.9984 0.0518
vn -0.0068 -0.9994 0.0342
vn -0.4560 -0.5712 0.6825
vn -0.4143 -0.6663 0.6200
vn -0.5804 -0.5712 0.5804
vn -0.5273 -0.6663 0.5273
vn -0.3690 -0.8531 0.3690
vn -0.2901 -0.8528 0.4342
vn -0.1170 -0.9776 0.1751
vn -0.1522 -0.9766 0.1522
vn -0.0396 -0.9984 0.0396
vn -0.0194 -0.9994 0.0290
vn -0.6825 -0.5712 0.4560
vn -0.6200 -0.6663 0.4143
vn -0.7583 -0.5712 0.3141
vn -0.6890 -0.6663 0.2854
vn -0.4821 -0.8531 0.1997
vn -0.4342 -0.8528 0.2901
vn -0.1751 -0.9776 0.1170
vn -0.1989 -0.9766 0.0824
vn -0.0518 -0.9984 0.0215
vn -0.0290 -0.9994 0.0194
vn -0.8051 -0.5712 0.1601
vn -0.7314 -0.6663 0.1455
vn -0.8208 -0.5712 -0.0000
vn -0.7457 -0.6663 -0.0000
vn -0.5218 -0.8531 -0.0000
vn -0.5122 -0.8528 0.1019
vn -0.2066 -0.9776 0.0411
vn -0.2153 -0.9766 -0.0000
vn -0.0561 -0.9984 -0.0000
vn -0.0342 -0.9994 0.0068
vn -0.8051 -0.5712 -0.1601
vn -0.7314 -0.6663 -0.1455
vn -0.7583 -0.5712 -0.3141
vn -0.6889 -0.6663 -0.2854
vn -0.4821 -0.8531 -0.1997
vn -0.5122 -0.8528 -0.1019
vn -0.2066 -0.9776 -0.0411
vn -0.1989 -0.9766 -0.0824
vn -0.0518 -0.9984 -0.0215
vn -0.0342 -0.9994 -0.0068
vn -0.6825 -0.5712 -0.4560
vn -0.6200 -0.6663 -0.4143
vn -0.5804 -0.5712 -0.5804
vn -0.5273 -0.6663 -0.5273
vn -0.3690 -0.8531 -0.3690
vn -0.4342 -0.8528 -0.2901
vn -0.1751 -0.9776 -0.1170
vn -0.1522 -0.9766 -0.1522
vn -0.0396 -0.9984 -0.0396
vn -0.0290 -0.9994 -0.0194
vn -0.4560 -0.5712 -0.6825
vn -0.4143 -0.6663 -0.6200
vn -0.3141 -0.5712 -0.7583
vn -0.2854 -0.6663 -0.6889
vn -0.1997 -0.8531 -0.4821
vn -0.2901 -0.8528 -0.4342
vn -0.1170 -0.9776 -0.1751
vn -0.0824 -0.9766 -0.1989
vn -0.0215 -0.9984 -0.0518
vn -0.0194 -0.9994 -0.0290
vn -0.1601 -0.5712 -0.8051
vn -0.1455 -0.6663 -0.7314
vn -0.1019 -0.8528 -0.5122
vn -0.0411 -0.9776 -0.2066
vn -0.0068 -0.9994 -0.0342
vn -0.0000 -1.0000 -0.0000
vn -0.0000 -0.5317 -0.8470
vn 0.1652 -0.5316 -0.8307
vn 0.3241 -0.5317 -0.7825
vn 0.4706 -0.5316 -0.7042
vn 0.5989 -0.5317 -0.5989
vn -0.5989 -0.5317 -0.5989
vn -0.4706 -0.5316 -0.7042
vn -0.3241 -0.5317 -0.7825
vn -0.7825 -0.5317 -0.3241
vn -0.7042 -0.5316 -0.4706
vn -0.8470 -0.5317 -0.0000
vn -0.8307 -0.5316 -0.1652
vn -0.7825 -0.5317 0.3241
vn -0.8307 -0.5316 0.1652
vn -0.5989 -0.5317 0.5989
vn -0.7042 -0.5316 0.4706
vn -0.3241 -0.5317 0.7825
vn -0.4706 -0.5316 0.7042
vn -0.0000 -0.5317 0.8470
vn -0.1652 -0.5316 0.8307
vn 0.3241 -0.5317 0.7825
vn 0.1652 -0.5316 0.8307
vn 0.5989 -0.5317 0.5989
vn 0.4706 -0.5316 0.7042
vn 0.7825 -0.5317 0.3241
vn 0.7042 -0.5316 0.4706
vn 0.8470 -0.5317 -0.0000
vn 0.8307 -0.5316 0.1652
vn 0.7825 -0.5317 -0.3241
vn 0.8307 -0.5316 -0.1652
vn 0.7042 -0.5316 -0.4706
vn -0.1652 -0.5316 -0.8307
vn 0.6071 -0.6833 -0.4057
vn 0.6746 -0.6833 -0.2794
vn 0.5163 -0.6833 -0.5163
vn -0.4057 -0.6832 0.6071
vn -0.5163 -0.6833 0.5163
vn -0.2794 -0.6833 0.6746
vn 0.4057 -0.6832 -0.6071
vn 0.2794 -0.6833 -0.6746
vn -0.1425 -0.6832 0.7162
vn -0.0000 -0.6833 0.7301
vn -0.1425 -0.6832 -0.7162
vn -0.0000 -0.6833 -0.7302
vn -0.2794 -0.6833 -0.6746
vn 0.1425 -0.6832 -0.7162
vn 0.1425 -0.6832 0.7162
vn 0.2794 -0.6833 0.6746
vn -0.4057 -0.6832 -0.6071
vn -0.5163 -0.6833 -0.5163
vn 0.4057 -0.6832 0.6071
vn 0.5163 -0.6833 0.5163
vn -0.6071 -0.6832 -0.4057
vn -0.6746 -0.6833 -0.2794
vn 0.6071 -0.6832 0.4057
vn 0.6746 -0.6833 0.2794
vn -0.7162 -0.6832 -0.1425
vn -0.7301 -0.6833 -0.0000
vn 0.7162 -0.6833 0.1425
vn 0.7301 -0.6833 -0.0000
vn -0.7162 -0.6832 0.1425
vn -0.6746 -0.6833 0.2794
vn 0.7162 -0.6833 -0.1425
vn -0.6071 -0.6832 0.4057
vn -0.3709 -0.2463 -0.8954
vn -0.3798 -0.1231 -0.9169
vn -0.1936 -0.1231 -0.9733
vn -0.1891 -0.2463 -0.9506
vn -0.3823 -0.0434 -0.9230
vn -0.1949 -0.0434 -0.9799
vn -0.0000 -0.0434 -0.9991
vn -0.0000 -0.1231 -0.9924
vn -0.0000 -0.2463 -0.9692
vn 0.6853 -0.2463 -0.6853
vn 0.7017 -0.1231 -0.7017
vn 0.8251 -0.1231 -0.5513
vn 0.8059 -0.2463 -0.5385
vn 0.7064 -0.0434 -0.7064
vn 0.8307 -0.0434 -0.5550
vn 0.9230 -0.0434 -0.3823
vn 0.9169 -0.1231 -0.3798
vn 0.8954 -0.2463 -0.3709
vn 0.9733 -0.1231 -0.1936
vn 0.9506 -0.2463 -0.1891
vn 0.9799 -0.0434 -0.1949
vn 0.9991 -0.0434 -0.0000
vn 0.9924 -0.1231 -0.0000
vn 0.9692 -0.2463 -0.0000
vn 0.9733 -0.1231 0.1936
vn 0.9506 -0.2463 0.1891
vn 0.9799 -0.0434 0.1949
vn 0.9230 -0.0434 0.3823
vn 0.9169 -0.1231 0.3798
vn 0.8954 -0.2463 0.3709
vn 0.8252 -0.1231 0.5513
vn 0.8059 -0.2463 0.5385
vn 0.8307 -0.0434 0.5550
vn 0.7064 -0.0434 0.7064
vn 0.7017 -0.1231 0.7017
vn 0.6853 -0.2463 0.6853
vn 0.5513 -0.1231 0.8252
vn 0.5385 -0.2463 0.8059
vn 0.5550 -0.0434 0.8307
vn 0.3823 -0.0434 0.9230
vn 0.3798 -0.1231 0.9169
vn 0.3709 -0.2463 0.8954
vn 0.1936 -0.1231 0.9733
vn 0.1891 -0.2463 0.9506
vn 0.1949 -0.0434 0.9799
vn -0.0000 -0.0434 0.9991
vn -0.0000 -0.1231 0.9924
vn -0.0000 -0.2463 0.9692
vn -0.1936 -0.1231 0.9733
vn -0.1891 -0.2463 0.9506
vn -0.1949 -0.0434 0.9799
vn -0.3823 -0.0434 0.9230
vn -0.3798 -0.1231 0.9169
vn -0.3709 -0.2463 0.8954
vn -0.5513 -0.1231 0.8251
vn -0.5385 -0.2463 0.8059
vn -0.5550 -0.0434 0.8307
vn -0.7064 -0.0434 0.7064
vn -0.7017 -0.1231 0.7017
vn -0.6853 -0.2463 0.6853
vn -0.8252 -0.1231 0.5513
vn -0.8059 -0.2463 0.5385
vn -0.8307 -0.0434 0.5550
vn -0.9230 -0.0434 0.3823
vn -0.9169 -0.1231 0.3798
vn -0.8954 -0.2463 0.3709
vn -0.9733 -0.1231 0.1936
vn -0.9506 -0.2463 0.1891
vn -0.9799 -0.0434 0.1949
vn -0.9991 -0.0434 -0.0000
vn -0.9924 -0.1231 -0.0000
vn -0.9692 -0.2463 -0.0000
vn -0.9733 -0.1231 -0.1936
vn -0.9506 -0.2463 -0.1891
vn -0.9799 -0.0434 -0.1949
vn -0.9230 -0.0434 -0.3823
vn -0.9169 -0.1231 -0.3798
vn -0.8954 -0.2463 -0.3709
vn -0.8251 -0.1231 -0.5513
vn -0.8059 -0.2463 -0.5385
vn -0.8307 -0.0434 -0.5550
vn -0.7064 -0.0434 -0.7064
vn -0.7017 -0.1231 -0.7017
vn -0.6853 -0.2463 -0.6853
vn -0.5513 -0.1231 -0.8251
vn -0.5385 -0.2463 -0.8059
vn -0.5550 -0.0434 -0.8307
vn 0.1950 0.0254 0.9805
vn -0.0000 0.0254 0.9997
vn 0.3826 0.0254 0.9236
vn 0.3794 0.1306 0.9160
vn 0.1934 0.1306 0.9724
vn -0.0000 0.1306 0.9914
vn 0.3709 -0.2463 -0.8954
vn 0.3798 -0.1231 -0.9169
vn 0.5513 -0.1231 -0.8251
vn 0.5385 -0.2463 -0.8059
vn 0.3823 -0.0434 -0.9230
vn 0.5550 -0.0434 -0.8307
vn 0.1936 -0.1231 -0.9733
vn 0.1891 -0.2463 -0.9506
vn 0.1949 -0.0434 -0.9799
vn -0.9160 0.1306 -0.3794
vn -0.9724 0.1306 -0.1934
vn -0.9296 0.3188 -0.1849
vn -0.8757 0.3188 -0.3627
vn -0.9914 0.1306 -0.0000
vn -0.9478 0.3188 -0.0000
vn -0.8288 0.5595 -0.0000
vn -0.8129 0.5595 -0.1617
vn -0.7658 0.5595 -0.3172
vn 0.1950 0.0254 -0.9805
vn 0.3826 0.0254 -0.9236
vn -0.0000 0.0254 -0.9997
vn -0.0000 0.1306 -0.9914
vn 0.1934 0.1306 -0.9724
vn 0.3794 0.1306 -0.9160
vn -0.9805 0.0254 -0.1950
vn -0.9236 0.0254 -0.3826
vn -0.9997 0.0254 -0.0000
vn 0.8312 0.0254 0.5554
vn 0.7069 0.0254 0.7069
vn 0.9236 0.0254 0.3826
vn 0.9160 0.1306 0.3794
vn 0.8243 0.1306 0.5508
vn 0.7011 0.1306 0.7011
vn -0.8312 0.0254 0.5554
vn -0.9236 0.0254 0.3826
vn -0.7069 0.0254 0.7069
vn -0.7011 0.1306 0.7011
vn -0.8243 0.1306 0.5508
vn -0.9160 0.1306 0.3794
vn -0.1950 0.0254 -0.9805
vn -0.3826 0.0254 -0.9236
vn -0.3794 0.1306 -0.9160
vn -0.1934 0.1306 -0.9724
vn 0.9805 0.0254 -0.1950
vn 0.9997 0.0254 -0.0000
vn 0.9236 0.0254 -0.3826
vn 0.9160 0.1306 -0.3794
vn 0.9724 0.1306 -0.1934
vn 0.9914 0.1306 -0.0000
vn -0.1950 0.0254 0.9805
vn -0.3826 0.0254 0.9236
vn -0.1934 0.1306 0.9724
vn -0.3794 0.1306 0.9160
vn -0.8312 0.0254 -0.5554
vn -0.7069 0.0254 -0.7069
vn -0.8243 0.1306 -0.5508
vn -0.7011 0.1306 -0.7011
vn 0.5554 0.0254 -0.8312
vn 0.7069 0.0254 -0.7069
vn 0.5508 0.1306 -0.8243
vn 0.7011 0.1306 -0.7011
vn 0.5554 0.0254 0.8312
vn 0.5508 0.1306 0.8243
vn -0.9805 0.0254 0.1950
vn -0.9724 0.1306 0.1934
vn 0.9805 0.0254 0.1950
vn 0.9724 0.1306 0.1934
vn -0.5554 0.0254 0.8312
vn -0.5508 0.1306 0.8243
vn -0.5554 0.0254 -0.8312
vn -0.5508 0.1306 -0.8243
vn 0.8312 0.0254 -0.5554
vn 0.8243 0.1306 -0.5508
vn 0.9865 -0.1639 -0.0000
vn 0.9675 -0.1639 0.1925
vn 0.9783 0.0713 0.1946
vn 0.9975 0.0713 -0.0000
vn -0.9783 0.0713 0.1946
vn -0.9675 -0.1639 0.1925
vn -0.9865 -0.1639 -0.0000
vn -0.9975 0.0713 -0.0000
vn 0.7881 0.3188 0.5266
vn 0.6702 0.3188 0.6702
vn 0.8757 0.3188 0.3627
vn 0.7658 0.5595 0.3172
vn 0.6892 0.5595 0.4605
vn 0.5861 0.5595 0.5861
vn -0.7881 0.3188 -0.5266
vn -0.6702 0.3188 -0.6702
vn -0.6892 0.5595 -0.4605
vn -0.5861 0.5595 -0.5861
vn 0.5266 0.3188 0.7881
vn 0.3627 0.3188 0.8757
vn 0.4605 0.5595 0.6892
vn 0.3172 0.5595 0.7657
vn -0.5266 0.3188 -0.7881
vn -0.3627 0.3188 -0.8757
vn -0.4605 0.5595 -0.6892
vn -0.3172 0.5595 -0.7658
vn 0.1849 0.3188 0.9296
vn -0.0000 0.3188 0.9478
vn 0.1617 0.5595 0.8129
vn -0.0000 0.5595 0.8288
vn 0.1849 0.3188 -0.9296
vn 0.3627 0.3188 -0.8757
vn -0.0000 0.3188 -0.9478
vn -0.0000 0.5595 -0.8288
vn 0.1617 0.5595 -0.8129
vn 0.3172 0.5595 -0.7658
vn -0.1849 0.3188 -0.9296
vn -0.1617 0.5595 -0.8129
vn -0.1849 0.3188 0.9296
vn -0.3627 0.3188 0.8757
vn -0.1617 0.5595 0.8129
vn -0.3172 0.5595 0.7658
vn 0.5266 0.3188 -0.7881
vn 0.6702 0.3188 -0.6702
vn 0.4605 0.5595 -0.6892
vn 0.5861 0.5595 -0.5861
vn -0.5266 0.3188 0.7881
vn -0.6702 0.3188 0.6702
vn -0.4605 0.5595 0.6892
vn -0.5861 0.5595 0.5861
vn 0.7881 0.3188 -0.5266
vn 0.8757 0.3188 -0.3627
vn 0.6892 0.5595 -0.4605
vn 0.7657 0.5595 -0.3172
vn -0.7881 0.3188 0.5266
vn -0.8757 0.3188 0.3627
vn -0.6892 0.5595 0.4605
vn -0.7658 0.5595 0.3172
vn 0.9296 0.3188 -0.1849
vn 0.9478 0.3188 -0.0000
vn 0.8129 0.5595 -0.1617
vn 0.8288 0.5595 -0.0000
vn -0.9296 0.3188 0.1849
vn -0.8129 0.5595 0.1617
vn 0.9296 0.3188 0.1849
vn 0.8129 0.5595 0.1617
vn 0.3633 0.7565 -0.5438
vn 0.4625 0.7565 -0.4625
vn 0.2503 0.7565 -0.6042
vn 0.2158 0.8258 -0.5210
vn 0.3133 0.8258 -0.4689
vn 0.3988 0.8258 -0.3988
vn -0.9675 -0.1639 -0.1925
vn -0.9783 0.0713 -0.1946
vn 0.9114 -0.1639 0.3775
vn 0.9215 0.0713 0.3817
vn 0.8202 -0.1639 0.5481
vn 0.8294 0.0713 0.5542
vn -0.9114 -0.1639 -0.3775
vn -0.9215 0.0713 -0.3817
vn -0.8202 -0.1639 -0.5481
vn -0.8294 0.0713 -0.5542
vn 0.6975 -0.1639 0.6975
vn 0.7053 0.0713 0.7053
vn 0.5481 -0.1639 0.8202
vn 0.5542 0.0713 0.8294
vn -0.6975 -0.1639 -0.6975
vn -0.7053 0.0713 -0.7053
vn -0.5481 -0.1639 -0.8202
vn -0.5542 0.0713 -0.8294
vn 0.3775 -0.1639 0.9114
vn 0.3817 0.0713 0.9215
vn 0.1924 -0.1639 0.9675
vn 0.1946 0.0713 0.9783
vn -0.3775 -0.1639 -0.9114
vn -0.3817 0.0713 -0.9215
vn -0.0000 -0.1639 0.9865
vn -0.1924 -0.1639 0.9675
vn -0.1946 0.0713 0.9783
vn -0.0000 0.0713 0.9975
vn 0.3817 0.0713 -0.9215
vn 0.3775 -0.1639 -0.9114
vn 0.5481 -0.1639 -0.8202
vn 0.5542 0.0713 -0.8294
vn -0.3775 -0.1639 0.9114
vn -0.3817 0.0713 0.9215
vn 0.6975 -0.1639 -0.6975
vn 0.8202 -0.1639 -0.5481
vn 0.8294 0.0713 -0.5542
vn 0.7053 0.0713 -0.7053
vn -0.5481 -0.1639 0.8202
vn -0.5542 0.0713 0.8294
vn 0.9114 -0.1639 -0.3775
vn 0.9215 0.0713 -0.3817
vn -0.1925 -0.1639 -0.9675
vn -0.1946 0.0713 -0.9783
vn -0.6975 -0.1639 0.6975
vn -0.7053 0.0713 0.7053
vn -0.8202 -0.1639 0.5481
vn -0.8294 0.0713 0.5542
vn -0.0000 -0.1639 -0.9865
vn -0.0000 0.0713 -0.9975
vn 0.9675 -0.1639 -0.1925
vn 0.9783 0.0713 -0.1946
vn -0.9114 -0.1639 0.3775
vn -0.9215 0.0713 0.3817
vn 0.1925 -0.1639 -0.9675
vn 0.1946 0.0713 -0.9783
vn 0.7635 -0.3960 0.5102
vn 0.6493 -0.3960 0.6493
vn 0.8483 -0.3960 0.3514
vn 0.7450 -0.5914 0.3086
vn 0.6705 -0.5914 0.4480
vn 0.5702 -0.5914 0.5702
vn -0.1276 0.7565 -0.6414
vn -0.0000 0.7565 -0.6540
vn -0.2503 0.7565 -0.6042
vn -0.2158 0.8258 -0.5210
vn -0.1100 0.8258 -0.5531
vn -0.0000 0.8258 -0.5639
vn -0.1276 0.7565 0.6414
vn -0.2503 0.7565 0.6042
vn -0.0000 0.7565 0.6540
vn -0.0000 0.8258 0.5639
vn -0.1100 0.8258 0.5531
vn -0.2158 0.8258 0.5210
vn -0.3633 0.7565 0.5438
vn -0.4625 0.7565 0.4625
vn -0.3133 0.8258 0.4689
vn -0.3988 0.8258 0.3988
vn 0.5438 0.7565 -0.3633
vn 0.6042 0.7565 -0.2503
vn 0.4689 0.8258 -0.3133
vn 0.5210 0.8258 -0.2158
vn -0.5438 0.7565 0.3633
vn -0.6042 0.7565 0.2503
vn -0.4689 0.8258 0.3133
vn -0.5210 0.8258 0.2158
vn 0.6414 0.7565 -0.1276
vn 0.6540 0.7565 -0.0000
vn 0.5531 0.8258 -0.1100
vn 0.5639 0.8258 -0.0000
vn -0.6414 0.7565 0.1276
vn -0.6540 0.7565 -0.0000
vn -0.5531 0.8258 0.1100
vn -0.5639 0.8258 -0.0000
vn 0.6414 0.7565 0.1276
vn 0.6042 0.7565 0.2503
vn 0.5531 0.8258 0.1100
vn 0.5210 0.8258 0.2158
vn -0.6414 0.7565 -0.1276
vn -0.6042 0.7565 -0.2503
vn -0.5531 0.8258 -0.1100
vn -0.5210 0.8258 -0.2158
vn 0.5438 0.7565 0.3633
vn 0.4625 0.7565 0.4625
vn 0.4689 0.8258 0.3133
vn 0.3988 0.8258 0.3988
vn -0.5438 0.7565 -0.3633
vn -0.4625 0.7565 -0.4625
vn -0.4689 0.8258 -0.3133
vn -0.3988 0.8258 -0.3988
vn 0.3633 0.7565 0.5438
vn 0.2503 0.7565 0.6042
vn 0.3133 0.8258 0.4689
vn 0.2158 0.8258 0.5210
vn -0.3633 0.7565 -0.5438
vn -0.3133 0.8258 -0.4689
vn 0.1276 0.7565 0.6414
vn 0.1100 0.8258 0.5531
vn -0.5772 -0.7808 0.2391
vn -0.5195 -0.7808 0.3471
vn -0.5115 -0.7884 0.3418
vn -0.5683 -0.7884 0.2354
vn -0.4418 -0.7808 0.4418
vn -0.4349 -0.7884 0.4350
vn -0.3418 -0.7884 0.5115
vn -0.4864 -0.4833 0.7279
vn -0.6190 -0.4833 0.6190
vn -0.9470 0.2604 0.1884
vn -0.8920 0.2603 0.3695
vn -0.4717 0.8599 0.1954
vn -0.5006 0.8599 0.0996
vn -0.7635 -0.3960 -0.5102
vn -0.6493 -0.3960 -0.6493
vn -0.8483 -0.3960 -0.3514
vn -0.7450 -0.5914 -0.3086
vn -0.6705 -0.5914 -0.4480
vn -0.5702 -0.5914 -0.5702
vn 0.5102 -0.3960 0.7635
vn 0.3514 -0.3960 0.8483
vn 0.4480 -0.5914 0.6705
vn 0.3086 -0.5914 0.7450
vn -0.5102 -0.3960 -0.7635
vn -0.3514 -0.3960 -0.8483
vn -0.4480 -0.5914 -0.6705
vn -0.3086 -0.5914 -0.7450
vn 0.1791 -0.3960 0.9006
vn -0.0000 -0.3960 0.9182
vn 0.1573 -0.5914 0.7909
vn -0.0000 -0.5914 0.8064
vn 0.1791 -0.3960 -0.9006
vn 0.3514 -0.3960 -0.8483
vn -0.0000 -0.3960 -0.9182
vn -0.0000 -0.5914 -0.8064
vn 0.1573 -0.5914 -0.7909
vn 0.3086 -0.5914 -0.7450
vn -0.1791 -0.3960 -0.9006
vn -0.1573 -0.5914 -0.7909
vn -0.1791 -0.3960 0.9006
vn -0.3514 -0.3960 0.8483
vn -0.1573 -0.5914 0.7909
vn -0.3086 -0.5914 0.7450
vn 0.5102 -0.3960 -0.7635
vn 0.6493 -0.3960 -0.6493
vn 0.4480 -0.5914 -0.6705
vn 0.5702 -0.5914 -0.5702
vn -0.5102 -0.3960 0.7635
vn -0.6493 -0.3960 0.6493
vn -0.4480 -0.5914 0.6705
vn -0.5702 -0.5914 0.5702
vn 0.7635 -0.3960 -0.5102
vn 0.8483 -0.3960 -0.3514
vn 0.6705 -0.5914 -0.4480
vn 0.7450 -0.5914 -0.3086
vn -0.7635 -0.3960 0.5102
vn -0.8483 -0.3960 0.3514
vn -0.6705 -0.5914 0.4480
vn -0.7450 -0.5914 0.3086
vn 0.9006 -0.3960 -0.1791
vn 0.9182 -0.3960 -0.0000
vn 0.7909 -0.5914 -0.1573
vn 0.8064 -0.5914 -0.0000
vn -0.9006 -0.3960 0.1791
vn -0.9182 -0.3960 -0.0000
vn -0.7909 -0.5914 0.1573
vn -0.8064 -0.5914 -0.0000
vn 0.9006 -0.3960 0.1791
vn 0.7909 -0.5914 0.1573
vn -0.9006 -0.3960 -0.1791
vn -0.7909 -0.5914 -0.1573
vn 0.6247 -0.7808 -0.0000
vn 0.6128 -0.7808 -0.1219
vn 0.6033 -0.7884 -0.1200
vn 0.6151 -0.7884 -0.0000
vn 0.5772 -0.7808 -0.2391
vn 0.5683 -0.7884 -0.2354
vn 0.5115 -0.7884 -0.3418
vn 0.7279 -0.4833 -0.4864
vn 0.8088 -0.4833 -0.3350
vn 0.9470 0.2604 0.1884
vn 0.9655 0.2604 -0.0000
vn 0.5105 0.8599 -0.0000
vn 0.5006 0.8599 0.0996
vn -0.6247 -0.7808 -0.0000
vn -0.6128 -0.7808 0.1219
vn -0.6033 -0.7884 0.1200
vn -0.6151 -0.7884 -0.0000
vn -0.7279 -0.4833 0.4864
vn -0.8088 -0.4833 0.3350
vn -0.9470 0.2604 -0.1884
vn -0.9655 0.2603 -0.0000
vn -0.5105 0.8599 -0.0000
vn -0.5006 0.8599 -0.0996
vn 0.5772 -0.7808 0.2391
vn 0.6128 -0.7808 0.1219
vn 0.6033 -0.7884 0.1200
vn 0.5683 -0.7884 0.2354
vn 0.8586 -0.4833 -0.1708
vn 0.8755 -0.4833 -0.0000
vn 0.8028 0.2604 0.5364
vn 0.8920 0.2603 0.3695
vn 0.4716 0.8599 0.1954
vn 0.4244 0.8599 0.2836
vn -0.5772 -0.7808 -0.2391
vn -0.6128 -0.7808 -0.1219
vn -0.6033 -0.7884 -0.1200
vn -0.5683 -0.7884 -0.2354
vn -0.8586 -0.4833 0.1708
vn -0.8755 -0.4833 -0.0000
vn -0.8028 0.2604 -0.5364
vn -0.8920 0.2604 -0.3695
vn -0.4716 0.8599 -0.1954
vn -0.4244 0.8599 -0.2836
vn 0.4418 -0.7808 0.4418
vn 0.5195 -0.7808 0.3471
vn 0.5115 -0.7884 0.3418
vn 0.4349 -0.7884 0.4350
vn 0.8586 -0.4833 0.1708
vn 0.8088 -0.4833 0.3350
vn 0.5364 0.2604 0.8028
vn 0.6827 0.2603 0.6827
vn 0.3610 0.8599 0.3610
vn 0.2836 0.8599 0.4244
vn -0.4418 -0.7808 -0.4418
vn -0.5195 -0.7808 -0.3471
vn -0.5115 -0.7884 -0.3418
vn -0.4349 -0.7884 -0.4350
vn -0.8586 -0.4833 -0.1708
vn -0.8088 -0.4833 -0.3350
vn -0.5364 0.2604 -0.8028
vn -0.6827 0.2603 -0.6827
vn -0.3610 0.8599 -0.3610
vn -0.2836 0.8599 -0.4244
vn 0.2391 -0.7808 0.5772
vn 0.3471 -0.7808 0.5195
vn 0.3417 -0.7884 0.5115
vn 0.2354 -0.7884 0.5683
vn 0.7279 -0.4833 0.4864
vn 0.6190 -0.4833 0.6191
vn 0.1884 0.2604 0.9470
vn 0.3695 0.2603 0.8920
vn 0.1954 0.8599 0.4717
vn 0.0996 0.8599 0.5006
vn -0.2391 -0.7808 -0.5772
vn -0.3471 -0.7808 -0.5195
vn -0.3418 -0.7884 -0.5115
vn -0.2354 -0.7884 -0.5683
vn -0.7279 -0.4833 -0.4864
vn -0.6190 -0.4833 -0.6190
vn -0.1884 0.2604 -0.9470
vn -0.3695 0.2603 -0.8920
vn -0.1954 0.8599 -0.4717
vn -0.0996 0.8599 -0.5006
vn -0.0000 -0.7808 0.6247
vn 0.1219 -0.7808 0.6128
vn 0.1200 -0.7884 0.6033
vn -0.0000 -0.7884 0.6151
vn 0.4864 -0.4833 0.7279
vn 0.3350 -0.4833 0.8088
vn -0.1884 0.2604 0.9470
vn -0.0000 0.2603 0.9655
vn -0.0000 0.8599 0.5105
vn -0.0996 0.8599 0.5006
vn 0.2391 -0.7808 -0.5772
vn 0.1219 -0.7808 -0.6128
vn 0.1200 -0.7884 -0.6033
vn 0.2354 -0.7884 -0.5683
vn -0.0000 -0.7808 -0.6247
vn -0.0000 -0.7884 -0.6151
vn -0.0000 0.2604 -0.9655
vn -0.0000 0.8599 -0.5105
vn 0.5364 0.2604 -0.8028
vn 0.3695 0.2603 -0.8920
vn 0.1954 0.8599 -0.4717
vn 0.2836 0.8599 -0.4244
vn -0.1219 -0.7808 -0.6128
vn -0.1200 -0.7884 -0.6033
vn -0.4864 -0.4833 -0.7279
vn -0.3350 -0.4833 -0.8088
vn 0.6827 0.2603 -0.6827
vn 0.3610 0.8599 -0.3610
vn -0.2391 -0.7808 0.5772
vn -0.1219 -0.7808 0.6128
vn -0.1200 -0.7884 0.6033
vn -0.2354 -0.7884 0.5683
vn 0.1708 -0.4833 0.8586
vn -0.0000 -0.4833 0.8755
vn -0.5364 0.2604 0.8028
vn -0.3695 0.2603 0.8920
vn -0.1954 0.8599 0.4717
vn -0.2836 0.8599 0.4244
vn 0.4418 -0.7808 -0.4418
vn 0.3471 -0.7808 -0.5195
vn 0.3418 -0.7884 -0.5115
vn 0.4349 -0.7884 -0.4350
vn 0.1708 -0.4833 -0.8586
vn 0.3350 -0.4833 -0.8088
vn 0.8028 0.2604 -0.5364
vn 0.4244 0.8599 -0.2836
vn -0.3471 -0.7808 0.5195
vn -0.1708 -0.4833 0.8586
vn -0.3350 -0.4833 0.8088
vn -0.8028 0.2604 0.5364
vn -0.6827 0.2603 0.6827
vn -0.3610 0.8599 0.3610
vn -0.4244 0.8599 0.2836
vn 0.5195 -0.7808 -0.3471
vn 0.4864 -0.4833 -0.7279
vn 0.6190 -0.4833 -0.6190
vn 0.9470 0.2604 -0.1884
vn 0.8920 0.2604 -0.3695
vn 0.4716 0.8599 -0.1954
vn 0.5006 0.8599 -0.0996
vn 0.1100 0.8258 -0.5531
vn 0.1289 0.7504 -0.6483
vn 0.2529 0.7505 -0.6106
vn -0.0000 0.7505 -0.6609
vn -0.0000 0.5549 -0.8319
vn 0.1623 0.5548 -0.8160
vn 0.3184 0.5549 -0.7686
vn 0.1857 0.3072 -0.9334
vn 0.3642 0.3072 -0.8792
vn -0.0000 0.3072 -0.9516
vn 0.3672 0.7504 -0.5496
vn 0.4673 0.7505 -0.4673
vn 0.4622 0.5548 -0.6918
vn 0.5883 0.5549 -0.5883
vn 0.5287 0.3072 -0.7913
vn 0.6729 0.3072 -0.6729
vn 0.5496 0.7504 -0.3672
vn 0.6106 0.7505 -0.2529
vn 0.6918 0.5548 -0.4622
vn 0.7686 0.5549 -0.3184
vn 0.7913 0.3072 -0.5287
vn 0.8792 0.3072 -0.3642
vn 0.6483 0.7504 -0.1289
vn 0.6609 0.7505 -0.0000
vn 0.8160 0.5548 -0.1623
vn 0.8319 0.5549 -0.0000
vn 0.9334 0.3072 -0.1857
vn 0.9516 0.3072 -0.0000
vn 0.6483 0.7504 0.1289
vn 0.6106 0.7505 0.2529
vn 0.8160 0.5548 0.1623
vn 0.7686 0.5549 0.3184
vn 0.9334 0.3072 0.1857
vn 0.8792 0.3072 0.3642
vn 0.5496 0.7504 0.3672
vn 0.4673 0.7505 0.4673
vn 0.6918 0.5548 0.4622
vn 0.5883 0.5549 0.5883
vn 0.7913 0.3072 0.5287
vn 0.6729 0.3072 0.6729
vn 0.3672 0.7504 0.5496
vn 0.2529 0.7505 0.6106
vn 0.4622 0.5548 0.6918
vn 0.3184 0.5549 0.7686
vn 0.5287 0.3072 0.7913
vn 0.3642 0.3072 0.8792
vn 0.1289 0.7504 0.6483
vn -0.0000 0.7505 0.6609
vn 0.1623 0.5548 0.8160
vn -0.0000 0.5549 0.8319
vn 0.1857 0.3072 0.9334
vn -0.0000 0.3072 0.9516
vn -0.1290 0.7504 0.6483
vn -0.2529 0.7505 0.6106
vn -0.1623 0.5548 0.8160
vn -0.3184 0.5549 0.7686
vn -0.1857 0.3072 0.9334
vn -0.3642 0.3072 0.8792
vn -0.3672 0.7504 0.5496
vn -0.4673 0.7505 0.4673
vn -0.4622 0.5548 0.6918
vn -0.5883 0.5549 0.5883
vn -0.5287 0.3072 0.7913
vn -0.6729 0.3072 0.6729
vn -0.5496 0.7504 0.3672
vn -0.6106 0.7505 0.2529
vn -0.6918 0.5548 0.4622
vn -0.7686 0.5549 0.3184
vn -0.7913 0.3072 0.5287
vn -0.8792 0.3072 0.3642
vn -0.6483 0.7504 0.1289
vn -0.6609 0.7505 -0.0000
vn -0.8160 0.5548 0.1623
vn -0.8319 0.5549 -0.0000
vn -0.9334 0.3072 0.1857
vn -0.9516 0.3072 -0.0000
vn -0.6483 0.7504 -0.1289
vn -0.6106 0.7505 -0.2529
vn -0.8160 0.5548 -0.1623
vn -0.7686 0.5549 -0.3184
vn -0.9334 0.3072 -0.1857
vn -0.8792 0.3072 -0.3642
vn -0.5496 0.7504 -0.3672
vn -0.4673 0.7505 -0.4673
vn -0.6918 0.5548 -0.4622
vn -0.5883 0.5549 -0.5883
vn -0.7913 0.3072 -0.5287
vn -0.6729 0.3072 -0.6729
vn -0.3672 0.7504 -0.5496
vn -0.2529 0.7505 -0.6106
vn -0.4622 0.5548 -0.6918
vn -0.3184 0.5549 -0.7686
vn -0.5287 0.3072 -0.7913
vn -0.3642 0.3072 -0.8792
vn -0.1289 0.7504 -0.6483
vn -0.1623 0.5548 -0.8160
vn -0.1857 0.3072 -0.9334
vn 0.1276 0.7565 -0.6414
vn -0.0000 -0.5887 -0.8084
vn 0.1577 -0.5886 -0.7929
vn 0.1152 -0.8070 -0.5792
vn -0.0000 -0.8070 -0.5906
vn 0.3094 -0.5887 -0.7469
vn 0.2260 -0.8070 -0.5456
vn 0.0888 -0.9727 -0.2144
vn 0.0453 -0.9727 -0.2276
vn -0.0000 -0.9727 -0.2321
vn 0.0056 -0.9996 -0.0279
vn -0.0000 -0.9996 -0.0295
vn 0.0113 -0.9996 -0.0273
vn 0.0008 -1.0000 -0.0020
vn 0.0002 -1.0000 -0.0011
vn -0.0000 -1.0000 -0.0022
vn 0.4491 -0.5886 -0.6722
vn 0.3281 -0.8070 -0.4910
vn 0.5716 -0.5887 -0.5716
vn 0.4176 -0.8070 -0.4176
vn 0.1641 -0.9727 -0.1641
vn 0.1289 -0.9727 -0.1930
vn 0.0158 -0.9996 -0.0237
vn 0.0209 -0.9996 -0.0209
vn 0.0016 -1.0000 -0.0016
vn 0.0006 -1.0000 -0.0009
vn 0.6722 -0.5886 -0.4491
vn 0.4910 -0.8070 -0.3281
vn 0.7469 -0.5887 -0.3094
vn 0.5456 -0.8070 -0.2260
vn 0.2144 -0.9727 -0.0888
vn 0.1930 -0.9727 -0.1289
vn 0.0237 -0.9996 -0.0158
vn 0.0273 -0.9996 -0.0113
vn 0.0020 -1.0000 -0.0008
vn 0.0009 -1.0000 -0.0006
vn 0.7929 -0.5886 -0.1577
vn 0.5792 -0.8070 -0.1152
vn 0.8084 -0.5887 -0.0000
vn 0.5906 -0.8070 -0.0000
vn 0.2321 -0.9727 -0.0000
vn 0.2276 -0.9727 -0.0453
vn 0.0279 -0.9996 -0.0056
vn 0.0295 -0.9996 -0.0000
vn 0.0022 -1.0000 -0.0000
vn 0.0011 -1.0000 -0.0002
vn 0.7929 -0.5886 0.1577
vn 0.5792 -0.8070 0.1152
vn 0.7469 -0.5887 0.3094
vn 0.5456 -0.8070 0.2260
vn 0.2144 -0.9727 0.0888
vn 0.2276 -0.9727 0.0453
vn 0.0279 -0.9996 0.0056
vn 0.0273 -0.9996 0.0113
vn 0.0020 -1.0000 0.0008
vn 0.0011 -1.0000 0.0002
vn 0.6722 -0.5886 0.4491
vn 0.4910 -0.8070 0.3281
vn 0.5716 -0.5887 0.5716
vn 0.4176 -0.8070 0.4176
vn 0.1641 -0.9727 0.1641
vn 0.1930 -0.9727 0.1289
vn 0.0237 -0.9996 0.0158
vn 0.0209 -0.9996 0.0209
vn 0.0016 -1.0000 0.0016
vn 0.0009 -1.0000 0.0006
vn 0.4491 -0.5886 0.6722
vn 0.3281 -0.8070 0.4910
vn 0.3094 -0.5887 0.7468
vn 0.2260 -0.8070 0.5456
vn 0.0888 -0.9727 0.2144
vn 0.1289 -0.9727 0.1930
vn 0.0158 -0.9996 0.0237
vn 0.0113 -0.9996 0.0273
vn 0.0008 -1.0000 0.0020
vn 0.0006 -1.0000 0.0009
vn 0.1577 -0.5886 0.7929
vn 0.1152 -0.8070 0.5792
vn -0.0000 -0.5887 0.8084
vn -0.0000 -0.8070 0.5906
vn -0.0000 -0.9727 0.2321
vn 0.0453 -0.9727 0.2276
vn 0.0056 -0.9996 0.0279
vn -0.0000 -0.9996 0.0295
vn -0.0000 -1.0000 0.0022
vn 0.0002 -1.0000 0.0011
vn -0.1577 -0.5886 0.7929
vn -0.1152 -0.8070 0.5792
vn -0.3094 -0.5887 0.7469
vn -0.2260 -0.8070 0.5456
vn -0.0888 -0.9727 0.2144
vn -0.0453 -0.9727 0.2276
vn -0.0056 -0.9996 0.0279
vn -0.0113 -0.9996 0.0273
vn -0.0008 -1.0000 0.0020
vn -0.0002 -1.0000 0.0011
vn -0.4491 -0.5886 0.6722
vn -0.3281 -0.8070 0.4910
vn -0.5716 -0.5887 0.5716
vn -0.4176 -0.8070 0.4176
vn -0.1641 -0.9727 0.1641
vn -0.1289 -0.9727 0.1930
vn -0.0158 -0.9996 0.0237
vn -0.0209 -0.9996 0.0209
vn -0.0016 -1.0000 0.0016
vn -0.0006 -1.0000 0.0009
vn -0.6722 -0.5886 0.4491
vn -0.4910 -0.8070 0.3281
vn -0.7469 -0.5887 0.3094
vn -0.5456 -0.8070 0.2260
vn -0.2144 -0.9727 0.0888
vn -0.1930 -0.9727 0.1289
vn -0.0237 -0.9996 0.0158
vn -0.0273 -0.9996 0.0113
vn -0.0020 -1.0000 0.0008
vn -0.0009 -1.0000 0.0006
vn -0.7929 -0.5886 0.1577
vn -0.5792 -0.8070 0.1152
vn -0.8084 -0.5887 -0.0000
vn -0.5906 -0.8070 -0.0000
vn -0.2321 -0.9727 -0.0000
vn -0.2276 -0.9727 0.0453
vn -0.0279 -0.9996 0.0056
vn -0.0295 -0.9996 -0.0000
vn -0.0022 -1.0000 -0.0000
vn -0.0011 -1.0000 0.0002
vn -0.7929 -0.5886 -0.1577
vn -0.5792 -0.8070 -0.1152
vn -0.7469 -0.5887 -0.3094
vn -0.5456 -0.8070 -0.2260
vn -0.2144 -0.9727 -0.0888
vn -0.2276 -0.9727 -0.0453
vn -0.0279 -0.9996 -0.0056
vn -0.0273 -0.9996 -0.0113
vn -0.0020 -1.0000 -0.0008
vn -0.0011 -1.0000 -0.0002
vn -0.6722 -0.5886 -0.4491
vn -0.4910 -0.8070 -0.3281
vn -0.5716 -0.5887 -0.5716
vn -0.4176 -0.8070 -0.4176
vn -0.1641 -0.9727 -0.1641
vn -0.1930 -0.9727 -0.1289
vn -0.0237 -0.9996 -0.0158
vn -0.0209 -0.9996 -0.0209
vn -0.0016 -1.0000 -0.0016
vn -0.0009 -1.0000 -0.0006
vn -0.4491 -0.5886 -0.6722
vn -0.3281 -0.8070 -0.4910
vn -0.3094 -0.5887 -0.7469
vn -0.2260 -0.8070 -0.5456
vn -0.0888 -0.9727 -0.2144
vn -0.1289 -0.9727 -0.1930
vn -0.0158 -0.9996 -0.0237
vn -0.0113 -0.9996 -0.0273
vn -0.0008 -1.0000 -0.0020
vn -0.0006 -1.0000 -0.0009
vn -0.1577 -0.5886 -0.7929
vn -0.1152 -0.8070 -0.5792
vn -0.0453 -0.9727 -0.2276
vn -0.0056 -0.9996 -0.0279
vn -0.0002 -1.0000 -0.0011
vn -0.0000 -0.4189 -0.9080
vn 0.1771 -0.4189 -0.8906
vn 0.3475 -0.4189 -0.8389
vn 0.5045 -0.4189 -0.7550
vn 0.6421 -0.4189 -0.6421
vn -0.6421 -0.4189 -0.6421
vn -0.5045 -0.4189 -0.7550
vn -0.3475 -0.4189 -0.8389
vn -0.8389 -0.4189 -0.3475
vn -0.7550 -0.4189 -0.5045
vn -0.9080 -0.4189 -0.0000
vn -0.8906 -0.4189 -0.1772
vn -0.8389 -0.4189 0.3475
vn -0.8906 -0.4189 0.1772
vn -0.6421 -0.4189 0.6421
vn -0.7550 -0.4189 0.5045
vn -0.3475 -0.4189 0.8389
vn -0.5045 -0.4189 0.7550
vn -0.0000 -0.4189 0.9080
vn -0.1772 -0.4189 0.8906
vn 0.3475 -0.4189 0.8389
vn 0.1772 -0.4189 0.8906
vn 0.6421 -0.4189 0.6421
vn 0.5045 -0.4189 0.7550
vn 0.8389 -0.4189 0.3475
vn 0.7550 -0.4189 0.5045
vn 0.9080 -0.4189 -0.0000
vn 0.8906 -0.4189 0.1772
vn 0.8389 -0.4189 -0.3475
vn 0.8906 -0.4189 -0.1772
vn 0.7550 -0.4189 -0.5045
vn -0.1771 -0.4189 -0.8906
vn 0.5708 -0.7271 -0.3814
vn 0.6342 -0.7272 -0.2627
vn 0.4854 -0.7272 -0.4854
vn -0.3814 -0.7271 0.5708
vn -0.4854 -0.7272 0.4854
vn -0.2627 -0.7272 0.6342
vn 0.3814 -0.7271 -0.5708
vn 0.2627 -0.7272 -0.6342
vn -0.1339 -0.7271 0.6733
vn -0.0000 -0.7272 0.6865
vn -0.1339 -0.7271 -0.6733
vn -0.0000 -0.7272 -0.6865
vn -0.2627 -0.7272 -0.6342
vn 0.1339 -0.7271 -0.6733
vn 0.1339 -0.7271 0.6733
vn 0.2627 -0.7272 0.6342
vn -0.3814 -0.7271 -0.5708
vn -0.4854 -0.7272 -0.4854
vn 0.3814 -0.7271 0.5708
vn 0.4854 -0.7272 0.4854
vn -0.5708 -0.7271 -0.3814
vn -0.6342 -0.7272 -0.2627
vn 0.5708 -0.7271 0.3814
vn 0.6342 -0.7272 0.2627
vn -0.6733 -0.7271 -0.1339
vn -0.6865 -0.7272 -0.0000
vn 0.6733 -0.7271 0.1339
vn 0.6865 -0.7272 -0.0000
vn -0.6733 -0.7271 0.1339
vn -0.6342 -0.7272 0.2627
vn 0.6733 -0.7271 -0.1339
vn -0.5708 -0.7271 0.3814
vn -0.3776 -0.1632 -0.9115
vn -0.1925 -0.1632 -0.9676
vn -0.0000 -0.1632 -0.9866
vn 0.6976 -0.1632 -0.6976
vn 0.8203 -0.1632 -0.5481
vn 0.9115 -0.1632 -0.3776
vn 0.9676 -0.1632 -0.1925
vn 0.9866 -0.1632 -0.0000
vn 0.9676 -0.1632 0.1925
vn 0.9115 -0.1632 0.3776
vn 0.8203 -0.1632 0.5481
vn 0.6976 -0.1632 0.6976
vn 0.5481 -0.1632 0.8203
vn 0.3776 -0.1632 0.9115
vn 0.1925 -0.1632 0.9676
vn -0.0000 -0.1632 0.9866
vn -0.1925 -0.1632 0.9676
vn -0.3776 -0.1632 0.9115
vn -0.5481 -0.1632 0.8203
vn -0.6976 -0.1632 0.6976
vn -0.8203 -0.1632 0.5481
vn -0.9115 -0.1632 0.3776
vn -0.9676 -0.1632 0.1925
vn -0.9866 -0.1632 -0.0000
vn -0.9676 -0.1632 -0.1925
vn -0.9115 -0.1632 -0.3776
vn -0.8203 -0.1632 -0.5481
vn -0.6976 -0.1632 -0.6976
vn -0.5481 -0.1632 -0.8203
vn 0.1939 0.1091 0.9749
vn -0.0000 0.1091 0.9940
vn 0.3804 0.1091 0.9184
vn 0.3410 0.4538 0.8233
vn 0.1738 0.4538 0.8740
vn -0.0000 0.4538 0.8911
vn 0.3776 -0.1632 -0.9115
vn 0.5481 -0.1632 -0.8203
vn 0.1925 -0.1632 -0.9676
vn -0.8233 0.4538 -0.3410
vn -0.8740 0.4538 -0.1738
vn -0.6467 0.7519 -0.1286
vn -0.6092 0.7518 -0.2523
vn -0.8911 0.4538 -0.0000
vn -0.6593 0.7518 -0.0000
vn -0.4416 0.8972 -0.0000
vn -0.4331 0.8972 -0.0862
vn -0.4080 0.8972 -0.1690
vn 0.1939 0.1091 -0.9749
vn 0.3804 0.1091 -0.9184
vn -0.0000 0.1091 -0.9940
vn -0.0000 0.4538 -0.8911
vn 0.1738 0.4538 -0.8740
vn 0.3410 0.4538 -0.8233
vn -0.9749 0.1091 -0.1939
vn -0.9184 0.1091 -0.3804
vn -0.9940 0.1091 -0.0000
vn 0.8265 0.1091 0.5523
vn 0.7029 0.1091 0.7029
vn 0.9184 0.1091 0.3804
vn 0.8233 0.4538 0.3410
vn 0.7409 0.4538 0.4951
vn 0.6301 0.4538 0.6301
vn -0.8265 0.1091 0.5523
vn -0.9184 0.1091 0.3804
vn -0.7029 0.1091 0.7029
vn -0.6301 0.4538 0.6301
vn -0.7409 0.4538 0.4951
vn -0.8233 0.4538 0.3410
vn -0.1939 0.1091 -0.9749
vn -0.3804 0.1091 -0.9184
vn -0.3410 0.4538 -0.8233
vn -0.1738 0.4538 -0.8740
vn 0.9749 0.1091 -0.1939
vn 0.9940 0.1091 -0.0000
vn 0.9184 0.1091 -0.3804
vn 0.8233 0.4538 -0.3410
vn 0.8740 0.4538 -0.1738
vn 0.8911 0.4538 -0.0000
vn -0.1939 0.1091 0.9749
vn -0.3804 0.1091 0.9184
vn -0.1738 0.4538 0.8740
vn -0.3410 0.4538 0.8233
vn -0.8265 0.1091 -0.5523
vn -0.7029 0.1091 -0.7029
vn -0.7409 0.4538 -0.4951
vn -0.6301 0.4538 -0.6301
vn 0.5523 0.1091 -0.8265
vn 0.7029 0.1091 -0.7029
vn 0.4951 0.4538 -0.7409
vn 0.6301 0.4538 -0.6301
vn 0.5523 0.1091 0.8265
vn 0.4951 0.4538 0.7409
vn -0.9749 0.1091 0.1939
vn -0.8740 0.4538 0.1738
vn 0.9749 0.1091 0.1939
vn 0.8740 0.4538 0.1738
vn -0.5523 0.1091 0.8265
vn -0.4951 0.4538 0.7409
vn -0.5523 0.1091 -0.8265
vn -0.4951 0.4538 -0.7409
vn 0.8265 0.1091 -0.5523
vn 0.7409 0.4538 -0.4951
vn 0.9346 -0.3558 -0.0000
vn 0.9166 -0.3557 0.1823
vn 0.9786 -0.0664 0.1947
vn 0.9978 -0.0664 -0.0000
vn -0.9786 -0.0664 0.1947
vn -0.9166 -0.3557 0.1823
vn -0.9346 -0.3558 -0.0000
vn -0.9978 -0.0664 -0.0000
vn 0.5482 0.7519 0.3663
vn 0.4662 0.7518 0.4662
vn 0.6092 0.7518 0.2523
vn 0.4080 0.8972 0.1690
vn 0.3672 0.8972 0.2454
vn 0.3123 0.8972 0.3123
vn -0.5482 0.7519 -0.3663
vn -0.4662 0.7518 -0.4662
vn -0.3672 0.8972 -0.2454
vn -0.3123 0.8972 -0.3123
vn 0.3663 0.7519 0.5482
vn 0.2523 0.7518 0.6092
vn 0.2454 0.8972 0.3672
vn 0.1690 0.8972 0.4080
vn -0.3663 0.7519 -0.5482
vn -0.2523 0.7518 -0.6092
vn -0.2454 0.8972 -0.3672
vn -0.1690 0.8972 -0.4080
vn 0.1286 0.7519 0.6467
vn -0.0000 0.7518 0.6593
vn 0.0862 0.8972 0.4331
vn -0.0000 0.8972 0.4416
vn 0.1286 0.7519 -0.6467
vn 0.2523 0.7518 -0.6092
vn -0.0000 0.7518 -0.6593
vn -0.0000 0.8972 -0.4416
vn 0.0862 0.8972 -0.4331
vn 0.1690 0.8972 -0.4080
vn -0.1286 0.7519 -0.6467
vn -0.0862 0.8972 -0.4331
vn -0.1286 0.7519 0.6467
vn -0.2523 0.7518 0.6092
vn -0.0862 0.8972 0.4331
vn -0.1690 0.8972 0.4080
vn 0.3663 0.7519 -0.5482
vn 0.4662 0.7518 -0.4662
vn 0.2454 0.8972 -0.3672
vn 0.3123 0.8972 -0.3123
vn -0.3663 0.7519 0.5482
vn -0.4662 0.7518 0.4662
vn -0.2454 0.8972 0.3672
vn -0.3123 0.8972 0.3123
vn 0.5482 0.7519 -0.3663
vn 0.6092 0.7518 -0.2523
vn 0.3672 0.8972 -0.2454
vn 0.4080 0.8972 -0.1690
vn -0.5482 0.7519 0.3663
vn -0.6092 0.7518 0.2523
vn -0.3672 0.8972 0.2454
vn -0.4080 0.8972 0.1690
vn 0.6467 0.7519 -0.1286
vn 0.6593 0.7518 -0.0000
vn 0.4331 0.8972 -0.0862
vn 0.4416 0.8972 -0.0000
vn -0.6467 0.7519 0.1286
vn -0.4331 0.8972 0.0862
vn 0.6467 0.7519 0.1286
vn 0.4331 0.8972 0.0862
vn 0.1830 0.9442 -0.2738
vn 0.2329 0.9442 -0.2329
vn 0.1260 0.9442 -0.3042
vn 0.1406 0.9301 -0.3393
vn 0.2041 0.9301 -0.3054
vn 0.2597 0.9301 -0.2597
vn -0.9166 -0.3557 -0.1823
vn -0.9786 -0.0664 -0.1947
vn 0.8634 -0.3558 0.3576
vn 0.9218 -0.0664 0.3818
vn 0.7771 -0.3557 0.5192
vn 0.8296 -0.0664 0.5543
vn -0.8634 -0.3558 -0.3576
vn -0.9218 -0.0664 -0.3818
vn -0.7771 -0.3557 -0.5192
vn -0.8296 -0.0664 -0.5543
vn 0.6608 -0.3558 0.6608
vn 0.7055 -0.0664 0.7055
vn 0.5192 -0.3557 0.7771
vn 0.5543 -0.0664 0.8296
vn -0.6608 -0.3558 -0.6608
vn -0.7055 -0.0664 -0.7055
vn -0.5192 -0.3557 -0.7771
vn -0.5543 -0.0664 -0.8296
vn 0.3576 -0.3558 0.8634
vn 0.3818 -0.0664 0.9218
vn 0.1823 -0.3557 0.9166
vn 0.1947 -0.0664 0.9786
vn -0.3576 -0.3558 -0.8634
vn -0.3818 -0.0664 -0.9218
vn -0.0000 -0.3558 0.9346
vn -0.1823 -0.3557 0.9166
vn -0.1947 -0.0664 0.9786
vn -0.0000 -0.0664 0.9978
vn 0.3576 -0.3558 -0.8634
vn 0.5192 -0.3557 -0.7771
vn 0.5543 -0.0664 -0.8296
vn 0.3818 -0.0664 -0.9218
vn -0.3576 -0.3558 0.8634
vn -0.3818 -0.0664 0.9218
vn 0.6608 -0.3558 -0.6608
vn 0.7771 -0.3557 -0.5192
vn 0.8296 -0.0664 -0.5543
vn 0.7055 -0.0664 -0.7055
vn -0.5192 -0.3557 0.7771
vn -0.5543 -0.0664 0.8296
vn 0.8634 -0.3558 -0.3576
vn 0.9218 -0.0664 -0.3818
vn -0.1823 -0.3557 -0.9166
vn -0.1947 -0.0664 -0.9786
vn -0.6608 -0.3558 0.6608
vn -0.7055 -0.0664 0.7055
vn -0.7771 -0.3557 0.5192
vn -0.8296 -0.0664 0.5543
vn -0.0000 -0.3558 -0.9346
vn -0.0000 -0.0664 -0.9978
vn -0.8634 -0.3558 0.3576
vn -0.9218 -0.0664 0.3818
vn 0.9166 -0.3557 -0.1823
vn 0.9786 -0.0664 -0.1947
vn 0.1823 -0.3557 -0.9166
vn 0.1947 -0.0664 -0.9786
vn -0.0642 0.9442 -0.3230
vn -0.0000 0.9442 -0.3293
vn -0.1260 0.9442 -0.3042
vn -0.1406 0.9301 -0.3393
vn -0.0717 0.9301 -0.3603
vn -0.0000 0.9301 -0.3673
vn -0.0642 0.9442 0.3230
vn -0.1260 0.9442 0.3042
vn -0.0000 0.9442 0.3293
vn -0.0000 0.9301 0.3673
vn -0.0717 0.9301 0.3603
vn -0.1406 0.9301 0.3393
vn -0.1830 0.9442 0.2738
vn -0.2328 0.9442 0.2328
vn -0.2041 0.9301 0.3054
vn -0.2597 0.9301 0.2597
vn 0.2738 0.9442 -0.1830
vn 0.3042 0.9442 -0.1260
vn 0.3054 0.9301 -0.2041
vn 0.3393 0.9301 -0.1406
vn -0.2738 0.9442 0.1830
vn -0.3042 0.9442 0.1260
vn -0.3054 0.9301 0.2041
vn -0.3393 0.9301 0.1406
vn 0.3230 0.9442 -0.0642
vn 0.3293 0.9442 -0.0000
vn 0.3603 0.9301 -0.0717
vn 0.3673 0.9301 -0.0000
vn -0.3230 0.9442 0.0642
vn -0.3293 0.9442 -0.0000
vn -0.3603 0.9301 0.0717
vn -0.3673 0.9301 -0.0000
vn 0.3230 0.9442 0.0642
vn 0.3042 0.9442 0.1260
vn 0.3603 0.9301 0.0717
vn 0.3393 0.9301 0.1406
vn -0.3230 0.9442 -0.0642
vn -0.3042 0.9442 -0.1260
vn -0.3603 0.9301 -0.0717
vn -0.3393 0.9301 -0.1406
vn 0.2738 0.9442 0.1830
vn 0.2328 0.9442 0.2329
vn 0.3054 0.9301 0.2041
vn 0.2597 0.9301 0.2597
vn -0.2738 0.9442 -0.1830
vn -0.2328 0.9442 -0.2328
vn -0.3054 0.9301 -0.2041
vn -0.2597 0.9301 -0.2597
vn 0.1830 0.9442 0.2738
vn 0.1260 0.9442 0.3042
vn 0.2041 0.9301 0.3054
vn 0.1406 0.9301 0.3393
vn -0.1830 0.9442 -0.2738
vn -0.2041 0.9301 -0.3054
vn 0.0642 0.9442 0.3230
vn 0.0717 0.9301 0.3603
vn -0.4349 -0.7884 0.4349
vn -0.4716 0.8599 0.1954
vn 0.9655 0.2603 -0.0000
vn -0.9655 0.2604 -0.0000
vn 0.4717 0.8599 0.1954
vn -0.8920 0.2603 -0.3695
vn -0.4717 0.8599 -0.1954
vn 0.5115 -0.7884 0.3417
vn 0.4349 -0.7884 0.4349
vn -0.4350 -0.7884 -0.4349
vn 0.6190 -0.4833 0.6190
vn -0.6190 -0.4833 -0.6191
vn -0.1954 0.8599 -0.4716
vn -0.0000 -0.7808 0.6248
vn -0.0000 0.2603 -0.9655
vn 0.4349 -0.7884 -0.4349
vn 0.8920 0.2603 -0.3695
vn 0.0717 0.9301 -0.3603
vn 0.1142 0.8106 -0.5743
vn 0.2241 0.8107 -0.5409
vn -0.0000 0.8107 -0.5855
vn -0.0000 0.5681 -0.8230
vn 0.1606 0.5680 -0.8072
vn 0.3149 0.5681 -0.7603
vn 0.1886 0.2563 -0.9480
vn 0.3699 0.2563 -0.8930
vn -0.0000 0.2563 -0.9666
vn 0.3253 0.8106 -0.4869
vn 0.4140 0.8107 -0.4140
vn 0.4572 0.5680 -0.6843
vn 0.5819 0.5681 -0.5819
vn 0.5370 0.2563 -0.8037
vn 0.6835 0.2563 -0.6835
vn 0.4869 0.8106 -0.3253
vn 0.5409 0.8107 -0.2241
vn 0.6843 0.5680 -0.4572
vn 0.7603 0.5681 -0.3149
vn 0.8037 0.2563 -0.5370
vn 0.8930 0.2563 -0.3699
vn 0.5743 0.8106 -0.1142
vn 0.5855 0.8107 -0.0000
vn 0.8072 0.5680 -0.1606
vn 0.8230 0.5681 -0.0000
vn 0.9480 0.2563 -0.1886
vn 0.9666 0.2563 -0.0000
vn 0.5743 0.8106 0.1142
vn 0.5409 0.8107 0.2241
vn 0.8072 0.5680 0.1606
vn 0.7603 0.5681 0.3149
vn 0.9480 0.2563 0.1886
vn 0.8930 0.2563 0.3699
vn 0.4869 0.8106 0.3253
vn 0.4140 0.8107 0.4140
vn 0.6843 0.5680 0.4572
vn 0.5819 0.5681 0.5819
vn 0.8037 0.2563 0.5370
vn 0.6835 0.2563 0.6835
vn 0.3253 0.8106 0.4869
vn 0.2241 0.8107 0.5409
vn 0.4572 0.5680 0.6843
vn 0.3149 0.5681 0.7603
vn 0.5370 0.2563 0.8037
vn 0.3699 0.2563 0.8930
vn 0.1142 0.8106 0.5743
vn -0.0000 0.8107 0.5855
vn 0.1606 0.5680 0.8072
vn -0.0000 0.5681 0.8230
vn 0.1886 0.2563 0.9480
vn -0.0000 0.2563 0.9666
vn -0.1142 0.8106 0.5743
vn -0.2241 0.8107 0.5409
vn -0.1606 0.5680 0.8072
vn -0.3149 0.5681 0.7603
vn -0.1886 0.2563 0.9480
vn -0.3699 0.2563 0.8930
vn -0.3253 0.8106 0.4869
vn -0.4140 0.8107 0.4140
vn -0.4572 0.5680 0.6843
vn -0.5819 0.5681 0.5819
vn -0.5370 0.2563 0.8037
vn -0.6835 0.2563 0.6835
vn -0.4869 0.8106 0.3253
vn -0.5409 0.8107 0.2241
vn -0.6843 0.5680 0.4572
vn -0.7603 0.5681 0.3149
vn -0.8037 0.2563 0.5370
vn -0.8930 0.2563 0.3699
vn -0.5743 0.8106 0.1142
vn -0.5855 0.8107 -0.0000
vn -0.8072 0.5680 0.1606
vn -0.8230 0.5681 -0.0000
vn -0.9480 0.2563 0.1886
vn -0.9666 0.2563 -0.0000
vn -0.5743 0.8106 -0.1142
vn -0.5409 0.8107 -0.2241
vn -0.8072 0.5680 -0.1606
vn -0.7603 0.5681 -0.3149
vn -0.9480 0.2563 -0.1886
vn -0.8930 0.2563 -0.3699
vn -0.4869 0.8106 -0.3253
vn -0.4140 0.8107 -0.4140
vn -0.6843 0.5680 -0.4572
vn -0.5819 0.5681 -0.5819
vn -0.8037 0.2563 -0.5370
vn -0.6835 0.2563 -0.6835
vn -0.3253 0.8106 -0.4869
vn -0.2241 0.8107 -0.5409
vn -0.4572 0.5680 -0.6843
vn -0.3149 0.5681 -0.7603
vn -0.5370 0.2563 -0.8037
vn -0.3699 0.2563 -0.8930
vn -0.1142 0.8106 -0.5743
vn -0.1606 0.5680 -0.8072
vn -0.1886 0.2563 -0.9480
vn 0.0642 0.9442 -0.3230
vn 0.2854 -0.6663 -0.6890
vn 0.6889 -0.6663 -0.2854
vn 0.6889 -0.6663 0.2854
vn -0.6889 -0.6663 0.2854
vn -0.6890 -0.6663 -0.2854
vn 0.3365 0.4764 0.8123
vn 0.1715 0.4764 0.8624
vn 0.1819 0.3614 0.9145
vn 0.3568 0.3614 0.8614
vn 0.1923 0.1693 0.9666
vn 0.3772 0.1693 0.9105
vn -0.0000 0.3614 0.9324
vn -0.0000 0.1693 0.9856
vn -0.0000 0.4764 0.8792
vn -0.6217 0.4764 0.6217
vn -0.7311 0.4764 0.4885
vn -0.7753 0.3614 0.5180
vn -0.6593 0.3614 0.6593
vn -0.8195 0.1693 0.5476
vn -0.6969 0.1693 0.6969
vn -0.8614 0.3614 0.3568
vn -0.9106 0.1693 0.3772
vn -0.8123 0.4764 0.3365
vn -0.8624 0.4764 0.1715
vn -0.9145 0.3614 0.1819
vn -0.9666 0.1693 0.1923
vn -0.9324 0.3614 -0.0000
vn -0.9856 0.1693 -0.0000
vn -0.8792 0.4764 -0.0000
vn -0.8624 0.4764 -0.1715
vn -0.9145 0.3614 -0.1819
vn -0.9666 0.1693 -0.1923
vn -0.8614 0.3614 -0.3568
vn -0.9106 0.1693 -0.3772
vn -0.8123 0.4764 -0.3365
vn -0.7311 0.4764 -0.4885
vn -0.7753 0.3614 -0.5180
vn -0.8195 0.1693 -0.5476
vn -0.6593 0.3614 -0.6593
vn -0.6969 0.1693 -0.6969
vn -0.6217 0.4764 -0.6217
vn -0.4885 0.4764 -0.7311
vn -0.5180 0.3614 -0.7753
vn -0.5476 0.1693 -0.8195
vn -0.3568 0.3614 -0.8614
vn -0.3772 0.1693 -0.9106
vn -0.3365 0.4764 -0.8123
vn -0.1715 0.4764 -0.8624
vn -0.1819 0.3614 -0.9145
vn -0.1923 0.1693 -0.9666
vn -0.0000 0.3614 -0.9324
vn -0.0000 0.1693 -0.9856
vn -0.0000 0.4764 -0.8792
vn 0.1715 0.4764 -0.8624
vn 0.1819 0.3614 -0.9145
vn 0.1923 0.1693 -0.9666
vn 0.3568 0.3614 -0.8614
vn 0.3772 0.1693 -0.9106
vn 0.3365 0.4764 -0.8123
vn 0.4885 0.4764 -0.7311
vn 0.5180 0.3614 -0.7753
vn 0.5476 0.1693 -0.8195
vn 0.6593 0.3614 -0.6593
vn 0.6969 0.1693 -0.6969
vn 0.6217 0.4764 -0.6217
vn 0.7311 0.4764 -0.4885
vn 0.7753 0.3614 -0.5180
vn 0.8195 0.1693 -0.5476
vn 0.8614 0.3614 -0.3568
vn 0.9106 0.1693 -0.3772
vn 0.8123 0.4764 -0.3365
vn 0.8624 0.4764 -0.1715
vn 0.9145 0.3614 -0.1819
vn 0.9666 0.1693 -0.1923
vn 0.9324 0.3614 -0.0000
vn 0.9856 0.1693 -0.0000
vn 0.8792 0.4764 -0.0000
vn 0.8624 0.4764 0.1715
vn 0.9145 0.3614 0.1819
vn 0.9666 0.1693 0.1923
vn 0.8614 0.3614 0.3568
vn 0.9106 0.1693 0.3772
vn 0.8123 0.4764 0.3365
vn 0.7311 0.4764 0.4885
vn 0.7753 0.3614 0.5180
vn 0.8195 0.1693 0.5476
vn 0.6593 0.3614 0.6593
vn 0.6969 0.1693 0.6969
vn 0.6217 0.4764 0.6217
vn 0.4885 0.4764 0.7311
vn 0.5180 0.3614 0.7753
vn 0.5476 0.1693 0.8195
vn -0.0000 -0.0570 -0.9984
vn -0.1948 -0.0570 -0.9792
vn -0.3821 -0.0570 -0.9224
vn -0.1860 -0.3014 -0.9352
vn -0.3649 -0.3014 -0.8809
vn -0.0000 -0.3014 -0.9535
vn -0.3365 0.4764 0.8123
vn -0.4885 0.4764 0.7311
vn -0.5180 0.3614 0.7753
vn -0.3568 0.3614 0.8614
vn -0.5476 0.1693 0.8195
vn -0.3772 0.1693 0.9106
vn -0.1715 0.4764 0.8624
vn -0.1819 0.3614 0.9145
vn -0.1923 0.1693 0.9666
vn 0.8809 -0.3014 0.3649
vn 0.7827 -0.5312 0.3242
vn 0.8309 -0.5312 0.1653
vn 0.9352 -0.3014 0.1860
vn 0.8472 -0.5312 -0.0000
vn 0.9535 -0.3014 -0.0000
vn 0.7370 -0.6598 0.1466
vn 0.7514 -0.6599 -0.0000
vn 0.6942 -0.6599 0.2875
vn -0.3821 -0.0570 0.9224
vn -0.1948 -0.0570 0.9792
vn -0.0000 -0.0570 0.9984
vn -0.1860 -0.3014 0.9352
vn -0.0000 -0.3014 0.9535
vn -0.3649 -0.3014 0.8809
vn 0.9224 -0.0570 0.3821
vn 0.9792 -0.0570 0.1948
vn 0.9984 -0.0570 -0.0000
vn -0.7060 -0.0570 -0.7060
vn -0.8301 -0.0570 -0.5547
vn -0.9224 -0.0570 -0.3821
vn -0.7928 -0.3014 -0.5297
vn -0.8809 -0.3014 -0.3649
vn -0.6742 -0.3014 -0.6742
vn 0.9224 -0.0570 -0.3821
vn 0.8301 -0.0570 -0.5547
vn 0.7060 -0.0570 -0.7060
vn 0.7928 -0.3014 -0.5297
vn 0.6742 -0.3014 -0.6742
vn 0.8809 -0.3014 -0.3649
vn 0.1948 -0.0570 0.9792
vn 0.3821 -0.0570 0.9224
vn 0.1860 -0.3014 0.9352
vn 0.3649 -0.3014 0.8809
vn -0.9984 -0.0570 -0.0000
vn -0.9792 -0.0570 0.1948
vn -0.9224 -0.0570 0.3821
vn -0.9352 -0.3014 0.1860
vn -0.8809 -0.3014 0.3649
vn -0.9535 -0.3014 -0.0000
vn 0.3821 -0.0570 -0.9224
vn 0.1948 -0.0570 -0.9792
vn 0.1860 -0.3014 -0.9352
vn 0.3649 -0.3014 -0.8809
vn 0.7060 -0.0570 0.7060
vn 0.8301 -0.0570 0.5547
vn 0.7928 -0.3014 0.5297
vn 0.6742 -0.3014 0.6742
vn -0.7060 -0.0570 0.7060
vn -0.5547 -0.0570 0.8301
vn -0.5297 -0.3014 0.7928
vn -0.6742 -0.3014 0.6742
vn -0.5547 -0.0570 -0.8301
vn -0.5297 -0.3014 -0.7928
vn 0.9792 -0.0570 -0.1948
vn 0.9352 -0.3014 -0.1860
vn -0.9792 -0.0570 -0.1948
vn -0.9352 -0.3014 -0.1860
vn 0.5547 -0.0570 -0.8301
vn 0.5297 -0.3014 -0.7928
vn 0.5547 -0.0570 0.8301
vn 0.5297 -0.3014 0.7928
vn -0.8301 -0.0570 0.5547
vn -0.7928 -0.3014 0.5297
vn 0.8766 -0.4813 -0.0000
vn 0.9488 -0.3158 -0.0000
vn 0.9306 -0.3158 -0.1851
vn 0.8597 -0.4812 -0.1710
vn 0.8766 -0.3158 -0.3631
vn 0.8098 -0.4813 -0.3354
vn 0.9789 -0.0625 -0.1947
vn 0.9221 -0.0625 -0.3819
vn 0.9980 -0.0625 -0.0000
vn -0.5991 -0.5312 -0.5991
vn -0.7044 -0.5312 -0.4707
vn -0.7827 -0.5312 -0.3242
vn -0.6248 -0.6598 -0.4175
vn -0.6942 -0.6599 -0.2875
vn -0.5313 -0.6599 -0.5313
vn 0.5991 -0.5312 0.5991
vn 0.7044 -0.5312 0.4707
vn 0.6248 -0.6598 0.4175
vn 0.5313 -0.6599 0.5313
vn -0.3242 -0.5312 -0.7827
vn -0.4707 -0.5312 -0.7044
vn -0.4175 -0.6598 -0.6248
vn -0.2875 -0.6599 -0.6942
vn 0.3242 -0.5312 0.7827
vn 0.4707 -0.5312 0.7044
vn 0.4175 -0.6598 0.6248
vn 0.2875 -0.6599 0.6942
vn -0.0000 -0.5312 -0.8472
vn -0.1653 -0.5312 -0.8309
vn -0.1466 -0.6598 -0.7370
vn -0.0000 -0.6599 -0.7514
vn -0.3242 -0.5312 0.7827
vn -0.1653 -0.5312 0.8309
vn -0.0000 -0.5312 0.8472
vn -0.1466 -0.6598 0.7370
vn -0.0000 -0.6599 0.7514
vn -0.2875 -0.6599 0.6942
vn 0.1653 -0.5312 0.8309
vn 0.1466 -0.6598 0.7370
vn 0.3242 -0.5312 -0.7827
vn 0.1653 -0.5312 -0.8309
vn 0.1466 -0.6598 -0.7370
vn 0.2875 -0.6599 -0.6942
vn -0.5991 -0.5312 0.5991
vn -0.4707 -0.5312 0.7044
vn -0.4175 -0.6598 0.6248
vn -0.5313 -0.6599 0.5313
vn 0.5991 -0.5312 -0.5991
vn 0.4707 -0.5312 -0.7044
vn 0.4175 -0.6598 -0.6248
vn 0.5313 -0.6599 -0.5313
vn -0.7827 -0.5312 0.3242
vn -0.7044 -0.5312 0.4707
vn -0.6248 -0.6598 0.4175
vn -0.6942 -0.6599 0.2875
vn 0.7827 -0.5312 -0.3242
vn 0.7044 -0.5312 -0.4707
vn 0.6248 -0.6598 -0.4175
vn 0.6942 -0.6599 -0.2875
vn -0.8472 -0.5312 -0.0000
vn -0.8309 -0.5312 0.1653
vn -0.7370 -0.6598 0.1466
vn -0.7514 -0.6599 -0.0000
vn 0.8309 -0.5312 -0.1653
vn 0.7370 -0.6598 -0.1466
vn -0.8309 -0.5312 -0.1653
vn -0.7370 -0.6598 -0.1466
vn -0.5027 -0.7033 0.5027
vn -0.3950 -0.7032 0.5911
vn -0.2721 -0.7033 0.6568
vn -0.3876 -0.7164 0.5801
vn -0.2670 -0.7164 0.6446
vn -0.4933 -0.7164 0.4933
vn -0.8098 -0.4813 -0.3354
vn -0.8766 -0.3158 -0.3631
vn -0.9306 -0.3158 -0.1851
vn -0.8597 -0.4812 -0.1710
vn -0.9488 -0.3158 -0.0000
vn -0.8766 -0.4813 -0.0000
vn -0.9789 -0.0625 -0.1947
vn -0.9980 -0.0625 -0.0000
vn -0.9221 -0.0625 -0.3819
vn 0.8098 -0.4813 0.3354
vn 0.8766 -0.3158 0.3631
vn 0.9306 -0.3158 0.1851
vn 0.8597 -0.4812 0.1710
vn 0.9789 -0.0625 0.1947
vn 0.9221 -0.0625 0.3819
vn -0.6198 -0.4813 -0.6198
vn -0.6709 -0.3158 -0.6709
vn -0.7889 -0.3158 -0.5271
vn -0.7289 -0.4812 -0.4870
vn -0.8298 -0.0625 -0.5545
vn -0.7057 -0.0625 -0.7057
vn 0.6198 -0.4813 0.6198
vn 0.6709 -0.3158 0.6709
vn 0.7889 -0.3158 0.5271
vn 0.7289 -0.4812 0.4870
vn 0.8298 -0.0625 0.5545
vn 0.7057 -0.0625 0.7057
vn -0.3354 -0.4813 -0.8098
vn -0.3631 -0.3158 -0.8766
vn -0.5271 -0.3158 -0.7889
vn -0.4870 -0.4812 -0.7289
vn -0.5545 -0.0625 -0.8298
vn -0.3819 -0.0625 -0.9221
vn 0.3354 -0.4813 0.8098
vn 0.3631 -0.3158 0.8766
vn 0.5271 -0.3158 0.7889
vn 0.4870 -0.4812 0.7289
vn 0.5545 -0.0625 0.8298
vn 0.3819 -0.0625 0.9221
vn -0.0000 -0.4813 -0.8766
vn -0.0000 -0.3158 -0.9488
vn -0.1851 -0.3158 -0.9306
vn -0.1710 -0.4812 -0.8597
vn -0.1947 -0.0625 -0.9789
vn -0.0000 -0.0625 -0.9980
vn 0.3354 -0.4813 -0.8098
vn 0.3631 -0.3158 -0.8766
vn 0.1851 -0.3158 -0.9306
vn 0.1710 -0.4812 -0.8597
vn 0.1947 -0.0625 -0.9789
vn 0.3819 -0.0625 -0.9221
vn -0.6198 -0.4813 0.6198
vn -0.6709 -0.3158 0.6709
vn -0.5271 -0.3158 0.7889
vn -0.4870 -0.4812 0.7289
vn -0.3631 -0.3158 0.8766
vn -0.3354 -0.4813 0.8098
vn -0.5545 -0.0625 0.8298
vn -0.3819 -0.0625 0.9221
vn -0.7057 -0.0625 0.7057
vn -0.8098 -0.4813 0.3354
vn -0.8766 -0.3158 0.3631
vn -0.7889 -0.3158 0.5271
vn -0.7289 -0.4812 0.4870
vn -0.8298 -0.0625 0.5545
vn -0.9221 -0.0625 0.3819
vn 0.6198 -0.4813 -0.6198
vn 0.6709 -0.3158 -0.6709
vn 0.5271 -0.3158 -0.7889
vn 0.4870 -0.4812 -0.7289
vn 0.5545 -0.0625 -0.8298
vn 0.7057 -0.0625 -0.7057
vn -0.0000 -0.4813 0.8766
vn -0.0000 -0.3158 0.9488
vn 0.1851 -0.3158 0.9306
vn 0.1710 -0.4812 0.8597
vn 0.1947 -0.0625 0.9789
vn -0.0000 -0.0625 0.9980
vn 0.7889 -0.3158 -0.5271
vn 0.7289 -0.4812 -0.4870
vn 0.8298 -0.0625 -0.5545
vn -0.9306 -0.3158 0.1851
vn -0.8597 -0.4812 0.1710
vn -0.9789 -0.0625 0.1947
vn -0.6823 0.2623 -0.6823
vn -0.8024 0.2623 -0.5361
vn -0.8915 0.2623 -0.3693
vn -0.7043 0.5315 -0.4706
vn -0.7826 0.5315 -0.3241
vn -0.5989 0.5315 -0.5989
vn -0.0000 -0.7033 0.7109
vn 0.1387 -0.7032 0.6973
vn 0.2721 -0.7033 0.6568
vn 0.1361 -0.7164 0.6843
vn 0.2670 -0.7164 0.6446
vn -0.0000 -0.7164 0.6977
vn 0.2721 -0.7033 -0.6568
vn 0.1387 -0.7032 -0.6973
vn -0.0000 -0.7033 -0.7109
vn 0.1361 -0.7164 -0.6843
vn -0.0000 -0.7164 -0.6977
vn 0.2670 -0.7164 -0.6446
vn -0.1851 -0.3158 0.9306
vn -0.1710 -0.4812 0.8597
vn -0.1947 -0.0625 0.9789
vn 0.5027 -0.7033 -0.5027
vn 0.3950 -0.7032 -0.5911
vn 0.3876 -0.7164 -0.5801
vn 0.4933 -0.7164 -0.4933
vn -0.6568 -0.7033 0.2721
vn -0.5911 -0.7032 0.3950
vn -0.5801 -0.7164 0.3876
vn -0.6446 -0.7164 0.2670
vn 0.6568 -0.7033 -0.2721
vn 0.5911 -0.7032 -0.3950
vn 0.5801 -0.7164 -0.3876
vn 0.6446 -0.7164 -0.2670
vn -0.7109 -0.7033 -0.0000
vn -0.6973 -0.7032 0.1387
vn -0.6843 -0.7164 0.1361
vn -0.6977 -0.7164 -0.0000
vn 0.7109 -0.7033 -0.0000
vn 0.6973 -0.7032 -0.1387
vn 0.6843 -0.7164 -0.1361
vn 0.6977 -0.7164 -0.0000
vn -0.6568 -0.7033 -0.2721
vn -0.6973 -0.7032 -0.1387
vn -0.6843 -0.7164 -0.1361
vn -0.6446 -0.7164 -0.2670
vn 0.6568 -0.7033 0.2721
vn 0.6973 -0.7032 0.1387
vn 0.6843 -0.7164 0.1361
vn 0.6446 -0.7164 0.2670
vn -0.5027 -0.7033 -0.5027
vn -0.5911 -0.7032 -0.3950
vn -0.5801 -0.7164 -0.3876
vn -0.4933 -0.7164 -0.4933
vn 0.5027 -0.7033 0.5027
vn 0.5911 -0.7032 0.3950
vn 0.5801 -0.7164 0.3876
vn 0.4933 -0.7164 0.4933
vn -0.2721 -0.7033 -0.6568
vn -0.3950 -0.7032 -0.5911
vn -0.3876 -0.7164 -0.5801
vn -0.2670 -0.7164 -0.6446
vn 0.3950 -0.7032 0.5911
vn 0.3876 -0.7164 0.5801
vn -0.1387 -0.7032 -0.6973
vn -0.1361 -0.7164 -0.6843
vn 0.6074 0.7535 -0.2516
vn 0.5765 0.7814 -0.2388
vn 0.5189 0.7814 -0.3467
vn 0.5467 0.7535 -0.3653
vn 0.4413 0.7814 -0.4413
vn 0.4649 0.7535 -0.4649
vn 0.2253 0.9698 -0.0933
vn 0.2029 0.9698 -0.1356
vn 0.6121 0.7814 -0.1218
vn 0.2393 0.9698 -0.0476
vn 0.6823 0.2623 0.6823
vn 0.8024 0.2623 0.5361
vn 0.8915 0.2623 0.3693
vn 0.7043 0.5315 0.4706
vn 0.7826 0.5315 0.3241
vn 0.5989 0.5315 0.5989
vn -0.3693 0.2623 -0.8915
vn -0.5361 0.2623 -0.8024
vn -0.4706 0.5315 -0.7043
vn -0.3241 0.5315 -0.7826
vn 0.3693 0.2623 0.8915
vn 0.5361 0.2623 0.8024
vn 0.4706 0.5315 0.7043
vn 0.3241 0.5315 0.7826
vn -0.0000 0.2623 -0.9650
vn -0.1883 0.2623 -0.9465
vn -0.1653 0.5315 -0.8308
vn -0.0000 0.5315 -0.8470
vn -0.3693 0.2623 0.8915
vn -0.1883 0.2623 0.9465
vn -0.0000 0.2623 0.9650
vn -0.1653 0.5315 0.8308
vn -0.0000 0.5315 0.8470
vn -0.3241 0.5315 0.7826
vn 0.1883 0.2623 0.9465
vn 0.1653 0.5315 0.8308
vn 0.3693 0.2623 -0.8915
vn 0.1883 0.2623 -0.9465
vn 0.1653 0.5315 -0.8308
vn 0.3241 0.5315 -0.7826
vn -0.6823 0.2623 0.6823
vn -0.5361 0.2623 0.8024
vn -0.4706 0.5315 0.7043
vn -0.5989 0.5315 0.5989
vn 0.6823 0.2623 -0.6823
vn 0.5361 0.2623 -0.8024
vn 0.4706 0.5315 -0.7043
vn 0.5989 0.5315 -0.5989
vn -0.8915 0.2623 0.3693
vn -0.8024 0.2623 0.5361
vn -0.7043 0.5315 0.4706
vn -0.7826 0.5315 0.3241
vn 0.8915 0.2623 -0.3693
vn 0.8024 0.2623 -0.5361
vn 0.7043 0.5315 -0.4706
vn 0.7826 0.5315 -0.3241
vn -0.9650 0.2623 -0.0000
vn -0.9465 0.2623 0.1883
vn -0.8308 0.5315 0.1653
vn -0.8470 0.5315 -0.0000
vn 0.9650 0.2623 -0.0000
vn 0.9465 0.2623 -0.1883
vn 0.8308 0.5315 -0.1653
vn 0.8470 0.5315 -0.0000
vn -0.9465 0.2623 -0.1883
vn -0.8308 0.5315 -0.1653
vn 0.9465 0.2623 0.1883
vn 0.8308 0.5315 0.1653
vn -0.6574 0.7535 -0.0000
vn -0.6240 0.7814 -0.0000
vn -0.6121 0.7814 0.1218
vn -0.6448 0.7535 0.1283
vn -0.5765 0.7814 0.2388
vn -0.6074 0.7535 0.2516
vn -0.2438 0.9698 -0.0000
vn -0.2393 0.9698 0.0476
vn -0.6121 0.7814 -0.1218
vn -0.2393 0.9698 -0.0476
vn 0.6574 0.7535 -0.0000
vn 0.6240 0.7814 -0.0000
vn 0.6448 0.7535 -0.1283
vn 0.2439 0.9698 -0.0000
vn 0.6121 0.7814 0.1218
vn 0.2393 0.9698 0.0476
vn -0.6074 0.7535 -0.2516
vn -0.5765 0.7814 -0.2388
vn -0.6448 0.7535 -0.1283
vn -0.2253 0.9698 -0.0933
vn -0.5189 0.7814 -0.3467
vn -0.2029 0.9698 -0.1356
vn 0.6074 0.7535 0.2516
vn 0.5765 0.7814 0.2388
vn 0.6448 0.7535 0.1283
vn 0.2253 0.9698 0.0933
vn 0.5189 0.7814 0.3467
vn 0.2029 0.9698 0.1356
vn -0.4649 0.7535 -0.4649
vn -0.4413 0.7814 -0.4413
vn -0.5467 0.7535 -0.3653
vn -0.1724 0.9698 -0.1724
vn -0.3467 0.7814 -0.5189
vn -0.1356 0.9698 -0.2029
vn 0.4649 0.7535 0.4649
vn 0.4413 0.7814 0.4413
vn 0.5467 0.7535 0.3653
vn 0.1724 0.9698 0.1724
vn 0.3467 0.7814 0.5189
vn 0.1356 0.9698 0.2029
vn -0.2516 0.7535 -0.6074
vn -0.2388 0.7814 -0.5765
vn -0.3653 0.7535 -0.5467
vn -0.0933 0.9698 -0.2253
vn -0.1218 0.7814 -0.6121
vn -0.0476 0.9698 -0.2393
vn 0.2516 0.7535 0.6074
vn 0.2388 0.7814 0.5765
vn 0.3653 0.7535 0.5467
vn 0.0933 0.9698 0.2253
vn 0.1218 0.7814 0.6121
vn 0.0476 0.9698 0.2393
vn -0.0000 0.7535 -0.6574
vn -0.0000 0.7814 -0.6240
vn -0.1283 0.7535 -0.6448
vn -0.0000 0.9698 -0.2438
vn 0.1218 0.7814 -0.6121
vn 0.0476 0.9698 -0.2393
vn -0.2516 0.7535 0.6074
vn -0.2388 0.7814 0.5765
vn -0.1218 0.7814 0.6121
vn -0.1283 0.7535 0.6448
vn -0.0000 0.7814 0.6240
vn -0.0000 0.7535 0.6574
vn -0.0000 0.9698 0.2439
vn -0.3467 0.7814 0.5189
vn -0.1356 0.9698 0.2029
vn -0.0933 0.9698 0.2253
vn 0.1283 0.7535 0.6448
vn -0.2354 0.7885 0.5683
vn -0.0935 0.9697 0.2257
vn -0.0477 0.9697 0.2398
vn -0.1200 0.7884 0.6033
vn -0.4413 0.7814 0.4413
vn -0.1724 0.9698 0.1724
vn 0.2516 0.7535 -0.6074
vn 0.2388 0.7814 -0.5765
vn 0.1283 0.7535 -0.6448
vn 0.0933 0.9698 -0.2253
vn 0.3467 0.7814 -0.5189
vn 0.1356 0.9698 -0.2029
vn -0.4649 0.7535 0.4649
vn -0.3653 0.7535 0.5467
vn -0.0476 0.9698 0.2393
vn -0.5189 0.7814 0.3467
vn -0.2029 0.9698 0.1356
vn 0.3653 0.7535 -0.5467
vn 0.1724 0.9698 -0.1724
vn -0.5467 0.7535 0.3653
vn -0.2253 0.9698 0.0933
vn -0.2714 -0.7049 0.6553
vn -0.1384 -0.7049 0.6957
vn -0.1361 -0.7164 0.6843
vn -0.0000 -0.7049 0.7093
vn -0.1455 -0.6661 0.7315
vn -0.0000 -0.6662 0.7458
vn -0.2854 -0.6662 0.6890
vn -0.3076 -0.5949 0.7426
vn -0.1568 -0.5949 0.7884
vn -0.0000 -0.5949 0.8038
vn -0.5015 -0.7049 0.5015
vn -0.3941 -0.7049 0.5897
vn -0.4144 -0.6661 0.6201
vn -0.5274 -0.6662 0.5274
vn -0.5684 -0.5949 0.5684
vn -0.4466 -0.5949 0.6684
vn -0.6553 -0.7049 0.2714
vn -0.5897 -0.7049 0.3941
vn -0.6201 -0.6661 0.4144
vn -0.6890 -0.6662 0.2854
vn -0.7426 -0.5949 0.3076
vn -0.6684 -0.5949 0.4466
vn -0.7093 -0.7049 -0.0000
vn -0.6957 -0.7049 0.1384
vn -0.7315 -0.6661 0.1455
vn -0.7458 -0.6662 -0.0000
vn -0.8038 -0.5949 -0.0000
vn -0.7884 -0.5949 0.1568
vn -0.6553 -0.7049 -0.2714
vn -0.6957 -0.7049 -0.1384
vn -0.7315 -0.6661 -0.1455
vn -0.6890 -0.6662 -0.2854
vn -0.7426 -0.5949 -0.3076
vn -0.7884 -0.5949 -0.1568
vn -0.5015 -0.7049 -0.5015
vn -0.5898 -0.7049 -0.3941
vn -0.6201 -0.6661 -0.4144
vn -0.5274 -0.6662 -0.5274
vn -0.5684 -0.5949 -0.5684
vn -0.6684 -0.5949 -0.4466
vn -0.2714 -0.7049 -0.6553
vn -0.3941 -0.7049 -0.5897
vn -0.4144 -0.6661 -0.6201
vn -0.2854 -0.6662 -0.6890
vn -0.3076 -0.5949 -0.7426
vn -0.4466 -0.5949 -0.6684
vn -0.0000 -0.7049 -0.7093
vn -0.1384 -0.7049 -0.6957
vn -0.1455 -0.6661 -0.7315
vn -0.0000 -0.6662 -0.7458
vn -0.0000 -0.5949 -0.8038
vn -0.1568 -0.5949 -0.7884
vn 0.2714 -0.7049 -0.6553
vn 0.1384 -0.7049 -0.6957
vn 0.1455 -0.6661 -0.7315
vn 0.2854 -0.6662 -0.6890
vn 0.3076 -0.5949 -0.7426
vn 0.1568 -0.5949 -0.7884
vn 0.5015 -0.7049 -0.5015
vn 0.3941 -0.7049 -0.5898
vn 0.4144 -0.6661 -0.6201
vn 0.5274 -0.6662 -0.5274
vn 0.5684 -0.5949 -0.5684
vn 0.4466 -0.5949 -0.6684
vn 0.6553 -0.7049 -0.2714
vn 0.5897 -0.7049 -0.3941
vn 0.6201 -0.6661 -0.4144
vn 0.6890 -0.6662 -0.2854
vn 0.7426 -0.5949 -0.3076
vn 0.6684 -0.5949 -0.4466
vn 0.7093 -0.7049 -0.0000
vn 0.6957 -0.7049 -0.1384
vn 0.7315 -0.6661 -0.1455
vn 0.7458 -0.6662 -0.0000
vn 0.8038 -0.5949 -0.0000
vn 0.7884 -0.5949 -0.1568
vn 0.6553 -0.7049 0.2714
vn 0.6957 -0.7049 0.1384
vn 0.7315 -0.6661 0.1455
vn 0.6890 -0.6662 0.2854
vn 0.7426 -0.5949 0.3076
vn 0.7884 -0.5949 0.1568
vn 0.5015 -0.7049 0.5015
vn 0.5897 -0.7049 0.3941
vn 0.6201 -0.6661 0.4144
vn 0.5274 -0.6662 0.5274
vn 0.5684 -0.5949 0.5684
vn 0.6684 -0.5949 0.4466
vn 0.2714 -0.7049 0.6553
vn 0.3941 -0.7049 0.5898
vn 0.4144 -0.6661 0.6201
vn 0.2854 -0.6662 0.6890
vn 0.3076 -0.5949 0.7426
vn 0.4466 -0.5949 0.6684
vn 0.1384 -0.7049 0.6957
vn 0.1455 -0.6661 0.7315
vn 0.1568 -0.5949 0.7884
vn -0.1387 -0.7032 0.6973
vn -0.0000 0.5711 0.8209
vn -0.0000 0.6671 0.7450
vn -0.1453 0.6671 0.7307
vn -0.1601 0.5711 0.8051
vn -0.2851 0.6671 0.6883
vn -0.3141 0.5711 0.7584
vn -0.1013 0.8545 0.5095
vn -0.1986 0.8547 0.4796
vn -0.0000 0.8547 0.5191
vn -0.0000 0.9771 0.2128
vn -0.0407 0.9780 0.2045
vn -0.0814 0.9771 0.1966
vn -0.0068 0.9994 0.0342
vn -0.0213 0.9985 0.0513
vn -0.0000 0.9985 0.0556
vn -0.4139 0.6671 0.6194
vn -0.4561 0.5711 0.6825
vn -0.5268 0.6671 0.5268
vn -0.5804 0.5711 0.5804
vn -0.2886 0.8545 0.4319
vn -0.3671 0.8547 0.3671
vn -0.1158 0.9780 0.1733
vn -0.1504 0.9771 0.1504
vn -0.0194 0.9994 0.0290
vn -0.0393 0.9985 0.0393
vn -0.6194 0.6671 0.4139
vn -0.6825 0.5711 0.4561
vn -0.6883 0.6671 0.2851
vn -0.7584 0.5711 0.3141
vn -0.4319 0.8545 0.2886
vn -0.4796 0.8547 0.1986
vn -0.1733 0.9780 0.1158
vn -0.1966 0.9771 0.0814
vn -0.0290 0.9994 0.0194
vn -0.0513 0.9985 0.0213
vn -0.7307 0.6671 0.1453
vn -0.8051 0.5711 0.1601
vn -0.7450 0.6671 -0.0000
vn -0.8209 0.5711 -0.0000
vn -0.5095 0.8545 0.1013
vn -0.5191 0.8547 -0.0000
vn -0.2045 0.9780 0.0407
vn -0.2128 0.9771 -0.0000
vn -0.0342 0.9994 0.0068
vn -0.0556 0.9985 -0.0000
vn -0.7307 0.6671 -0.1453
vn -0.8051 0.5711 -0.1601
vn -0.6883 0.6671 -0.2851
vn -0.7584 0.5711 -0.3141
vn -0.5095 0.8545 -0.1013
vn -0.4796 0.8547 -0.1986
vn -0.2045 0.9780 -0.0407
vn -0.1966 0.9771 -0.0814
vn -0.0342 0.9994 -0.0068
vn -0.0513 0.9985 -0.0213
vn -0.6194 0.6671 -0.4139
vn -0.6825 0.5711 -0.4561
vn -0.5268 0.6671 -0.5268
vn -0.5804 0.5711 -0.5804
vn -0.4319 0.8545 -0.2886
vn -0.3671 0.8547 -0.3671
vn -0.1733 0.9780 -0.1158
vn -0.1504 0.9771 -0.1504
vn -0.0290 0.9994 -0.0194
vn -0.0393 0.9985 -0.0393
vn -0.4139 0.6671 -0.6194
vn -0.4561 0.5711 -0.6825
vn -0.2851 0.6671 -0.6883
vn -0.3141 0.5711 -0.7584
vn -0.2886 0.8545 -0.4319
vn -0.1986 0.8547 -0.4796
vn -0.1158 0.9780 -0.1733
vn -0.0814 0.9771 -0.1966
vn -0.0194 0.9994 -0.0290
vn -0.0213 0.9985 -0.0513
vn -0.1453 0.6671 -0.7307
vn -0.1601 0.5711 -0.8051
vn -0.0000 0.6671 -0.7450
vn -0.0000 0.5711 -0.8209
vn -0.1013 0.8545 -0.5095
vn -0.0000 0.8547 -0.5191
vn -0.0407 0.9780 -0.2045
vn -0.0000 0.9771 -0.2128
vn -0.0068 0.9994 -0.0342
vn -0.0000 0.9985 -0.0556
vn 0.1453 0.6671 -0.7307
vn 0.1601 0.5711 -0.8051
vn 0.2851 0.6671 -0.6883
vn 0.3141 0.5711 -0.7584
vn 0.1013 0.8545 -0.5095
vn 0.1986 0.8547 -0.4796
vn 0.0407 0.9780 -0.2045
vn 0.0814 0.9771 -0.1966
vn 0.0068 0.9994 -0.0342
vn 0.0213 0.9985 -0.0513
vn 0.4139 0.6671 -0.6194
vn 0.4561 0.5711 -0.6825
vn 0.5268 0.6671 -0.5268
vn 0.5804 0.5711 -0.5804
vn 0.2886 0.8545 -0.4319
vn 0.3671 0.8547 -0.3671
vn 0.1158 0.9780 -0.1733
vn 0.1504 0.9771 -0.1504
vn 0.0194 0.9994 -0.0290
vn 0.0393 0.9985 -0.0393
vn 0.6194 0.6671 -0.4139
vn 0.6825 0.5711 -0.4561
vn 0.6883 0.6671 -0.2851
vn 0.7584 0.5711 -0.3141
vn 0.4319 0.8545 -0.2886
vn 0.4796 0.8547 -0.1986
vn 0.1733 0.9780 -0.1158
vn 0.1966 0.9771 -0.0814
vn 0.0290 0.9994 -0.0194
vn 0.0513 0.9985 -0.0213
vn 0.7307 0.6671 -0.1453
vn 0.8051 0.5711 -0.1601
vn 0.7450 0.6671 -0.0000
vn 0.8209 0.5711 -0.0000
vn 0.5095 0.8545 -0.1013
vn 0.5191 0.8547 -0.0000
vn 0.2045 0.9780 -0.0407
vn 0.2128 0.9771 -0.0000
vn 0.0342 0.9994 -0.0068
vn 0.0556 0.9985 -0.0000
vn 0.7307 0.6671 0.1453
vn 0.8051 0.5711 0.1601
vn 0.6883 0.6671 0.2851
vn 0.7584 0.5711 0.3141
vn 0.5095 0.8545 0.1013
vn 0.4796 0.8547 0.1986
vn 0.2045 0.9780 0.0407
vn 0.1966 0.9771 0.0814
vn 0.0342 0.9994 0.0068
vn 0.0513 0.9985 0.0213
vn 0.6194 0.6671 0.4139
vn 0.6825 0.5711 0.4561
vn 0.5268 0.6671 0.5268
vn 0.5804 0.5711 0.5804
vn 0.4319 0.8545 0.2886
vn 0.3671 0.8547 0.3671
vn 0.1733 0.9780 0.1158
vn 0.1504 0.9771 0.1504
vn 0.0290 0.9994 0.0194
vn 0.0393 0.9985 0.0393
vn 0.4139 0.6671 0.6194
vn 0.4561 0.5711 0.6825
vn 0.2851 0.6671 0.6883
vn 0.3141 0.5711 0.7584
vn 0.2886 0.8545 0.4319
vn 0.1986 0.8547 0.4796
vn 0.1158 0.9780 0.1733
vn 0.0814 0.9771 0.1966
vn 0.0194 0.9994 0.0290
vn 0.0213 0.9985 0.0513
vn 0.1453 0.6671 0.7307
vn 0.1601 0.5711 0.8051
vn 0.1013 0.8545 0.5095
vn 0.0407 0.9780 0.2045
vn 0.0068 0.9994 0.0342
vn -0.0000 1.0000 -0.0000
vn -0.1652 0.5316 0.8307
vn -0.0000 0.5316 0.8470
vn -0.3241 0.5316 0.7825
vn -0.4706 0.5316 0.7043
vn -0.5989 0.5316 0.5989
vn 0.4706 0.5316 0.7043
vn 0.5989 0.5316 0.5989
vn 0.3241 0.5316 0.7825
vn 0.7043 0.5316 0.4706
vn 0.7825 0.5316 0.3241
vn 0.8307 0.5316 0.1652
vn 0.8470 0.5316 -0.0000
vn 0.8307 0.5316 -0.1652
vn 0.7825 0.5316 -0.3241
vn 0.7043 0.5316 -0.4706
vn 0.5989 0.5316 -0.5989
vn 0.4706 0.5316 -0.7043
vn 0.3241 0.5316 -0.7825
vn 0.1652 0.5316 -0.8307
vn -0.0000 0.5316 -0.8470
vn -0.1652 0.5316 -0.8307
vn -0.3241 0.5316 -0.7825
vn -0.4706 0.5316 -0.7043
vn -0.5989 0.5316 -0.5989
vn -0.7043 0.5316 -0.4706
vn -0.7825 0.5316 -0.3241
vn -0.8307 0.5316 -0.1652
vn -0.8470 0.5316 -0.0000
vn -0.8307 0.5316 0.1652
vn -0.7825 0.5316 0.3241
vn -0.7043 0.5316 0.4706
vn 0.1652 0.5316 0.8307
vn -0.6740 0.6840 0.2792
vn -0.6066 0.6839 0.4053
vn -0.5158 0.6840 0.5158
vn 0.5158 0.6840 -0.5158
vn 0.4053 0.6839 -0.6066
vn 0.2792 0.6840 -0.6740
vn -0.4053 0.6839 0.6066
vn -0.2792 0.6840 0.6740
vn 0.1423 0.6839 -0.7155
vn -0.0000 0.6840 -0.7295
vn -0.0000 0.6840 0.7295
vn 0.1423 0.6839 0.7155
vn 0.2792 0.6840 0.6740
vn -0.1423 0.6839 0.7155
vn -0.1423 0.6839 -0.7155
vn -0.2792 0.6840 -0.6740
vn 0.4053 0.6839 0.6066
vn 0.5158 0.6840 0.5158
vn -0.4053 0.6839 -0.6066
vn -0.5158 0.6840 -0.5158
vn 0.6066 0.6839 0.4053
vn 0.6740 0.6840 0.2792
vn -0.6066 0.6839 -0.4053
vn -0.6740 0.6840 -0.2792
vn 0.7155 0.6839 0.1423
vn 0.7295 0.6840 -0.0000
vn -0.7155 0.6839 -0.1423
vn -0.7295 0.6840 -0.0000
vn 0.7155 0.6839 -0.1423
vn 0.6740 0.6840 -0.2792
vn -0.7155 0.6839 0.1423
vn 0.6066 0.6839 -0.4053
vn 0.3709 0.2463 0.8954
vn 0.1891 0.2463 0.9506
vn 0.1936 0.1230 0.9733
vn 0.3798 0.1231 0.9169
vn 0.1949 0.0434 0.9799
vn 0.3823 0.0434 0.9230
vn -0.0000 0.1231 0.9924
vn -0.0000 0.0434 0.9991
vn -0.0000 0.2463 0.9692
vn -0.6853 0.2463 0.6853
vn -0.8059 0.2463 0.5385
vn -0.8252 0.1230 0.5513
vn -0.7017 0.1231 0.7017
vn -0.8307 0.0434 0.5550
vn -0.7064 0.0434 0.7064
vn -0.9169 0.1231 0.3798
vn -0.9230 0.0434 0.3823
vn -0.8954 0.2463 0.3709
vn -0.9506 0.2463 0.1891
vn -0.9733 0.1230 0.1936
vn -0.9799 0.0434 0.1949
vn -0.9924 0.1231 -0.0000
vn -0.9991 0.0434 -0.0000
vn -0.9692 0.2463 -0.0000
vn -0.9506 0.2463 -0.1891
vn -0.9733 0.1230 -0.1936
vn -0.9799 0.0434 -0.1949
vn -0.9169 0.1231 -0.3798
vn -0.9230 0.0434 -0.3823
vn -0.8954 0.2463 -0.3709
vn -0.8059 0.2463 -0.5385
vn -0.8252 0.1230 -0.5513
vn -0.8307 0.0434 -0.5550
vn -0.7017 0.1231 -0.7017
vn -0.7064 0.0434 -0.7064
vn -0.6853 0.2463 -0.6853
vn -0.5385 0.2463 -0.8059
vn -0.5513 0.1230 -0.8252
vn -0.5550 0.0434 -0.8307
vn -0.3798 0.1231 -0.9169
vn -0.3823 0.0434 -0.9230
vn -0.3709 0.2463 -0.8954
vn -0.1891 0.2463 -0.9506
vn -0.1936 0.1230 -0.9733
vn -0.1949 0.0434 -0.9799
vn -0.0000 0.1231 -0.9924
vn -0.0000 0.0434 -0.9991
vn -0.0000 0.2463 -0.9692
vn 0.1891 0.2463 -0.9506
vn 0.1936 0.1230 -0.9733
vn 0.1949 0.0434 -0.9799
vn 0.3798 0.1231 -0.9169
vn 0.3823 0.0434 -0.9230
vn 0.3709 0.2463 -0.8954
vn 0.5385 0.2463 -0.8059
vn 0.5513 0.1230 -0.8252
vn 0.5550 0.0434 -0.8307
vn 0.7017 0.1231 -0.7017
vn 0.7064 0.0434 -0.7064
vn 0.6853 0.2463 -0.6853
vn 0.8059 0.2463 -0.5385
vn 0.8252 0.1230 -0.5513
vn 0.8307 0.0434 -0.5550
vn 0.9169 0.1231 -0.3798
vn 0.9230 0.0434 -0.3823
vn 0.8954 0.2463 -0.3709
vn 0.9506 0.2463 -0.1891
vn 0.9733 0.1230 -0.1936
vn 0.9799 0.0434 -0.1949
vn 0.9924 0.1231 -0.0000
vn 0.9991 0.0434 -0.0000
vn 0.9692 0.2463 -0.0000
vn 0.9506 0.2463 0.1891
vn 0.9733 0.1230 0.1936
vn 0.9799 0.0434 0.1949
vn 0.9169 0.1231 0.3798
vn 0.9230 0.0434 0.3823
vn 0.8954 0.2463 0.3709
vn 0.8059 0.2463 0.5385
vn 0.8252 0.1230 0.5513
vn 0.8307 0.0434 0.5550
vn 0.7017 0.1231 0.7017
vn 0.7064 0.0434 0.7064
vn 0.6853 0.2463 0.6853
vn 0.5385 0.2463 0.8059
vn 0.5513 0.1230 0.8252
vn 0.5550 0.0434 0.8307
vn -0.0000 -0.0254 -0.9997
vn -0.1950 -0.0254 -0.9805
vn -0.3826 -0.0254 -0.9236
vn -0.1934 -0.1306 -0.9724
vn -0.3794 -0.1306 -0.9160
vn -0.0000 -0.1306 -0.9914
vn -0.3709 0.2463 0.8954
vn -0.5385 0.2463 0.8059
vn -0.5513 0.1230 0.8252
vn -0.3798 0.1231 0.9169
vn -0.5550 0.0434 0.8307
vn -0.3823 0.0434 0.9230
vn -0.1891 0.2463 0.9506
vn -0.1936 0.1230 0.9733
vn -0.1949 0.0434 0.9799
vn 0.9160 -0.1306 0.3794
vn 0.8757 -0.3188 0.3627
vn 0.9296 -0.3188 0.1849
vn 0.9724 -0.1306 0.1934
vn 0.9478 -0.3188 -0.0000
vn 0.9914 -0.1306 -0.0000
vn 0.8129 -0.5595 0.1617
vn 0.8288 -0.5595 -0.0000
vn 0.7657 -0.5595 0.3172
vn -0.3826 -0.0254 0.9236
vn -0.1950 -0.0254 0.9805
vn -0.0000 -0.0254 0.9997
vn -0.1934 -0.1306 0.9724
vn -0.0000 -0.1306 0.9914
vn -0.3794 -0.1306 0.9160
vn 0.9236 -0.0254 0.3826
vn 0.9805 -0.0254 0.1950
vn 0.9997 -0.0254 -0.0000
vn -0.7069 -0.0254 -0.7069
vn -0.8312 -0.0254 -0.5554
vn -0.9236 -0.0254 -0.3826
vn -0.8244 -0.1306 -0.5508
vn -0.9160 -0.1306 -0.3794
vn -0.7011 -0.1306 -0.7011
vn 0.9236 -0.0254 -0.3826
vn 0.8312 -0.0254 -0.5554
vn 0.7069 -0.0254 -0.7069
vn 0.8244 -0.1306 -0.5508
vn 0.7011 -0.1306 -0.7011
vn 0.9160 -0.1306 -0.3794
vn 0.1950 -0.0254 0.9805
vn 0.3826 -0.0254 0.9236
vn 0.1934 -0.1306 0.9724
vn 0.3794 -0.1306 0.9160
vn -0.9997 -0.0254 -0.0000
vn -0.9805 -0.0254 0.1950
vn -0.9236 -0.0254 0.3826
vn -0.9724 -0.1306 0.1934
vn -0.9160 -0.1306 0.3794
vn -0.9914 -0.1306 -0.0000
vn 0.3826 -0.0254 -0.9236
vn 0.1950 -0.0254 -0.9805
vn 0.1934 -0.1306 -0.9724
vn 0.3794 -0.1306 -0.9160
vn 0.7069 -0.0254 0.7069
vn 0.8312 -0.0254 0.5554
vn 0.8244 -0.1306 0.5508
vn 0.7011 -0.1306 0.7011
vn -0.7069 -0.0254 0.7069
vn -0.5554 -0.0254 0.8312
vn -0.5508 -0.1306 0.8244
vn -0.7011 -0.1306 0.7011
vn -0.5554 -0.0254 -0.8312
vn -0.5508 -0.1306 -0.8244
vn 0.9805 -0.0254 -0.1950
vn 0.9724 -0.1306 -0.1934
vn -0.9805 -0.0254 -0.1950
vn -0.9724 -0.1306 -0.1934
vn 0.5554 -0.0254 -0.8312
vn 0.5508 -0.1306 -0.8244
vn 0.5554 -0.0254 0.8312
vn 0.5508 -0.1306 0.8244
vn -0.8312 -0.0254 0.5554
vn -0.8244 -0.1306 0.5508
vn 0.9945 -0.1045 -0.0000
vn 0.9994 0.0332 -0.0000
vn 0.9802 0.0332 -0.1950
vn 0.9754 -0.1045 -0.1940
vn 0.9234 0.0332 -0.3825
vn 0.9188 -0.1045 -0.3806
vn 0.9622 0.1937 -0.1914
vn 0.9064 0.1937 -0.3754
vn 0.9811 0.1937 -0.0000
vn -0.6702 -0.3188 -0.6702
vn -0.7881 -0.3188 -0.5266
vn -0.8757 -0.3188 -0.3627
vn -0.6891 -0.5595 -0.4605
vn -0.7657 -0.5595 -0.3172
vn -0.5861 -0.5595 -0.5861
vn 0.6702 -0.3188 0.6702
vn 0.7881 -0.3188 0.5266
vn 0.6891 -0.5595 0.4605
vn 0.5861 -0.5595 0.5861
vn -0.3627 -0.3188 -0.8757
vn -0.5266 -0.3188 -0.7881
vn -0.4605 -0.5595 -0.6891
vn -0.3172 -0.5595 -0.7657
vn 0.3627 -0.3188 0.8757
vn 0.5266 -0.3188 0.7881
vn 0.4605 -0.5595 0.6891
vn 0.3172 -0.5595 0.7657
vn -0.0000 -0.3188 -0.9478
vn -0.1849 -0.3188 -0.9296
vn -0.1617 -0.5595 -0.8129
vn -0.0000 -0.5595 -0.8288
vn -0.3627 -0.3188 0.8757
vn -0.1849 -0.3188 0.9296
vn -0.0000 -0.3188 0.9478
vn -0.1617 -0.5595 0.8129
vn -0.0000 -0.5595 0.8288
vn -0.3172 -0.5595 0.7657
vn 0.1849 -0.3188 0.9296
vn 0.1617 -0.5595 0.8129
vn 0.3627 -0.3188 -0.8757
vn 0.1849 -0.3188 -0.9296
vn 0.1617 -0.5595 -0.8129
vn 0.3172 -0.5595 -0.7657
vn -0.6702 -0.3188 0.6702
vn -0.5266 -0.3188 0.7881
vn -0.4605 -0.5595 0.6891
vn -0.5861 -0.5595 0.5861
vn 0.6702 -0.3188 -0.6702
vn 0.5266 -0.3188 -0.7881
vn 0.4605 -0.5595 -0.6891
vn 0.5861 -0.5595 -0.5861
vn -0.8757 -0.3188 0.3627
vn -0.7881 -0.3188 0.5266
vn -0.6891 -0.5595 0.4605
vn -0.7657 -0.5595 0.3172
vn 0.8757 -0.3188 -0.3627
vn 0.7881 -0.3188 -0.5266
vn 0.6891 -0.5595 -0.4605
vn 0.7657 -0.5595 -0.3172
vn -0.9478 -0.3188 -0.0000
vn -0.9296 -0.3188 0.1849
vn -0.8129 -0.5595 0.1617
vn -0.8288 -0.5595 -0.0000
vn 0.9296 -0.3188 -0.1849
vn 0.8129 -0.5595 -0.1617
vn -0.9296 -0.3188 -0.1849
vn -0.8129 -0.5595 -0.1617
vn -0.4624 -0.7565 0.4624
vn -0.3633 -0.7565 0.5437
vn -0.2503 -0.7565 0.6042
vn -0.3131 -0.8261 0.4685
vn -0.2156 -0.8261 0.5206
vn -0.3984 -0.8261 0.3984
vn -0.9188 -0.1045 -0.3806
vn -0.9234 0.0332 -0.3825
vn -0.9802 0.0332 -0.1950
vn -0.9754 -0.1045 -0.1940
vn -0.9994 0.0332 -0.0000
vn -0.9945 -0.1045 -0.0000
vn -0.9622 0.1937 -0.1914
vn -0.9811 0.1937 -0.0000
vn -0.9064 0.1937 -0.3754
vn 0.9188 -0.1045 0.3806
vn 0.9234 0.0332 0.3825
vn 0.9802 0.0332 0.1950
vn 0.9754 -0.1045 0.1940
vn 0.9622 0.1937 0.1914
vn 0.9064 0.1937 0.3754
vn -0.7032 -0.1045 -0.7032
vn -0.7067 0.0332 -0.7067
vn -0.8310 0.0332 -0.5553
vn -0.8269 -0.1045 -0.5525
vn -0.8157 0.1937 -0.5450
vn -0.6937 0.1937 -0.6937
vn 0.7032 -0.1045 0.7032
vn 0.7067 0.0332 0.7067
vn 0.8310 0.0332 0.5553
vn 0.8269 -0.1045 0.5525
vn 0.8157 0.1937 0.5450
vn 0.6937 0.1937 0.6937
vn -0.3806 -0.1045 -0.9188
vn -0.3825 0.0332 -0.9234
vn -0.5553 0.0332 -0.8310
vn -0.5525 -0.1045 -0.8269
vn -0.5451 0.1937 -0.8157
vn -0.3754 0.1937 -0.9064
vn 0.3806 -0.1045 0.9188
vn 0.3825 0.0332 0.9234
vn 0.5553 0.0332 0.8310
vn 0.5525 -0.1045 0.8269
vn 0.5450 0.1937 0.8157
vn 0.3754 0.1937 0.9064
vn -0.0000 -0.1045 -0.9945
vn -0.0000 0.0332 -0.9994
vn -0.1950 0.0332 -0.9802
vn -0.1940 -0.1045 -0.9754
vn -0.1914 0.1937 -0.9622
vn -0.0000 0.1937 -0.9811
vn 0.3806 -0.1045 -0.9188
vn 0.3825 0.0332 -0.9234
vn 0.1950 0.0332 -0.9802
vn 0.1940 -0.1045 -0.9754
vn 0.1914 0.1937 -0.9622
vn 0.3754 0.1937 -0.9064
vn -0.7032 -0.1045 0.7032
vn -0.7067 0.0332 0.7067
vn -0.5553 0.0332 0.8310
vn -0.5525 -0.1045 0.8269
vn -0.3825 0.0332 0.9234
vn -0.3806 -0.1045 0.9188
vn -0.5450 0.1937 0.8157
vn -0.3754 0.1937 0.9064
vn -0.6937 0.1937 0.6937
vn -0.9188 -0.1045 0.3806
vn -0.9234 0.0332 0.3825
vn -0.8310 0.0332 0.5553
vn -0.8269 -0.1045 0.5525
vn -0.8157 0.1937 0.5450
vn -0.9064 0.1937 0.3754
vn 0.7032 -0.1045 -0.7032
vn 0.7067 0.0332 -0.7067
vn 0.5553 0.0332 -0.8310
vn 0.5525 -0.1045 -0.8269
vn 0.5451 0.1937 -0.8157
vn 0.6937 0.1937 -0.6937
vn -0.0000 -0.1045 0.9945
vn -0.0000 0.0332 0.9994
vn 0.1950 0.0332 0.9802
vn 0.1940 -0.1045 0.9754
vn 0.1914 0.1937 0.9622
vn -0.0000 0.1937 0.9811
vn 0.8310 0.0332 -0.5553
vn 0.8269 -0.1045 -0.5525
vn 0.8157 0.1937 -0.5450
vn -0.9802 0.0332 0.1950
vn -0.9754 -0.1045 0.1940
vn -0.9622 0.1937 0.1914
vn -0.6490 0.3971 -0.6490
vn -0.7631 0.3971 -0.5099
vn -0.8479 0.3971 -0.3512
vn -0.6697 0.5927 -0.4475
vn -0.7441 0.5927 -0.3082
vn -0.5695 0.5927 -0.5695
vn -0.0000 -0.7565 0.6540
vn 0.1276 -0.7565 0.6414
vn 0.2503 -0.7565 0.6042
vn 0.1099 -0.8261 0.5527
vn 0.2156 -0.8261 0.5206
vn -0.0000 -0.8261 0.5635
vn 0.2503 -0.7565 -0.6042
vn 0.1276 -0.7565 -0.6414
vn -0.0000 -0.7565 -0.6540
vn 0.1099 -0.8261 -0.5527
vn -0.0000 -0.8261 -0.5635
vn 0.2156 -0.8261 -0.5206
vn -0.1950 0.0332 0.9802
vn -0.1940 -0.1045 0.9754
vn -0.1914 0.1937 0.9622
vn 0.4624 -0.7565 -0.4624
vn 0.3633 -0.7565 -0.5437
vn 0.3130 -0.8261 -0.4685
vn 0.3984 -0.8261 -0.3984
vn -0.6042 -0.7565 0.2503
vn -0.5437 -0.7565 0.3633
vn -0.4685 -0.8261 0.3131
vn -0.5206 -0.8261 0.2156
vn 0.6042 -0.7565 -0.2503
vn 0.5437 -0.7565 -0.3633
vn 0.4685 -0.8261 -0.3131
vn 0.5206 -0.8261 -0.2156
vn -0.6540 -0.7565 -0.0000
vn -0.6414 -0.7565 0.1276
vn -0.5527 -0.8261 0.1099
vn -0.5635 -0.8261 -0.0000
vn 0.6540 -0.7565 -0.0000
vn 0.6414 -0.7565 -0.1276
vn 0.5527 -0.8261 -0.1099
vn 0.5635 -0.8261 -0.0000
vn -0.6042 -0.7565 -0.2503
vn -0.6414 -0.7565 -0.1276
vn -0.5527 -0.8261 -0.1099
vn -0.5206 -0.8261 -0.2156
vn 0.6042 -0.7565 0.2503
vn 0.6414 -0.7565 0.1276
vn 0.5527 -0.8261 0.1099
vn 0.5206 -0.8261 0.2156
vn -0.4624 -0.7565 -0.4624
vn -0.5437 -0.7565 -0.3633
vn -0.4685 -0.8261 -0.3131
vn -0.3984 -0.8261 -0.3984
vn 0.4624 -0.7565 0.4624
vn 0.5437 -0.7565 0.3633
vn 0.4685 -0.8261 0.3131
vn 0.3984 -0.8261 0.3984
vn -0.2503 -0.7565 -0.6042
vn -0.3633 -0.7565 -0.5437
vn -0.3131 -0.8261 -0.4685
vn -0.2156 -0.8261 -0.5206
vn 0.3633 -0.7565 0.5437
vn 0.3131 -0.8261 0.4685
vn -0.1276 -0.7565 -0.6414
vn -0.1099 -0.8261 -0.5527
vn 0.5769 0.7811 -0.2389
vn 0.5683 0.7885 -0.2354
vn 0.5114 0.7885 -0.3417
vn 0.5192 0.7811 -0.3469
vn 0.4349 0.7885 -0.4349
vn 0.4415 0.7811 -0.4415
vn 0.2257 0.9697 -0.0935
vn 0.2033 0.9697 -0.1358
vn 0.6033 0.7885 -0.1200
vn 0.2398 0.9697 -0.0477
vn 0.6490 0.3971 0.6490
vn 0.7631 0.3971 0.5099
vn 0.8479 0.3971 0.3512
vn 0.6697 0.5927 0.4475
vn 0.7441 0.5927 0.3082
vn 0.5695 0.5927 0.5695
vn -0.3512 0.3971 -0.8479
vn -0.5099 0.3971 -0.7631
vn -0.4475 0.5927 -0.6697
vn -0.3082 0.5927 -0.7441
vn 0.3512 0.3971 0.8479
vn 0.5099 0.3971 0.7631
vn 0.4475 0.5927 0.6697
vn 0.3082 0.5927 0.7441
vn -0.0000 0.3971 -0.9178
vn -0.1790 0.3971 -0.9001
vn -0.1571 0.5927 -0.7900
vn -0.0000 0.5927 -0.8054
vn -0.3512 0.3971 0.8479
vn -0.1791 0.3971 0.9001
vn -0.0000 0.3971 0.9178
vn -0.1571 0.5927 0.7900
vn -0.0000 0.5927 0.8054
vn -0.3082 0.5927 0.7441
vn 0.1790 0.3971 0.9001
vn 0.1571 0.5927 0.7900
vn 0.3512 0.3971 -0.8479
vn 0.1790 0.3971 -0.9001
vn 0.1571 0.5927 -0.7900
vn 0.3082 0.5927 -0.7441
vn -0.6490 0.3971 0.6490
vn -0.5099 0.3971 0.7631
vn -0.4475 0.5927 0.6697
vn -0.5695 0.5927 0.5695
vn 0.6490 0.3971 -0.6490
vn 0.5099 0.3971 -0.7631
vn 0.4475 0.5927 -0.6697
vn 0.5695 0.5927 -0.5695
vn -0.8479 0.3971 0.3512
vn -0.7631 0.3971 0.5099
vn -0.6697 0.5927 0.4475
vn -0.7441 0.5927 0.3082
vn 0.8479 0.3971 -0.3512
vn 0.7631 0.3971 -0.5099
vn 0.6697 0.5927 -0.4475
vn 0.7441 0.5927 -0.3082
vn -0.9178 0.3971 -0.0000
vn -0.9001 0.3971 0.1790
vn -0.7900 0.5927 0.1571
vn -0.8054 0.5927 -0.0000
vn 0.9178 0.3971 -0.0000
vn 0.9001 0.3971 -0.1790
vn 0.7900 0.5927 -0.1571
vn 0.8054 0.5927 -0.0000
vn -0.9001 0.3971 -0.1791
vn -0.7900 0.5927 -0.1571
vn 0.9001 0.3971 0.1790
vn 0.7900 0.5927 0.1571
vn -0.6244 0.7811 -0.0000
vn -0.6151 0.7885 -0.0000
vn -0.6033 0.7884 0.1200
vn -0.6124 0.7811 0.1218
vn -0.5683 0.7885 0.2354
vn -0.5769 0.7811 0.2389
vn -0.2443 0.9697 -0.0000
vn -0.2398 0.9697 0.0477
vn -0.6033 0.7884 -0.1200
vn -0.2398 0.9697 -0.0477
vn 0.6244 0.7811 -0.0000
vn 0.6151 0.7885 -0.0000
vn 0.6124 0.7811 -0.1218
vn 0.2443 0.9697 -0.0000
vn 0.6033 0.7884 0.1200
vn 0.2398 0.9697 0.0477
vn -0.5769 0.7811 -0.2389
vn -0.5683 0.7885 -0.2354
vn -0.6124 0.7811 -0.1218
vn -0.2257 0.9697 -0.0935
vn -0.5114 0.7885 -0.3417
vn -0.2033 0.9697 -0.1358
vn 0.5769 0.7811 0.2389
vn 0.5683 0.7885 0.2354
vn 0.6124 0.7811 0.1218
vn 0.2257 0.9697 0.0935
vn 0.5114 0.7885 0.3417
vn 0.2033 0.9697 0.1358
vn -0.4415 0.7811 -0.4415
vn -0.4349 0.7885 -0.4349
vn -0.5192 0.7811 -0.3469
vn -0.1728 0.9697 -0.1728
vn -0.3417 0.7885 -0.5114
vn -0.1358 0.9697 -0.2033
vn 0.4415 0.7811 0.4415
vn 0.4349 0.7885 0.4349
vn 0.5192 0.7811 0.3469
vn 0.1727 0.9697 0.1727
vn 0.3417 0.7884 0.5114
vn 0.1358 0.9697 0.2033
vn -0.2389 0.7811 -0.5769
vn -0.2354 0.7885 -0.5683
vn -0.3469 0.7811 -0.5192
vn -0.0935 0.9697 -0.2257
vn -0.1200 0.7884 -0.6033
vn -0.0477 0.9697 -0.2398
vn 0.2389 0.7811 0.5769
vn 0.2354 0.7885 0.5683
vn 0.3469 0.7811 0.5192
vn 0.0935 0.9697 0.2257
vn 0.1200 0.7884 0.6033
vn 0.0477 0.9697 0.2398
vn -0.0000 0.7811 -0.6244
vn -0.0000 0.7885 -0.6151
vn -0.1218 0.7811 -0.6124
vn -0.0000 0.9697 -0.2443
vn 0.1200 0.7885 -0.6033
vn 0.0477 0.9697 -0.2398
vn -0.2389 0.7811 0.5769
vn -0.1218 0.7811 0.6124
vn -0.0000 0.7885 0.6151
vn -0.0000 0.7811 0.6244
vn -0.0000 0.9697 0.2443
vn -0.3417 0.7884 0.5114
vn -0.1358 0.9697 0.2033
vn 0.1218 0.7811 0.6124
vn -0.4349 0.7885 0.4349
vn -0.1728 0.9697 0.1728
vn 0.2389 0.7811 -0.5769
vn 0.2354 0.7885 -0.5683
vn 0.1218 0.7811 -0.6124
vn 0.0935 0.9697 -0.2257
vn 0.3417 0.7885 -0.5114
vn 0.1358 0.9697 -0.2033
vn -0.4415 0.7811 0.4415
vn -0.3469 0.7811 0.5192
vn -0.5114 0.7885 0.3417
vn -0.2033 0.9697 0.1358
vn 0.3469 0.7811 -0.5192
vn 0.1728 0.9697 -0.1727
vn -0.5192 0.7811 0.3469
vn -0.2257 0.9697 0.0935
vn -0.2523 -0.7518 0.6092
vn -0.1287 -0.7517 0.6468
vn -0.1099 -0.8261 0.5527
vn -0.0000 -0.7518 0.6594
vn -0.1620 -0.5571 0.8145
vn -0.0000 -0.5572 0.8304
vn -0.3178 -0.5572 0.7672
vn -0.3640 -0.3089 0.8787
vn -0.1856 -0.3088 0.9328
vn -0.0000 -0.3089 0.9511
vn -0.4663 -0.7518 0.4663
vn -0.3664 -0.7517 0.5483
vn -0.4614 -0.5571 0.6905
vn -0.5872 -0.5572 0.5872
vn -0.6725 -0.3089 0.6725
vn -0.5284 -0.3088 0.7908
vn -0.6092 -0.7518 0.2523
vn -0.5483 -0.7517 0.3664
vn -0.6905 -0.5571 0.4614
vn -0.7672 -0.5572 0.3178
vn -0.8787 -0.3089 0.3640
vn -0.7908 -0.3088 0.5284
vn -0.6594 -0.7518 -0.0000
vn -0.6468 -0.7517 0.1287
vn -0.8145 -0.5571 0.1620
vn -0.8304 -0.5572 -0.0000
vn -0.9511 -0.3089 -0.0000
vn -0.9328 -0.3088 0.1856
vn -0.6092 -0.7518 -0.2523
vn -0.6468 -0.7517 -0.1287
vn -0.8145 -0.5571 -0.1620
vn -0.7672 -0.5572 -0.3178
vn -0.8787 -0.3089 -0.3640
vn -0.9328 -0.3088 -0.1856
vn -0.4663 -0.7518 -0.4663
vn -0.5483 -0.7517 -0.3664
vn -0.6905 -0.5571 -0.4614
vn -0.5872 -0.5572 -0.5872
vn -0.6725 -0.3089 -0.6725
vn -0.7908 -0.3088 -0.5284
vn -0.2523 -0.7518 -0.6092
vn -0.3664 -0.7517 -0.5483
vn -0.4614 -0.5571 -0.6905
vn -0.3178 -0.5572 -0.7672
vn -0.3640 -0.3089 -0.8787
vn -0.5284 -0.3088 -0.7908
vn -0.0000 -0.7518 -0.6594
vn -0.1287 -0.7517 -0.6468
vn -0.1620 -0.5571 -0.8145
vn -0.0000 -0.5572 -0.8304
vn -0.0000 -0.3089 -0.9511
vn -0.1856 -0.3088 -0.9328
vn 0.2523 -0.7518 -0.6092
vn 0.1287 -0.7517 -0.6468
vn 0.1620 -0.5571 -0.8145
vn 0.3178 -0.5572 -0.7672
vn 0.3640 -0.3089 -0.8787
vn 0.1856 -0.3088 -0.9328
vn 0.4663 -0.7518 -0.4663
vn 0.3664 -0.7517 -0.5483
vn 0.4614 -0.5571 -0.6905
vn 0.5872 -0.5572 -0.5872
vn 0.6725 -0.3089 -0.6725
vn 0.5284 -0.3088 -0.7908
vn 0.6092 -0.7518 -0.2523
vn 0.5483 -0.7517 -0.3664
vn 0.6905 -0.5571 -0.4614
vn 0.7672 -0.5572 -0.3178
vn 0.8787 -0.3089 -0.3640
vn 0.7908 -0.3088 -0.5284
vn 0.6594 -0.7518 -0.0000
vn 0.6468 -0.7517 -0.1287
vn 0.8145 -0.5571 -0.1620
vn 0.8304 -0.5572 -0.0000
vn 0.9511 -0.3089 -0.0000
vn 0.9328 -0.3088 -0.1856
vn 0.6092 -0.7518 0.2523
vn 0.6468 -0.7517 0.1287
vn 0.8145 -0.5571 0.1620
vn 0.7672 -0.5572 0.3178
vn 0.8787 -0.3089 0.3640
vn 0.9328 -0.3088 0.1856
vn 0.4663 -0.7518 0.4663
vn 0.5483 -0.7517 0.3664
vn 0.6905 -0.5571 0.4614
vn 0.5872 -0.5572 0.5872
vn 0.6725 -0.3089 0.6725
vn 0.7908 -0.3088 0.5284
vn 0.2523 -0.7518 0.6092
vn 0.3664 -0.7517 0.5483
vn 0.4614 -0.5571 0.6905
vn 0.3178 -0.5572 0.7672
vn 0.3640 -0.3089 0.8787
vn 0.5284 -0.3088 0.7908
vn 0.1287 -0.7517 0.6468
vn 0.1620 -0.5571 0.8145
vn 0.1856 -0.3088 0.9328
vn -0.1276 -0.7565 0.6414
vn -0.0000 0.5892 0.8080
vn -0.0000 0.8138 0.5811
vn -0.1134 0.8139 0.5699
vn -0.1576 0.5892 0.7925
vn -0.2224 0.8138 0.5369
vn -0.3092 0.5892 0.7465
vn -0.0427 0.9758 0.2146
vn -0.0837 0.9758 0.2021
vn -0.0000 0.9758 0.2188
vn -0.0000 0.9996 0.0278
vn -0.0052 0.9996 0.0263
vn -0.0106 0.9996 0.0257
vn -0.0002 1.0000 0.0011
vn -0.0008 1.0000 0.0020
vn -0.0000 1.0000 0.0022
vn -0.3228 0.8139 0.4831
vn -0.4489 0.5892 0.6718
vn -0.4109 0.8138 0.4109
vn -0.5713 0.5892 0.5713
vn -0.1215 0.9758 0.1819
vn -0.1547 0.9758 0.1547
vn -0.0149 0.9996 0.0223
vn -0.0197 0.9996 0.0197
vn -0.0006 1.0000 0.0009
vn -0.0015 1.0000 0.0015
vn -0.4831 0.8139 0.3228
vn -0.6718 0.5892 0.4489
vn -0.5369 0.8138 0.2224
vn -0.7465 0.5892 0.3092
vn -0.1819 0.9758 0.1215
vn -0.2021 0.9758 0.0837
vn -0.0223 0.9996 0.0149
vn -0.0257 0.9996 0.0106
vn -0.0009 1.0000 0.0006
vn -0.0020 1.0000 0.0008
vn -0.5699 0.8139 0.1134
vn -0.7924 0.5892 0.1576
vn -0.5811 0.8138 -0.0000
vn -0.8080 0.5892 -0.0000
vn -0.2146 0.9758 0.0427
vn -0.2188 0.9758 -0.0000
vn -0.0263 0.9996 0.0052
vn -0.0278 0.9996 -0.0000
vn -0.0011 1.0000 0.0002
vn -0.0022 1.0000 -0.0000
vn -0.5699 0.8139 -0.1134
vn -0.7924 0.5892 -0.1576
vn -0.5369 0.8138 -0.2224
vn -0.7465 0.5892 -0.3092
vn -0.2146 0.9758 -0.0427
vn -0.2021 0.9758 -0.0837
vn -0.0263 0.9996 -0.0052
vn -0.0257 0.9996 -0.0106
vn -0.0011 1.0000 -0.0002
vn -0.0020 1.0000 -0.0008
vn -0.4831 0.8139 -0.3228
vn -0.6718 0.5892 -0.4489
vn -0.4109 0.8138 -0.4109
vn -0.5713 0.5892 -0.5713
vn -0.1819 0.9758 -0.1215
vn -0.1547 0.9758 -0.1547
vn -0.0223 0.9996 -0.0149
vn -0.0197 0.9996 -0.0197
vn -0.0009 1.0000 -0.0006
vn -0.0015 1.0000 -0.0015
vn -0.3228 0.8139 -0.4831
vn -0.4489 0.5892 -0.6718
vn -0.2224 0.8138 -0.5369
vn -0.3092 0.5892 -0.7465
vn -0.1215 0.9758 -0.1819
vn -0.0837 0.9758 -0.2021
vn -0.0149 0.9996 -0.0223
vn -0.0106 0.9996 -0.0257
vn -0.0006 1.0000 -0.0009
vn -0.0008 1.0000 -0.0020
vn -0.1134 0.8139 -0.5699
vn -0.1576 0.5892 -0.7924
vn -0.0000 0.8138 -0.5811
vn -0.0000 0.5892 -0.8080
vn -0.0427 0.9758 -0.2146
vn -0.0000 0.9758 -0.2188
vn -0.0052 0.9996 -0.0263
vn -0.0000 0.9996 -0.0278
vn -0.0002 1.0000 -0.0011
vn -0.0000 1.0000 -0.0022
vn 0.1134 0.8139 -0.5699
vn 0.1576 0.5892 -0.7924
vn 0.2224 0.8138 -0.5369
vn 0.3092 0.5892 -0.7465
vn 0.0427 0.9758 -0.2146
vn 0.0837 0.9758 -0.2021
vn 0.0052 0.9996 -0.0263
vn 0.0106 0.9996 -0.0257
vn 0.0002 1.0000 -0.0011
vn 0.0008 1.0000 -0.0020
vn 0.3228 0.8139 -0.4831
vn 0.4489 0.5892 -0.6718
vn 0.4109 0.8138 -0.4109
vn 0.5713 0.5892 -0.5713
vn 0.1215 0.9758 -0.1819
vn 0.1547 0.9758 -0.1547
vn 0.0149 0.9996 -0.0223
vn 0.0197 0.9996 -0.0197
vn 0.0006 1.0000 -0.0009
vn 0.0015 1.0000 -0.0015
vn 0.4831 0.8139 -0.3228
vn 0.6718 0.5892 -0.4489
vn 0.5369 0.8138 -0.2224
vn 0.7465 0.5892 -0.3092
vn 0.1819 0.9758 -0.1215
vn 0.2021 0.9758 -0.0837
vn 0.0223 0.9996 -0.0149
vn 0.0257 0.9996 -0.0106
vn 0.0009 1.0000 -0.0006
vn 0.0020 1.0000 -0.0008
vn 0.5699 0.8139 -0.1134
vn 0.7924 0.5892 -0.1576
vn 0.5811 0.8138 -0.0000
vn 0.8080 0.5892 -0.0000
vn 0.2146 0.9758 -0.0427
vn 0.2188 0.9758 -0.0000
vn 0.0263 0.9996 -0.0052
vn 0.0278 0.9996 -0.0000
vn 0.0011 1.0000 -0.0002
vn 0.0022 1.0000 -0.0000
vn 0.5699 0.8139 0.1134
vn 0.7924 0.5892 0.1576
vn 0.5369 0.8138 0.2224
vn 0.7465 0.5892 0.3092
vn 0.2146 0.9758 0.0427
vn 0.2021 0.9758 0.0837
vn 0.0263 0.9996 0.0052
vn 0.0257 0.9996 0.0106
vn 0.0011 1.0000 0.0002
vn 0.0020 1.0000 0.0008
vn 0.4831 0.8139 0.3228
vn 0.6718 0.5892 0.4489
vn 0.4109 0.8138 0.4109
vn 0.5713 0.5892 0.5713
vn 0.1819 0.9758 0.1215
vn 0.1547 0.9758 0.1547
vn 0.0223 0.9996 0.0149
vn 0.0197 0.9996 0.0197
vn 0.0009 1.0000 0.0006
vn 0.0015 1.0000 0.0015
vn 0.3228 0.8139 0.4831
vn 0.4489 0.5892 0.6718
vn 0.2224 0.8138 0.5369
vn 0.3092 0.5892 0.7465
vn 0.1215 0.9758 0.1819
vn 0.0837 0.9758 0.2021
vn 0.0149 0.9996 0.0223
vn 0.0106 0.9996 0.0257
vn 0.0006 1.0000 0.0009
vn 0.0008 1.0000 0.0020
vn 0.1134 0.8139 0.5699
vn 0.1576 0.5892 0.7925
vn 0.0427 0.9758 0.2146
vn 0.0052 0.9996 0.0263
vn 0.0002 1.0000 0.0011
vn -0.1772 0.4188 0.8906
vn -0.0000 0.4188 0.9081
vn -0.3475 0.4188 0.8389
vn -0.5045 0.4188 0.7550
vn -0.6421 0.4188 0.6421
vn 0.5045 0.4188 0.7550
vn 0.6421 0.4188 0.6421
vn 0.3475 0.4188 0.8389
vn 0.7550 0.4188 0.5045
vn 0.8389 0.4188 0.3475
vn 0.8906 0.4188 0.1772
vn 0.9081 0.4188 -0.0000
vn 0.8906 0.4188 -0.1772
vn 0.8389 0.4188 -0.3475
vn 0.7550 0.4188 -0.5045
vn 0.6421 0.4188 -0.6421
vn 0.5045 0.4188 -0.7550
vn 0.3475 0.4188 -0.8389
vn 0.1772 0.4188 -0.8906
vn -0.0000 0.4188 -0.9081
vn -0.1772 0.4188 -0.8906
vn -0.3475 0.4188 -0.8389
vn -0.5045 0.4188 -0.7550
vn -0.6421 0.4188 -0.6421
vn -0.7550 0.4188 -0.5045
vn -0.8389 0.4188 -0.3475
vn -0.8906 0.4188 -0.1772
vn -0.9081 0.4188 -0.0000
vn -0.8906 0.4188 0.1772
vn -0.8389 0.4188 0.3475
vn -0.7550 0.4188 0.5045
vn 0.1772 0.4188 0.8906
vn -0.6333 0.7280 0.2623
vn -0.5700 0.7280 0.3809
vn -0.4847 0.7280 0.4847
vn 0.4847 0.7280 -0.4847
vn 0.3809 0.7280 -0.5700
vn 0.2623 0.7280 -0.6333
vn -0.3809 0.7280 0.5700
vn -0.2623 0.7280 0.6333
vn 0.1337 0.7280 -0.6724
vn -0.0000 0.7280 -0.6855
vn -0.0000 0.7280 0.6855
vn 0.1337 0.7280 0.6724
vn 0.2623 0.7280 0.6333
vn -0.1337 0.7280 0.6724
vn -0.1337 0.7280 -0.6724
vn -0.2623 0.7280 -0.6333
vn 0.3809 0.7280 0.5700
vn 0.4847 0.7280 0.4847
vn -0.3809 0.7280 -0.5700
vn -0.4847 0.7280 -0.4847
vn 0.5700 0.7280 0.3809
vn 0.6334 0.7280 0.2623
vn -0.5700 0.7280 -0.3809
vn -0.6333 0.7280 -0.2623
vn 0.6724 0.7280 0.1337
vn 0.6855 0.7280 -0.0000
vn -0.6724 0.7280 -0.1337
vn -0.6855 0.7280 -0.0000
vn 0.6724 0.7280 -0.1338
vn 0.6333 0.7280 -0.2623
vn -0.6724 0.7280 0.1337
vn 0.5700 0.7280 -0.3809
vn 0.1925 0.1631 0.9676
vn 0.3776 0.1631 0.9115
vn -0.0000 0.1631 0.9866
vn -0.8203 0.1631 0.5481
vn -0.6976 0.1631 0.6976
vn -0.9115 0.1631 0.3776
vn -0.9676 0.1631 0.1925
vn -0.9866 0.1631 -0.0000
vn -0.9676 0.1631 -0.1925
vn -0.9115 0.1631 -0.3776
vn -0.8203 0.1631 -0.5481
vn -0.6976 0.1631 -0.6976
vn -0.5481 0.1631 -0.8203
vn -0.3776 0.1631 -0.9115
vn -0.1925 0.1631 -0.9676
vn -0.0000 0.1631 -0.9866
vn 0.1925 0.1631 -0.9676
vn 0.3776 0.1631 -0.9115
vn 0.5481 0.1631 -0.8203
vn 0.6976 0.1631 -0.6976
vn 0.8203 0.1631 -0.5481
vn 0.9115 0.1631 -0.3776
vn 0.9676 0.1631 -0.1925
vn 0.9866 0.1631 -0.0000
vn 0.9676 0.1631 0.1925
vn 0.9115 0.1631 0.3776
vn 0.8203 0.1631 0.5481
vn 0.6976 0.1631 0.6976
vn 0.5481 0.1631 0.8203
vn -0.0000 -0.1092 -0.9940
vn -0.1939 -0.1092 -0.9749
vn -0.3804 -0.1092 -0.9184
vn -0.1738 -0.4540 -0.8739
vn -0.3410 -0.4540 -0.8232
vn -0.0000 -0.4540 -0.8910
vn -0.5481 0.1631 0.8203
vn -0.3776 0.1631 0.9115
vn -0.1925 0.1631 0.9676
vn 0.8232 -0.4540 0.3410
vn 0.6090 -0.7520 0.2522
vn 0.6464 -0.7520 0.1286
vn 0.8739 -0.4540 0.1738
vn 0.6591 -0.7520 -0.0000
vn 0.8910 -0.4540 -0.0000
vn 0.4330 -0.8973 0.0861
vn 0.4415 -0.8973 -0.0000
vn 0.4079 -0.8973 0.1690
vn -0.3804 -0.1092 0.9184
vn -0.1939 -0.1092 0.9749
vn -0.0000 -0.1092 0.9940
vn -0.1738 -0.4540 0.8739
vn -0.0000 -0.4540 0.8910
vn -0.3410 -0.4540 0.8232
vn 0.9184 -0.1092 0.3804
vn 0.9749 -0.1092 0.1939
vn 0.9940 -0.1092 -0.0000
vn -0.7029 -0.1092 -0.7029
vn -0.8265 -0.1092 -0.5523
vn -0.9184 -0.1092 -0.3804
vn -0.7408 -0.4540 -0.4950
vn -0.8232 -0.4540 -0.3410
vn -0.6300 -0.4540 -0.6300
vn 0.9184 -0.1092 -0.3804
vn 0.8265 -0.1092 -0.5523
vn 0.7029 -0.1092 -0.7029
vn 0.7408 -0.4540 -0.4950
vn 0.6300 -0.4540 -0.6300
vn 0.8232 -0.4540 -0.3410
vn 0.1939 -0.1092 0.9749
vn 0.3804 -0.1092 0.9184
vn 0.1738 -0.4540 0.8739
vn 0.3410 -0.4540 0.8232
vn -0.9940 -0.1092 -0.0000
vn -0.9749 -0.1092 0.1939
vn -0.9184 -0.1092 0.3804
vn -0.8739 -0.4540 0.1738
vn -0.8232 -0.4540 0.3410
vn -0.8910 -0.4540 -0.0000
vn 0.3804 -0.1092 -0.9184
vn 0.1939 -0.1092 -0.9749
vn 0.1738 -0.4540 -0.8739
vn 0.3410 -0.4540 -0.8232
vn 0.7029 -0.1092 0.7029
vn 0.8265 -0.1092 0.5523
vn 0.7408 -0.4540 0.4950
vn 0.6300 -0.4540 0.6300
vn -0.7029 -0.1092 0.7029
vn -0.5523 -0.1092 0.8265
vn -0.4950 -0.4540 0.7408
vn -0.6300 -0.4540 0.6300
vn -0.5523 -0.1092 -0.8265
vn -0.4950 -0.4540 -0.7408
vn 0.9749 -0.1092 -0.1939
vn 0.8739 -0.4540 -0.1738
vn -0.9749 -0.1092 -0.1939
vn -0.8739 -0.4540 -0.1738
vn 0.5523 -0.1092 -0.8265
vn 0.4950 -0.4540 -0.7408
vn 0.5523 -0.1092 0.8265
vn 0.4950 -0.4540 0.7408
vn -0.8265 -0.1092 0.5523
vn -0.7408 -0.4540 0.4950
vn 0.9945 -0.1044 -0.0000
vn 0.9754 -0.1044 -0.1940
vn 0.9188 -0.1044 -0.3806
vn 0.9622 0.1936 -0.1914
vn 0.9064 0.1936 -0.3754
vn 0.9811 0.1936 -0.0000
vn -0.4661 -0.7520 -0.4661
vn -0.5480 -0.7520 -0.3662
vn -0.6090 -0.7520 -0.2522
vn -0.3671 -0.8973 -0.2453
vn -0.4079 -0.8973 -0.1690
vn -0.3122 -0.8973 -0.3122
vn 0.4661 -0.7520 0.4661
vn 0.5480 -0.7520 0.3662
vn 0.3671 -0.8973 0.2453
vn 0.3122 -0.8973 0.3122
vn -0.2522 -0.7520 -0.6090
vn -0.3662 -0.7520 -0.5480
vn -0.2453 -0.8973 -0.3671
vn -0.1690 -0.8973 -0.4079
vn 0.2522 -0.7520 0.6090
vn 0.3662 -0.7520 0.5480
vn 0.2453 -0.8973 0.3671
vn 0.1690 -0.8973 0.4079
vn -0.0000 -0.7520 -0.6591
vn -0.1286 -0.7520 -0.6464
vn -0.0861 -0.8973 -0.4330
vn -0.0000 -0.8973 -0.4415
vn -0.2522 -0.7520 0.6090
vn -0.1286 -0.7520 0.6464
vn -0.0000 -0.7520 0.6591
vn -0.0861 -0.8973 0.4330
vn -0.0000 -0.8973 0.4415
vn -0.1690 -0.8973 0.4079
vn 0.1286 -0.7520 0.6464
vn 0.0861 -0.8973 0.4330
vn 0.2522 -0.7520 -0.6090
vn 0.1286 -0.7520 -0.6464
vn 0.0861 -0.8973 -0.4330
vn 0.1690 -0.8973 -0.4079
vn -0.4661 -0.7520 0.4661
vn -0.3662 -0.7520 0.5480
vn -0.2453 -0.8973 0.3671
vn -0.3122 -0.8973 0.3122
vn 0.4661 -0.7520 -0.4661
vn 0.3662 -0.7520 -0.5480
vn 0.2453 -0.8973 -0.3671
vn 0.3122 -0.8973 -0.3122
vn -0.6090 -0.7520 0.2522
vn -0.5480 -0.7520 0.3662
vn -0.3671 -0.8973 0.2453
vn -0.4079 -0.8973 0.1690
vn 0.6090 -0.7520 -0.2522
vn 0.5480 -0.7520 -0.3662
vn 0.3671 -0.8973 -0.2453
vn 0.4079 -0.8973 -0.1690
vn -0.6591 -0.7520 -0.0000
vn -0.6464 -0.7520 0.1286
vn -0.4330 -0.8973 0.0861
vn -0.4415 -0.8973 -0.0000
vn 0.6464 -0.7520 -0.1286
vn 0.4330 -0.8973 -0.0861
vn -0.6464 -0.7520 -0.1286
vn -0.4330 -0.8973 -0.0861
vn -0.2328 -0.9443 0.2328
vn -0.1829 -0.9443 0.2737
vn -0.1260 -0.9443 0.3041
vn -0.2035 -0.9305 0.3046
vn -0.1402 -0.9305 0.3384
vn -0.2590 -0.9305 0.2590
vn -0.9188 -0.1044 -0.3806
vn -0.9754 -0.1044 -0.1940
vn -0.9945 -0.1044 -0.0000
vn -0.9622 0.1936 -0.1914
vn -0.9811 0.1936 -0.0000
vn -0.9064 0.1936 -0.3754
vn 0.9188 -0.1044 0.3806
vn 0.9754 -0.1044 0.1940
vn 0.9622 0.1936 0.1914
vn 0.9064 0.1936 0.3754
vn -0.7032 -0.1044 -0.7032
vn -0.8269 -0.1044 -0.5525
vn -0.8157 0.1936 -0.5451
vn -0.6937 0.1936 -0.6937
vn 0.7032 -0.1044 0.7032
vn 0.8269 -0.1044 0.5525
vn 0.8157 0.1936 0.5451
vn 0.6937 0.1936 0.6937
vn -0.3806 -0.1044 -0.9188
vn -0.5525 -0.1044 -0.8269
vn -0.5451 0.1936 -0.8157
vn -0.3754 0.1936 -0.9064
vn 0.3806 -0.1044 0.9188
vn 0.5525 -0.1044 0.8269
vn 0.5451 0.1936 0.8157
vn 0.3754 0.1936 0.9064
vn -0.0000 -0.1044 -0.9945
vn -0.1940 -0.1044 -0.9754
vn -0.1914 0.1936 -0.9622
vn -0.0000 0.1936 -0.9811
vn 0.3806 -0.1044 -0.9188
vn 0.1940 -0.1044 -0.9754
vn 0.1914 0.1936 -0.9622
vn 0.3754 0.1936 -0.9064
vn -0.7032 -0.1044 0.7032
vn -0.5525 -0.1044 0.8269
vn -0.3806 -0.1044 0.9188
vn -0.5451 0.1936 0.8157
vn -0.3754 0.1936 0.9064
vn -0.6937 0.1936 0.6937
vn -0.9188 -0.1044 0.3806
vn -0.8269 -0.1044 0.5525
vn -0.8157 0.1936 0.5451
vn -0.9064 0.1936 0.3754
vn 0.7032 -0.1044 -0.7032
vn 0.5525 -0.1044 -0.8269
vn 0.5451 0.1936 -0.8157
vn 0.6937 0.1936 -0.6937
vn -0.0000 -0.1044 0.9945
vn 0.1940 -0.1044 0.9754
vn 0.1914 0.1936 0.9622
vn -0.0000 0.1936 0.9811
vn 0.8269 -0.1044 -0.5525
vn 0.8157 0.1936 -0.5451
vn -0.9754 -0.1044 0.1940
vn -0.9622 0.1936 0.1914
vn -0.6490 0.3969 -0.6490
vn -0.7632 0.3969 -0.5099
vn -0.8480 0.3969 -0.3512
vn -0.6698 0.5925 -0.4476
vn -0.7442 0.5925 -0.3083
vn -0.5696 0.5925 -0.5696
vn -0.0000 -0.9443 0.3292
vn 0.0642 -0.9443 0.3229
vn 0.1260 -0.9443 0.3041
vn 0.0715 -0.9305 0.3592
vn 0.1402 -0.9305 0.3384
vn -0.0000 -0.9305 0.3662
vn 0.1260 -0.9443 -0.3041
vn 0.0642 -0.9443 -0.3229
vn -0.0000 -0.9443 -0.3292
vn 0.0715 -0.9305 -0.3592
vn -0.0000 -0.9305 -0.3662
vn 0.1402 -0.9305 -0.3384
vn -0.1940 -0.1044 0.9754
vn -0.1914 0.1936 0.9622
vn 0.2328 -0.9443 -0.2328
vn 0.1829 -0.9443 -0.2737
vn 0.2035 -0.9305 -0.3046
vn 0.2590 -0.9305 -0.2590
vn -0.3041 -0.9443 0.1260
vn -0.2737 -0.9443 0.1829
vn -0.3046 -0.9305 0.2035
vn -0.3384 -0.9305 0.1402
vn 0.3041 -0.9443 -0.1260
vn 0.2737 -0.9443 -0.1829
vn 0.3046 -0.9305 -0.2035
vn 0.3384 -0.9305 -0.1402
vn -0.3292 -0.9443 -0.0000
vn -0.3229 -0.9443 0.0642
vn -0.3592 -0.9305 0.0715
vn -0.3662 -0.9305 -0.0000
vn 0.3292 -0.9443 -0.0000
vn 0.3229 -0.9443 -0.0642
vn 0.3592 -0.9305 -0.0715
vn 0.3662 -0.9305 -0.0000
vn -0.3041 -0.9443 -0.1260
vn -0.3229 -0.9443 -0.0642
vn -0.3592 -0.9305 -0.0715
vn -0.3384 -0.9305 -0.1402
vn 0.3041 -0.9443 0.1260
vn 0.3229 -0.9443 0.0642
vn 0.3592 -0.9305 0.0715
vn 0.3384 -0.9305 0.1402
vn -0.2328 -0.9443 -0.2328
vn -0.2737 -0.9443 -0.1829
vn -0.3046 -0.9305 -0.2035
vn -0.2590 -0.9305 -0.2590
vn 0.2328 -0.9443 0.2328
vn 0.2737 -0.9443 0.1829
vn 0.3046 -0.9305 0.2035
vn 0.2590 -0.9305 0.2590
vn -0.1260 -0.9443 -0.3041
vn -0.1829 -0.9443 -0.2737
vn -0.2035 -0.9305 -0.3046
vn -0.1402 -0.9305 -0.3384
vn 0.1829 -0.9443 0.2737
vn 0.2035 -0.9305 0.3046
vn -0.0642 -0.9443 -0.3229
vn -0.0715 -0.9305 -0.3592
vn 0.5769 0.7811 -0.2390
vn 0.5114 0.7884 -0.3417
vn 0.5192 0.7810 -0.3469
vn 0.4416 0.7811 -0.4416
vn 0.6033 0.7884 -0.1200
vn 0.6490 0.3969 0.6490
vn 0.7632 0.3969 0.5099
vn 0.8480 0.3969 0.3512
vn 0.6698 0.5925 0.4476
vn 0.7442 0.5925 0.3083
vn 0.5696 0.5925 0.5696
vn -0.3512 0.3969 -0.8480
vn -0.5099 0.3969 -0.7632
vn -0.4476 0.5925 -0.6698
vn -0.3083 0.5925 -0.7442
vn 0.3512 0.3969 0.8480
vn 0.5099 0.3969 0.7632
vn 0.4476 0.5925 0.6698
vn 0.3083 0.5925 0.7442
vn -0.0000 0.3969 -0.9178
vn -0.1791 0.3969 -0.9002
vn -0.1572 0.5925 -0.7901
vn -0.0000 0.5925 -0.8056
vn -0.3512 0.3969 0.8480
vn -0.1791 0.3969 0.9002
vn -0.0000 0.3969 0.9178
vn -0.1572 0.5925 0.7901
vn -0.0000 0.5925 0.8056
vn -0.3083 0.5925 0.7442
vn 0.1791 0.3969 0.9002
vn 0.1572 0.5925 0.7901
vn 0.3512 0.3969 -0.8480
vn 0.1791 0.3969 -0.9002
vn 0.1572 0.5925 -0.7901
vn 0.3083 0.5925 -0.7442
vn -0.6490 0.3969 0.6490
vn -0.5099 0.3969 0.7632
vn -0.4476 0.5925 0.6698
vn -0.5696 0.5925 0.5696
vn 0.6490 0.3969 -0.6490
vn 0.5099 0.3969 -0.7632
vn 0.4476 0.5925 -0.6698
vn 0.5696 0.5925 -0.5696
vn -0.8480 0.3969 0.3512
vn -0.7632 0.3969 0.5099
vn -0.6698 0.5925 0.4476
vn -0.7442 0.5925 0.3083
vn 0.8480 0.3969 -0.3512
vn 0.7632 0.3969 -0.5099
vn 0.6698 0.5925 -0.4476
vn 0.7442 0.5925 -0.3083
vn -0.9178 0.3969 -0.0000
vn -0.9002 0.3969 0.1791
vn -0.7901 0.5925 0.1572
vn -0.8056 0.5925 -0.0000
vn 0.9178 0.3969 -0.0000
vn 0.9002 0.3969 -0.1791
vn 0.7901 0.5925 -0.1572
vn 0.8056 0.5925 -0.0000
vn -0.9002 0.3969 -0.1791
vn -0.7901 0.5925 -0.1572
vn 0.9002 0.3969 0.1791
vn 0.7901 0.5925 0.1572
vn -0.6125 0.7810 0.1218
vn -0.5769 0.7811 0.2390
vn 0.6125 0.7810 -0.1218
vn -0.5769 0.7811 -0.2390
vn -0.6125 0.7810 -0.1218
vn -0.5114 0.7884 -0.3417
vn 0.5769 0.7811 0.2390
vn 0.6125 0.7810 0.1218
vn 0.5114 0.7884 0.3417
vn -0.4416 0.7811 -0.4416
vn -0.5192 0.7810 -0.3469
vn -0.1727 0.9697 -0.1728
vn -0.3417 0.7884 -0.5114
vn 0.4416 0.7811 0.4415
vn 0.5192 0.7810 0.3469
vn 0.1728 0.9697 0.1728
vn -0.2390 0.7811 -0.5769
vn -0.3469 0.7810 -0.5192
vn 0.2390 0.7811 0.5769
vn 0.3469 0.7810 0.5192
vn -0.0000 0.7811 -0.6245
vn -0.1218 0.7810 -0.6125
vn 0.1200 0.7884 -0.6033
vn -0.2390 0.7811 0.5769
vn -0.1218 0.7810 0.6125
vn -0.0000 0.7811 0.6245
vn 0.1218 0.7810 0.6125
vn 0.2390 0.7811 -0.5769
vn 0.1218 0.7810 -0.6125
vn 0.3417 0.7884 -0.5114
vn -0.4416 0.7811 0.4416
vn -0.3469 0.7810 0.5192
vn -0.5114 0.7884 0.3417
vn 0.3469 0.7810 -0.5192
vn 0.1727 0.9697 -0.1727
vn -0.5192 0.7810 0.3469
vn -0.2232 -0.8124 0.5387
vn -0.1138 -0.8123 0.5720
vn -0.0715 -0.9305 0.3592
vn -0.0000 -0.8124 0.5831
vn -0.1602 -0.5706 0.8055
vn -0.0000 -0.5707 0.8212
vn -0.3143 -0.5707 0.7587
vn -0.3640 -0.3087 0.8787
vn -0.1856 -0.3087 0.9329
vn -0.0000 -0.3087 0.9511
vn -0.4123 -0.8124 0.4123
vn -0.3240 -0.8123 0.4849
vn -0.4563 -0.5706 0.6828
vn -0.5807 -0.5707 0.5807
vn -0.6726 -0.3087 0.6726
vn -0.5284 -0.3087 0.7909
vn -0.5387 -0.8124 0.2232
vn -0.4849 -0.8123 0.3240
vn -0.6828 -0.5706 0.4563
vn -0.7587 -0.5707 0.3143
vn -0.8787 -0.3087 0.3640
vn -0.7909 -0.3087 0.5284
vn -0.5831 -0.8124 -0.0000
vn -0.5720 -0.8123 0.1138
vn -0.8055 -0.5706 0.1602
vn -0.8212 -0.5707 -0.0000
vn -0.9511 -0.3087 -0.0000
vn -0.9329 -0.3087 0.1856
vn -0.5387 -0.8124 -0.2232
vn -0.5720 -0.8123 -0.1138
vn -0.8055 -0.5706 -0.1602
vn -0.7587 -0.5707 -0.3143
vn -0.8787 -0.3087 -0.3640
vn -0.9329 -0.3087 -0.1856
vn -0.4123 -0.8124 -0.4123
vn -0.4849 -0.8123 -0.3240
vn -0.6828 -0.5706 -0.4563
vn -0.5807 -0.5707 -0.5807
vn -0.6726 -0.3087 -0.6726
vn -0.7909 -0.3087 -0.5284
vn -0.2232 -0.8124 -0.5387
vn -0.3240 -0.8123 -0.4849
vn -0.4563 -0.5706 -0.6828
vn -0.3143 -0.5707 -0.7587
vn -0.3640 -0.3087 -0.8787
vn -0.5284 -0.3087 -0.7909
vn -0.0000 -0.8124 -0.5831
vn -0.1138 -0.8123 -0.5720
vn -0.1602 -0.5706 -0.8055
vn -0.0000 -0.5707 -0.8212
vn -0.0000 -0.3087 -0.9511
vn -0.1856 -0.3087 -0.9329
vn 0.2232 -0.8124 -0.5387
vn 0.1138 -0.8123 -0.5720
vn 0.1602 -0.5706 -0.8055
vn 0.3143 -0.5707 -0.7587
vn 0.3640 -0.3087 -0.8787
vn 0.1856 -0.3087 -0.9329
vn 0.4123 -0.8124 -0.4123
vn 0.3240 -0.8123 -0.4849
vn 0.4563 -0.5706 -0.6828
vn 0.5807 -0.5707 -0.5807
vn 0.6726 -0.3087 -0.6726
vn 0.5284 -0.3087 -0.7909
vn 0.5387 -0.8124 -0.2232
vn 0.4849 -0.8123 -0.3240
vn 0.6828 -0.5706 -0.4563
vn 0.7587 -0.5707 -0.3143
vn 0.8787 -0.3087 -0.3640
vn 0.7909 -0.3087 -0.5284
vn 0.5831 -0.8124 -0.0000
vn 0.5720 -0.8123 -0.1138
vn 0.8055 -0.5706 -0.1602
vn 0.8212 -0.5707 -0.0000
vn 0.9511 -0.3087 -0.0000
vn 0.9329 -0.3087 -0.1856
vn 0.5387 -0.8124 0.2232
vn 0.5720 -0.8123 0.1138
vn 0.8055 -0.5706 0.1602
vn 0.7587 -0.5707 0.3143
vn 0.8787 -0.3087 0.3640
vn 0.9329 -0.3087 0.1856
vn 0.4123 -0.8124 0.4123
vn 0.4849 -0.8123 0.3240
vn 0.6828 -0.5706 0.4563
vn 0.5807 -0.5707 0.5807
vn 0.6726 -0.3087 0.6726
vn 0.7909 -0.3087 0.5284
vn 0.2232 -0.8124 0.5387
vn 0.3240 -0.8123 0.4849
vn 0.4563 -0.5706 0.6828
vn 0.3143 -0.5707 0.7587
vn 0.3640 -0.3087 0.8787
vn 0.5284 -0.3087 0.7909
vn 0.1138 -0.8123 0.5720
vn 0.1602 -0.5706 0.8055
vn 0.1856 -0.3087 0.9329
vn -0.0642 -0.9443 0.3229
vn 0.1987 0.8547 -0.4796
vn 0.4796 0.8547 0.1987
vn -0.6335 0.7279 0.2624
vn -0.5702 0.7278 0.3810
vn -0.4849 0.7279 0.4849
vn 0.4849 0.7279 -0.4849
vn 0.3810 0.7278 -0.5702
vn 0.2624 0.7279 -0.6335
vn -0.3810 0.7278 0.5702
vn -0.2624 0.7279 0.6335
vn 0.1338 0.7278 -0.6726
vn -0.0000 0.7279 -0.6857
vn -0.0000 0.7279 0.6857
vn 0.1338 0.7278 0.6726
vn 0.2624 0.7279 0.6335
vn -0.1338 0.7278 0.6726
vn -0.1338 0.7278 -0.6726
vn -0.2624 0.7279 -0.6335
vn 0.3810 0.7278 0.5702
vn 0.4849 0.7279 0.4849
vn -0.3810 0.7278 -0.5702
vn -0.4849 0.7279 -0.4849
vn 0.5702 0.7278 0.3810
vn 0.6335 0.7279 0.2624
vn -0.5702 0.7278 -0.3810
vn -0.6335 0.7279 -0.2624
vn 0.6726 0.7278 0.1338
vn 0.6857 0.7279 -0.0000
vn -0.6726 0.7278 -0.1338
vn -0.6857 0.7279 -0.0000
vn 0.6726 0.7278 -0.1338
vn 0.6335 0.7279 -0.2624
vn -0.6726 0.7278 0.1338
vn 0.5702 0.7278 -0.3810
vn -0.0000 -0.4837 -0.8753
vn 0.1884 0.2600 -0.9471
vn 0.0997 0.8597 -0.5010
vn -0.1707 -0.4837 -0.8584
vn 0.1884 0.2604 -0.9470
vn 0.0996 0.8599 -0.5006
vn -0.0000 -0.4833 -0.8755
vn -0.1708 -0.4833 -0.8586
vt 0.514708 0.608691
vt 0.517685 0.585716
vt 0.521943 0.562321
vt 0.527597 0.538184
vt 0.534856 0.512719
vt 0.544163 0.484782
vt 0.556727 0.451987
vt 0.556726 0.856179
vt 0.544163 0.823384
vt 0.534855 0.795447
vt 0.527597 0.769982
vt 0.521943 0.745845
vt 0.517685 0.722450
vt 0.514708 0.699476
vt 0.512945 0.676729
vt 0.512362 0.654083
vt 0.512945 0.631437
vt 0.492362 0.582119
vt 0.489728 0.606306
vt 0.496015 0.557493
vt 0.500610 0.532117
vt 0.505951 0.505428
vt 0.511556 0.476298
vt 0.516192 0.442074
vt 0.516190 0.866092
vt 0.511555 0.831868
vt 0.505951 0.802738
vt 0.500610 0.776049
vt 0.496015 0.750673
vt 0.492362 0.726048
vt 0.489729 0.701860
vt 0.488142 0.677917
vt 0.487613 0.654083
vt 0.488142 0.630250
vt 0.473261 0.579807
vt 0.470863 0.604743
vt 0.476516 0.554500
vt 0.480452 0.528599
vt 0.484668 0.501755
vt 0.488217 0.473378
vt 0.488635 0.442394
vt 0.488634 0.865772
vt 0.488216 0.834788
vt 0.484668 0.806411
vt 0.480452 0.779567
vt 0.476516 0.753666
vt 0.473261 0.728359
vt 0.470863 0.703423
vt 0.469401 0.678704
vt 0.468911 0.654083
vt 0.469401 0.629463
vt 0.424663 0.574961
vt 0.422631 0.601405
vt 0.427383 0.548405
vt 0.430640 0.521764
vt 0.434204 0.495222
vt 0.437742 0.469420
vt 0.440824 0.446280
vt 0.440823 0.861885
vt 0.437742 0.838745
vt 0.434204 0.812943
vt 0.430640 0.786402
vt 0.427383 0.759760
vt 0.424664 0.733205
vt 0.422631 0.706761
vt 0.421377 0.680401
vt 0.420954 0.654083
vt 0.421377 0.627766
vt 0.412672 0.573898
vt 0.410678 0.600672
vt 0.415351 0.547060
vt 0.418604 0.520201
vt 0.422319 0.493520
vt 0.426464 0.467615
vt 0.431474 0.863986
vt 0.431475 0.444180
vt 0.426463 0.840550
vt 0.422319 0.814646
vt 0.418605 0.787964
vt 0.415351 0.761106
vt 0.412672 0.734268
vt 0.410678 0.707494
vt 0.409449 0.680775
vt 0.409034 0.654083
vt 0.409449 0.627392
vt 0.438364 0.576224
vt 0.460441 0.578412
vt 0.450416 0.577390
vt 0.458175 0.603788
vt 0.436265 0.602279
vt 0.448236 0.603084
vt 0.441164 0.549990
vt 0.463485 0.552732
vt 0.453331 0.551449
vt 0.444479 0.523553
vt 0.467100 0.526604
vt 0.456772 0.525177
vt 0.447958 0.497013
vt 0.470845 0.499861
vt 0.460319 0.498542
vt 0.450921 0.470845
vt 0.473714 0.472365
vt 0.463057 0.471728
vt 0.451966 0.446575
vt 0.451965 0.861591
vt 0.473318 0.444253
vt 0.473317 0.863913
vt 0.462947 0.445612
vt 0.462946 0.862554
vt 0.450920 0.837320
vt 0.473713 0.835800
vt 0.463057 0.836438
vt 0.447958 0.811153
vt 0.470844 0.808305
vt 0.460318 0.809624
vt 0.444479 0.784613
vt 0.467100 0.781562
vt 0.456772 0.782989
vt 0.441164 0.758176
vt 0.463485 0.755434
vt 0.453331 0.756717
vt 0.438364 0.731942
vt 0.460441 0.729754
vt 0.450416 0.730776
vt 0.436266 0.705888
vt 0.458175 0.704378
vt 0.448236 0.705082
vt 0.434972 0.679955
vt 0.456786 0.679187
vt 0.446895 0.679545
vt 0.434536 0.654083
vt 0.456318 0.654083
vt 0.446443 0.654083
vt 0.434972 0.628211
vt 0.456786 0.628979
vt 0.446895 0.628621
vt 0.006894 0.834702
vt 0.573736 0.615903
vt 0.586376 0.617659
vt 0.007610 0.822301
vt 0.577060 0.596898
vt 0.589597 0.599631
vt 0.013017 0.811119
vt 0.581941 0.578012
vt 0.594306 0.581861
vt 0.022292 0.802856
vt 0.588663 0.559328
vt 0.600739 0.564517
vt 0.034022 0.798772
vt 0.597690 0.541014
vt 0.609254 0.547885
vt 0.046423 0.799486
vt 0.609758 0.523430
vt 0.620370 0.532497
vt 0.057611 0.804892
vt 0.625976 0.800833
vt 0.625976 0.507335
vt 0.634900 0.519382
vt 0.634900 0.788786
vt 0.065873 0.814173
vt 0.609758 0.784737
vt 0.620370 0.775671
vt 0.069954 0.825905
vt 0.597690 0.767153
vt 0.609254 0.760282
vt 0.069236 0.838305
vt 0.588663 0.748838
vt 0.600739 0.743650
vt 0.063828 0.849487
vt 0.581941 0.730155
vt 0.594306 0.726305
vt 0.054553 0.857749
vt 0.577060 0.711268
vt 0.589598 0.708535
vt 0.042822 0.861832
vt 0.573737 0.692263
vt 0.586376 0.690507
vt 0.030421 0.861115
vt 0.571801 0.673189
vt 0.584496 0.672329
vt 0.019239 0.855708
vt 0.571165 0.654083
vt 0.583878 0.654083
vt 0.010977 0.846432
vt 0.571801 0.634977
vt 0.584496 0.635837
vt 0.542594 0.611835
vt 0.545876 0.590560
vt 0.540677 0.632986
vt 0.550679 0.569058
vt 0.557285 0.547160
vt 0.566206 0.524603
vt 0.578418 0.501011
vt 0.595855 0.832089
vt 0.595856 0.476078
vt 0.578417 0.807156
vt 0.566206 0.783563
vt 0.557285 0.761006
vt 0.550679 0.739109
vt 0.545876 0.717606
vt 0.542594 0.696332
vt 0.540677 0.675180
vt 0.540046 0.654083
vt 0.401770 0.762603
vt 0.399110 0.735441
vt 0.405050 0.518420
vt 0.408944 0.491452
vt 0.397139 0.708302
vt 0.413687 0.465080
vt 0.395925 0.681187
vt 0.420371 0.867985
vt 0.420372 0.440179
vt 0.395515 0.654083
vt 0.413686 0.843085
vt 0.395925 0.626980
vt 0.408944 0.816714
vt 0.397138 0.599864
vt 0.399109 0.572725
vt 0.405050 0.789746
vt 0.401769 0.545563
vt 0.333591 0.274369
vt 0.360257 0.277666
vt 0.016956 0.277668
vt 0.043622 0.274371
vt 0.068509 0.271698
vt 0.092008 0.269587
vt 0.114459 0.267977
vt 0.136150 0.266817
vt 0.157329 0.266065
vt 0.178213 0.265696
vt 0.198999 0.265696
vt 0.219883 0.266065
vt 0.241062 0.266816
vt 0.262753 0.267976
vt 0.285204 0.269586
vt 0.308704 0.271696
vt 0.353550 0.149095
vt 0.328419 0.154896
vt 0.023661 0.149098
vt 0.048792 0.154899
vt 0.072283 0.159240
vt 0.094640 0.162416
vt 0.116210 0.164680
vt 0.137241 0.166224
vt 0.157919 0.167183
vt 0.178398 0.167642
vt 0.198812 0.167642
vt 0.219291 0.167182
vt 0.239969 0.166223
vt 0.261000 0.164679
vt 0.282570 0.162415
vt 0.304928 0.159237
vt 0.328426 0.087780
vt 0.310255 0.096327
vt 0.048784 0.087783
vt 0.066955 0.096330
vt 0.085396 0.102308
vt 0.104018 0.106553
vt 0.122749 0.109548
vt 0.141539 0.111591
vt 0.160358 0.112865
vt 0.179188 0.113478
vt 0.198021 0.113478
vt 0.216852 0.112865
vt 0.235670 0.111589
vt 0.254461 0.109546
vt 0.273191 0.106550
vt 0.291813 0.102306
vt 0.304919 0.033496
vt 0.292180 0.034002
vt 0.072289 0.033500
vt 0.085028 0.034005
vt 0.099290 0.034929
vt 0.114565 0.035992
vt 0.130499 0.037003
vt 0.146854 0.037839
vt 0.163463 0.038430
vt 0.180209 0.038733
vt 0.196998 0.038733
vt 0.213744 0.038429
vt 0.230353 0.037838
vt 0.246708 0.037001
vt 0.262642 0.035990
vt 0.277917 0.034926
vt 0.305779 0.021924
vt 0.292121 0.020856
vt 0.071428 0.021927
vt 0.085087 0.020860
vt 0.099832 0.020769
vt 0.115288 0.021170
vt 0.131209 0.021753
vt 0.147429 0.022322
vt 0.163833 0.022756
vt 0.180336 0.022989
vt 0.196870 0.022988
vt 0.213374 0.022755
vt 0.229778 0.022320
vt 0.245998 0.021750
vt 0.261919 0.021167
vt 0.277375 0.020766
vt 0.306771 0.047387
vt 0.313914 0.063995
vt 0.309326 0.054844
vt 0.299971 0.070116
vt 0.294251 0.050285
vt 0.296439 0.059209
vt 0.070438 0.047391
vt 0.063295 0.063999
vt 0.067882 0.054848
vt 0.082958 0.050289
vt 0.077237 0.070119
vt 0.080769 0.059212
vt 0.097283 0.052838
vt 0.092809 0.074665
vt 0.095501 0.062708
vt 0.112792 0.054963
vt 0.109364 0.078042
vt 0.111387 0.065436
vt 0.129057 0.056652
vt 0.126522 0.080512
vt 0.127997 0.067504
vt 0.145796 0.057909
vt 0.144051 0.082245
vt 0.145056 0.068994
vt 0.162819 0.058741
vt 0.161797 0.083349
vt 0.162382 0.069959
vt 0.179993 0.059155
vt 0.179657 0.083886
vt 0.179849 0.070434
vt 0.197214 0.059155
vt 0.197552 0.083886
vt 0.197359 0.070434
vt 0.214388 0.058740
vt 0.215412 0.083348
vt 0.214826 0.069958
vt 0.231412 0.057907
vt 0.233158 0.082244
vt 0.232152 0.068992
vt 0.248151 0.056650
vt 0.250686 0.080510
vt 0.249211 0.067502
vt 0.264416 0.054961
vt 0.267845 0.078040
vt 0.265821 0.065434
vt 0.279925 0.052835
vt 0.284399 0.074662
vt 0.281707 0.062706
vt 0.168869 0.802139
vt 0.291382 0.400677
vt 0.286409 0.408837
vt 0.177702 0.797868
vt 0.305599 0.410923
vt 0.298842 0.418226
vt 0.187497 0.797301
vt 0.071616 0.410923
vt 0.078373 0.418226
vt 0.196763 0.800526
vt 0.085832 0.400677
vt 0.090806 0.408836
vt 0.204089 0.807052
vt 0.100831 0.393123
vt 0.104559 0.401775
vt 0.208361 0.815884
vt 0.116321 0.387497
vt 0.119098 0.396459
vt 0.208927 0.825679
vt 0.132127 0.383369
vt 0.134136 0.392530
vt 0.205702 0.834945
vt 0.148140 0.380468
vt 0.149500 0.389757
vt 0.199177 0.842272
vt 0.164280 0.378621
vt 0.165068 0.387986
vt 0.190344 0.846543
vt 0.180490 0.377722
vt 0.180748 0.387123
vt 0.180549 0.847110
vt 0.196723 0.377722
vt 0.196465 0.387123
vt 0.171283 0.843885
vt 0.212933 0.378621
vt 0.212145 0.387986
vt 0.163957 0.837359
vt 0.229073 0.380469
vt 0.227713 0.389757
vt 0.159685 0.828527
vt 0.245086 0.383369
vt 0.243077 0.392530
vt 0.159119 0.818732
vt 0.260893 0.387497
vt 0.258116 0.396459
vt 0.162344 0.809466
vt 0.276383 0.393123
vt 0.272654 0.401776
vt 0.309847 0.365191
vt 0.330438 0.375061
vt 0.290194 0.357706
vt 0.046777 0.375062
vt 0.067367 0.365192
vt 0.087020 0.357707
vt 0.106081 0.352089
vt 0.124752 0.347964
vt 0.143162 0.345069
vt 0.161403 0.343228
vt 0.179549 0.342333
vt 0.197664 0.342333
vt 0.215810 0.343228
vt 0.234051 0.345069
vt 0.252461 0.347964
vt 0.271132 0.352089
vt 0.196803 0.012954
vt 0.213183 0.012754
vt 0.084597 0.011976
vt 0.099835 0.011442
vt 0.229496 0.012390
vt 0.115527 0.011550
vt 0.245686 0.011941
vt 0.131521 0.011943
vt 0.261680 0.011547
vt 0.147710 0.012392
vt 0.277373 0.011438
vt 0.164023 0.012755
vt 0.292610 0.011972
vt 0.307216 0.013706
vt 0.180402 0.012955
vt 0.069992 0.013710
vt 0.902050 0.035483
vt 0.906284 0.000901
vt 0.906278 0.383342
vt 0.902045 0.348758
vt 0.899321 0.320905
vt 0.897270 0.296558
vt 0.895673 0.274171
vt 0.894460 0.252924
vt 0.893605 0.232348
vt 0.893097 0.212149
vt 0.892928 0.192118
vt 0.893097 0.172087
vt 0.893607 0.151888
vt 0.894462 0.131313
vt 0.895675 0.110067
vt 0.897273 0.087680
vt 0.899326 0.063334
vt 0.863586 0.002763
vt 0.863577 0.381478
vt 0.869490 0.035714
vt 0.869483 0.348525
vt 0.871607 0.321474
vt 0.872175 0.297416
vt 0.872086 0.275041
vt 0.871766 0.253661
vt 0.871431 0.232872
vt 0.871195 0.212419
vt 0.871111 0.192117
vt 0.871196 0.171816
vt 0.871433 0.151363
vt 0.871768 0.130575
vt 0.872090 0.109195
vt 0.872180 0.086822
vt 0.871613 0.062764
vt 0.830070 0.366856
vt 0.830080 0.017383
vt 0.840338 0.041923
vt 0.840330 0.342315
vt 0.845173 0.318832
vt 0.847406 0.296426
vt 0.848353 0.274812
vt 0.848680 0.253740
vt 0.848738 0.233023
vt 0.848713 0.212520
vt 0.848696 0.192117
vt 0.848714 0.171714
vt 0.848740 0.151211
vt 0.848684 0.130495
vt 0.848358 0.109423
vt 0.847412 0.087810
vt 0.845180 0.065405
vt 0.760095 0.345212
vt 0.760109 0.039023
vt 0.756227 0.054956
vt 0.756214 0.329277
vt 0.754015 0.311463
vt 0.752775 0.292541
vt 0.752076 0.272950
vt 0.751681 0.252972
vt 0.751461 0.232776
vt 0.751349 0.212468
vt 0.751315 0.192113
vt 0.751351 0.171757
vt 0.751466 0.151450
vt 0.751689 0.131256
vt 0.752086 0.111278
vt 0.752786 0.091689
vt 0.754028 0.072769
vt 0.779149 0.041354
vt 0.779137 0.342882
vt 0.806316 0.350826
vt 0.806326 0.033412
vt 0.796578 0.038958
vt 0.796568 0.345279
vt 0.813837 0.050533
vt 0.779532 0.056054
vt 0.801411 0.054042
vt 0.779521 0.328181
vt 0.813828 0.333703
vt 0.801401 0.330194
vt 0.779970 0.310986
vt 0.818154 0.314386
vt 0.804534 0.312351
vt 0.780298 0.292320
vt 0.820500 0.294237
vt 0.806359 0.293133
vt 0.780487 0.272825
vt 0.821698 0.273817
vt 0.807344 0.273258
vt 0.780575 0.252885
vt 0.822262 0.253347
vt 0.807836 0.253087
vt 0.780603 0.232716
vt 0.822499 0.232902
vt 0.808058 0.232796
vt 0.780606 0.212437
vt 0.822583 0.212497
vt 0.808145 0.212461
vt 0.780605 0.192114
vt 0.822603 0.192116
vt 0.808167 0.192115
vt 0.780608 0.171792
vt 0.822585 0.171736
vt 0.808146 0.171770
vt 0.780607 0.151513
vt 0.822502 0.151331
vt 0.808061 0.151436
vt 0.780581 0.131345
vt 0.822266 0.130887
vt 0.807841 0.131145
vt 0.780495 0.111406
vt 0.821703 0.110417
vt 0.807350 0.110975
vt 0.780307 0.091913
vt 0.820507 0.089998
vt 0.806366 0.091101
vt 0.779981 0.073247
vt 0.818162 0.069849
vt 0.804543 0.071884
vt 0.123271 0.799486
vt 0.972659 0.060138
vt 0.984659 0.067299
vt 0.134459 0.804892
vt 0.985885 0.041412
vt 0.985884 0.342831
vt 0.996826 0.051824
vt 0.996826 0.332420
vt 0.142720 0.814173
vt 0.972657 0.324104
vt 0.984659 0.316943
vt 0.146802 0.825905
vt 0.963718 0.304873
vt 0.976156 0.299920
vt 0.146084 0.838305
vt 0.957625 0.285677
vt 0.970177 0.282241
vt 0.140676 0.849487
vt 0.953449 0.266672
vt 0.965997 0.264304
vt 0.131401 0.857749
vt 0.950619 0.247861
vt 0.963132 0.246277
vt 0.119670 0.861832
vt 0.948790 0.229200
vt 0.961269 0.228225
vt 0.107269 0.861115
vt 0.947761 0.210636
vt 0.960218 0.210171
vt 0.096087 0.855708
vt 0.947429 0.192118
vt 0.959879 0.192118
vt 0.087825 0.846433
vt 0.947761 0.173601
vt 0.960218 0.174066
vt 0.083741 0.834702
vt 0.948790 0.155037
vt 0.961269 0.156012
vt 0.084457 0.822301
vt 0.950619 0.136377
vt 0.963132 0.137961
vt 0.089864 0.811119
vt 0.953450 0.117567
vt 0.965997 0.119935
vt 0.099139 0.802856
vt 0.957626 0.098563
vt 0.970177 0.101999
vt 0.110870 0.798772
vt 0.963719 0.079367
vt 0.976156 0.084321
vt 0.938083 0.043872
vt 0.950229 0.016025
vt 0.950226 0.368219
vt 0.930705 0.068688
vt 0.938080 0.340369
vt 0.930702 0.315552
vt 0.925910 0.292870
vt 0.922672 0.271563
vt 0.920471 0.251120
vt 0.919035 0.231205
vt 0.918221 0.211593
vt 0.917957 0.192118
vt 0.918222 0.172644
vt 0.919036 0.153032
vt 0.920472 0.133118
vt 0.922674 0.112675
vt 0.925913 0.091369
vt 0.738942 0.171705
vt 0.739096 0.151331
vt 0.742585 0.312658
vt 0.740900 0.293222
vt 0.739401 0.131036
vt 0.739938 0.273338
vt 0.739949 0.110890
vt 0.739393 0.253190
vt 0.740912 0.091007
vt 0.739091 0.232893
vt 0.742599 0.071573
vt 0.738939 0.212519
vt 0.745520 0.052867
vt 0.750615 0.349076
vt 0.750630 0.035159
vt 0.738894 0.192112
vt 0.745505 0.331366
vt 0.516105 0.597246
vt 0.519713 0.574092
vt 0.524652 0.550377
vt 0.531076 0.525671
vt 0.539283 0.499158
vt 0.549981 0.469190
vt 0.549980 0.838976
vt 0.539282 0.809009
vt 0.531076 0.782496
vt 0.524652 0.757789
vt 0.519713 0.734075
vt 0.516105 0.710921
vt 0.513741 0.688080
vt 0.512570 0.665399
vt 0.512570 0.642767
vt 0.513741 0.620086
vt 0.490843 0.594242
vt 0.493991 0.569860
vt 0.498129 0.544904
vt 0.503132 0.518961
vt 0.508691 0.491245
vt 0.514053 0.460060
vt 0.514052 0.848106
vt 0.508691 0.816921
vt 0.503131 0.789206
vt 0.498129 0.763262
vt 0.493991 0.738306
vt 0.490843 0.713925
vt 0.488732 0.689874
vt 0.487674 0.665996
vt 0.487674 0.642171
vt 0.488732 0.618292
vt 0.527210 0.828461
vt 0.519864 0.799575
vt 0.501796 0.607415
vt 0.504594 0.583782
vt 0.501796 0.700751
vt 0.500124 0.677363
vt 0.527211 0.479706
vt 0.535683 0.445388
vt 0.535682 0.862779
vt 0.508533 0.748463
vt 0.504594 0.724384
vt 0.500124 0.630803
vt 0.513626 0.534844
vt 0.519864 0.508591
vt 0.513626 0.773322
vt 0.499569 0.654083
vt 0.508534 0.559703
vt 0.471963 0.592312
vt 0.474803 0.567214
vt 0.478428 0.541646
vt 0.482573 0.515333
vt 0.486626 0.487830
vt 0.489083 0.458352
vt 0.489082 0.849814
vt 0.486625 0.820336
vt 0.482573 0.792833
vt 0.478428 0.766520
vt 0.474803 0.740952
vt 0.471963 0.715854
vt 0.470027 0.691043
vt 0.469048 0.666387
vt 0.469048 0.641779
vt 0.470027 0.617123
vt 0.479536 0.702728
vt 0.478019 0.678353
vt 0.498708 0.474430
vt 0.500638 0.441605
vt 0.500637 0.866561
vt 0.477511 0.654083
vt 0.498708 0.833736
vt 0.478019 0.629814
vt 0.494355 0.804882
vt 0.479536 0.605438
vt 0.482037 0.580831
vt 0.489679 0.778047
vt 0.485465 0.555815
vt 0.485464 0.752352
vt 0.489679 0.530119
vt 0.482037 0.727335
vt 0.494355 0.503284
vt 0.423573 0.588201
vt 0.425961 0.561703
vt 0.428968 0.535094
vt 0.432409 0.508453
vt 0.436006 0.482131
vt 0.439379 0.457217
vt 0.439378 0.850948
vt 0.436006 0.826035
vt 0.432409 0.799712
vt 0.428968 0.773072
vt 0.425961 0.746462
vt 0.423574 0.719965
vt 0.421923 0.693569
vt 0.421082 0.667238
vt 0.421082 0.640928
vt 0.421923 0.614597
vt 0.411504 0.587287
vt 0.413852 0.560478
vt 0.416832 0.533617
vt 0.420330 0.506804
vt 0.424256 0.480395
vt 0.428735 0.455398
vt 0.428734 0.852767
vt 0.424255 0.827770
vt 0.420330 0.801362
vt 0.416833 0.774549
vt 0.413852 0.747688
vt 0.411504 0.720879
vt 0.409885 0.694133
vt 0.409059 0.667428
vt 0.409059 0.640738
vt 0.409885 0.614033
vt 0.432066 0.468570
vt 0.436133 0.445432
vt 0.436132 0.862733
vt 0.415394 0.680590
vt 0.414975 0.654083
vt 0.432066 0.839595
vt 0.415394 0.627577
vt 0.428224 0.813783
vt 0.416633 0.601035
vt 0.418645 0.574424
vt 0.424590 0.787185
vt 0.421340 0.547727
vt 0.421340 0.760439
vt 0.424590 0.520980
vt 0.418645 0.733742
vt 0.428225 0.494382
vt 0.416634 0.707132
vt 0.394254 0.763425
vt 0.406198 0.734831
vt 0.397552 0.517425
vt 0.415933 0.492550
vt 0.404218 0.707883
vt 0.420385 0.466461
vt 0.402998 0.680973
vt 0.426303 0.865728
vt 0.426304 0.442437
vt 0.402586 0.654083
vt 0.420385 0.841704
vt 0.402997 0.627194
vt 0.415933 0.815615
vt 0.389629 0.599424
vt 0.406198 0.573335
vt 0.412130 0.788812
vt 0.408865 0.546343
vt 0.455423 0.577894
vt 0.459240 0.591134
vt 0.453202 0.603431
vt 0.449277 0.590267
vt 0.444758 0.576835
vt 0.442619 0.602701
vt 0.437284 0.589277
vt 0.458398 0.552081
vt 0.461911 0.565624
vt 0.451841 0.564464
vt 0.447614 0.550755
vt 0.439750 0.563142
vt 0.461918 0.525878
vt 0.465276 0.539743
vt 0.455054 0.538369
vt 0.450986 0.524405
vt 0.442837 0.536807
vt 0.465546 0.499190
vt 0.469031 0.513332
vt 0.458618 0.511915
vt 0.454480 0.497823
vt 0.446289 0.510293
vt 0.468308 0.472045
vt 0.472514 0.486233
vt 0.461915 0.485150
vt 0.457279 0.471344
vt 0.449617 0.483840
vt 0.467970 0.444975
vt 0.467969 0.863190
vt 0.474180 0.458395
vt 0.463579 0.458515
vt 0.457615 0.446182
vt 0.457614 0.861984
vt 0.451845 0.458325
vt 0.468307 0.836121
vt 0.474179 0.849771
vt 0.463578 0.849650
vt 0.457279 0.836822
vt 0.451844 0.849840
vt 0.465545 0.808976
vt 0.472513 0.821933
vt 0.461914 0.823016
vt 0.454479 0.810343
vt 0.449617 0.824326
vt 0.461918 0.782288
vt 0.469031 0.794834
vt 0.458618 0.796251
vt 0.450986 0.783761
vt 0.446289 0.797873
vt 0.458398 0.756085
vt 0.465275 0.768423
vt 0.455054 0.769797
vt 0.447614 0.757411
vt 0.442837 0.771359
vt 0.455423 0.730273
vt 0.461911 0.742542
vt 0.451841 0.743702
vt 0.444758 0.731331
vt 0.439750 0.745024
vt 0.453202 0.704735
vt 0.459240 0.717032
vt 0.449277 0.717899
vt 0.442619 0.705465
vt 0.437284 0.718889
vt 0.451838 0.679368
vt 0.457404 0.691764
vt 0.447508 0.692296
vt 0.441302 0.679740
vt 0.435580 0.692906
vt 0.451379 0.654083
vt 0.456472 0.666629
vt 0.446607 0.666808
vt 0.440858 0.654083
vt 0.434711 0.667014
vt 0.451838 0.628798
vt 0.456472 0.641537
vt 0.446607 0.641358
vt 0.441302 0.628426
vt 0.434711 0.641152
vt 0.457404 0.616402
vt 0.447507 0.615870
vt 0.435580 0.615260
vt 0.466164 0.579021
vt 0.463842 0.604206
vt 0.434165 0.549178
vt 0.431412 0.575576
vt 0.429350 0.601831
vt 0.469296 0.553501
vt 0.428079 0.627983
vt 0.462422 0.629191
vt 0.437440 0.522641
vt 0.473041 0.527466
vt 0.440946 0.496118
vt 0.476966 0.500668
vt 0.444172 0.470191
vt 0.480064 0.472766
vt 0.446184 0.446640
vt 0.446183 0.861526
vt 0.479844 0.443390
vt 0.479843 0.864775
vt 0.444172 0.837975
vt 0.480063 0.835400
vt 0.440946 0.812048
vt 0.476965 0.807498
vt 0.437440 0.785525
vt 0.473041 0.780700
vt 0.434165 0.758988
vt 0.469296 0.754665
vt 0.431412 0.732590
vt 0.466164 0.729145
vt 0.429350 0.706336
vt 0.463842 0.703960
vt 0.428079 0.680184
vt 0.462422 0.678975
vt 0.427649 0.654083
vt 0.461945 0.654083
vt 0.582253 0.617083
vt 0.575202 0.606388
vt 0.585516 0.598735
vt 0.587784 0.608617
vt 0.590752 0.618273
vt 0.000000 0.835664
vt 0.593919 0.600584
vt 0.000873 0.820552
vt 0.010448 0.828686
vt 0.579278 0.587435
vt 0.590294 0.580601
vt 0.591728 0.590701
vt 0.598537 0.583196
vt 0.007463 0.806925
vt 0.013196 0.818103
vt 0.585036 0.568636
vt 0.596843 0.562825
vt 0.597267 0.573118
vt 0.604823 0.566301
vt 0.018765 0.796856
vt 0.019784 0.809378
vt 0.592841 0.550110
vt 0.605557 0.545658
vt 0.604693 0.556085
vt 0.613091 0.550216
vt 0.033060 0.791879
vt 0.029210 0.803838
vt 0.603278 0.532101
vt 0.617034 0.529585
vt 0.614440 0.539994
vt 0.623772 0.535505
vt 0.048171 0.792749
vt 0.040039 0.802325
vt 0.617264 0.515137
vt 0.632232 0.515543
vt 0.632232 0.792624
vt 0.627125 0.525582
vt 0.637425 0.523285
vt 0.637425 0.784882
vt 0.061814 0.799341
vt 0.050623 0.805072
vt 0.617264 0.793030
vt 0.617034 0.778583
vt 0.627125 0.782585
vt 0.623773 0.772662
vt 0.071874 0.810648
vt 0.059351 0.811662
vt 0.603278 0.776066
vt 0.605558 0.762509
vt 0.614440 0.768174
vt 0.613091 0.757951
vt 0.076847 0.824944
vt 0.064889 0.821091
vt 0.592842 0.758057
vt 0.596843 0.745342
vt 0.604694 0.752082
vt 0.604823 0.741866
vt 0.075973 0.840055
vt 0.066399 0.831920
vt 0.585037 0.739530
vt 0.590294 0.727565
vt 0.597267 0.735049
vt 0.598538 0.724970
vt 0.069382 0.853682
vt 0.063650 0.842502
vt 0.579278 0.720732
vt 0.585516 0.709431
vt 0.591729 0.717465
vt 0.593919 0.707582
vt 0.058079 0.863749
vt 0.057061 0.851227
vt 0.575202 0.701778
vt 0.582253 0.691083
vt 0.587784 0.699549
vt 0.590752 0.689893
vt 0.043784 0.868725
vt 0.047635 0.856767
vt 0.572587 0.682733
vt 0.580351 0.672612
vt 0.585245 0.681434
vt 0.588901 0.672029
vt 0.028672 0.867852
vt 0.036806 0.858277
vt 0.571308 0.663638
vt 0.579725 0.654083
vt 0.584002 0.663211
vt 0.588292 0.654083
vt 0.015045 0.861262
vt 0.026224 0.855529
vt 0.571308 0.644528
vt 0.580351 0.635554
vt 0.584002 0.644955
vt 0.588901 0.636138
vt 0.004977 0.849959
vt 0.017499 0.848941
vt 0.572587 0.625433
vt 0.585245 0.626732
vt 0.011959 0.839514
vt 0.527953 0.610118
vt 0.562373 0.593806
vt 0.526107 0.632142
vt 0.567305 0.573640
vt 0.574122 0.553391
vt 0.583355 0.533035
vt 0.595917 0.512647
vt 0.613286 0.815506
vt 0.613287 0.492661
vt 0.595917 0.795521
vt 0.583355 0.775132
vt 0.574122 0.754776
vt 0.567305 0.734526
vt 0.562374 0.714360
vt 0.559019 0.694246
vt 0.557067 0.674159
vt 0.556425 0.654083
vt 0.559019 0.613920
vt 0.531096 0.587905
vt 0.557066 0.634007
vt 0.535650 0.565341
vt 0.541825 0.542161
vt 0.550013 0.517897
vt 0.561024 0.491723
vt 0.576780 0.462217
vt 0.576779 0.845950
vt 0.561024 0.816444
vt 0.550013 0.790269
vt 0.541825 0.766006
vt 0.535650 0.742825
vt 0.531096 0.720261
vt 0.527953 0.698048
vt 0.526107 0.676024
vt 0.525497 0.654083
vt 0.544056 0.601218
vt 0.548073 0.579846
vt 0.540203 0.643538
vt 0.540203 0.664629
vt 0.541471 0.685745
vt 0.544056 0.706948
vt 0.548073 0.728320
vt 0.553731 0.749994
vt 0.561407 0.772181
vt 0.571807 0.795202
vt 0.586301 0.819447
vt 0.586302 0.488720
vt 0.571807 0.512965
vt 0.561407 0.535986
vt 0.553731 0.558172
vt 0.541471 0.622421
vt 0.408865 0.761823
vt 0.391595 0.736082
vt 0.412129 0.519353
vt 0.401528 0.490253
vt 0.389630 0.708743
vt 0.406510 0.463522
vt 0.388420 0.681411
vt 0.413654 0.437523
vt 0.413653 0.870642
vt 0.388011 0.654083
vt 0.406509 0.844643
vt 0.388420 0.626755
vt 0.401527 0.817912
vt 0.404217 0.600284
vt 0.391595 0.572084
vt 0.397552 0.790740
vt 0.394253 0.544741
vt 0.403280 0.531977
vt 0.403281 0.776189
vt 0.400303 0.559139
vt 0.406862 0.803274
vt 0.396379 0.613421
vt 0.397978 0.586293
vt 0.411126 0.830014
vt 0.395564 0.640531
vt 0.416589 0.855767
vt 0.395564 0.667635
vt 0.416590 0.452399
vt 0.396380 0.694745
vt 0.411126 0.478151
vt 0.397979 0.721873
vt 0.406861 0.504891
vt 0.400304 0.749026
vt 0.346683 0.275942
vt 0.002825 0.279568
vt 0.374388 0.279565
vt 0.030530 0.275944
vt 0.056257 0.272965
vt 0.080406 0.270582
vt 0.103343 0.268730
vt 0.125382 0.267352
vt 0.146789 0.266400
vt 0.167795 0.265843
vt 0.188606 0.265659
vt 0.209417 0.265842
vt 0.230423 0.266400
vt 0.251830 0.267351
vt 0.273869 0.268729
vt 0.296806 0.270581
vt 0.320956 0.272964
vt 0.340751 0.152174
vt 0.010242 0.145549
vt 0.366969 0.145545
vt 0.036459 0.152177
vt 0.060701 0.157208
vt 0.083577 0.160929
vt 0.105507 0.163620
vt 0.126781 0.165503
vt 0.147615 0.166740
vt 0.168175 0.167441
vt 0.188605 0.167668
vt 0.209035 0.167441
vt 0.229596 0.166739
vt 0.250429 0.165502
vt 0.271704 0.163619
vt 0.293633 0.160927
vt 0.316509 0.157205
vt 0.135361 0.214126
vt 0.156854 0.214342
vt 0.335669 0.211331
vt 0.362727 0.209900
vt 0.241850 0.214125
vt 0.263854 0.213763
vt 0.090594 0.213215
vt 0.113357 0.213764
vt 0.199158 0.214443
vt 0.220357 0.214342
vt 0.310438 0.212421
vt 0.041543 0.211333
vt 0.066774 0.212423
vt 0.178054 0.214443
vt 0.286618 0.213213
vt 0.014485 0.209903
vt 0.319355 0.092424
vt 0.039854 0.082118
vt 0.337355 0.082114
vt 0.057855 0.092427
vt 0.076165 0.099552
vt 0.094701 0.104588
vt 0.113380 0.108164
vt 0.132143 0.110656
vt 0.150948 0.112299
vt 0.169773 0.113235
vt 0.188605 0.113538
vt 0.207436 0.113234
vt 0.226261 0.112298
vt 0.245066 0.110655
vt 0.263829 0.108162
vt 0.282509 0.104586
vt 0.301044 0.099549
vt 0.237551 0.133405
vt 0.257320 0.131402
vt 0.099909 0.128456
vt 0.119890 0.131403
vt 0.277301 0.128454
vt 0.139659 0.133406
vt 0.297597 0.124268
vt 0.159290 0.134650
vt 0.318383 0.118397
vt 0.339997 0.110150
vt 0.178842 0.135245
vt 0.037213 0.110153
vt 0.198368 0.135245
vt 0.058827 0.118400
vt 0.217920 0.134649
vt 0.079613 0.124270
vt 0.298783 0.033647
vt 0.066687 0.033484
vt 0.310521 0.033480
vt 0.078425 0.033650
vt 0.092004 0.034394
vt 0.106827 0.035411
vt 0.122468 0.036463
vt 0.138638 0.037395
vt 0.155136 0.038114
vt 0.171826 0.038564
vt 0.188603 0.038716
vt 0.205381 0.038563
vt 0.222071 0.038113
vt 0.238569 0.037393
vt 0.254739 0.036460
vt 0.270380 0.035408
vt 0.285203 0.034391
vt 0.299106 0.021183
vt 0.065268 0.023055
vt 0.311940 0.023051
vt 0.078102 0.021187
vt 0.092360 0.020676
vt 0.107496 0.020872
vt 0.123208 0.021390
vt 0.139294 0.021982
vt 0.155617 0.022494
vt 0.172078 0.022832
vt 0.188603 0.022950
vt 0.205128 0.022831
vt 0.221590 0.022492
vt 0.237913 0.021980
vt 0.253999 0.021387
vt 0.269711 0.020869
vt 0.284847 0.020672
vt 0.115031 0.027706
vt 0.130935 0.028460
vt 0.246271 0.028458
vt 0.262177 0.027703
vt 0.147199 0.029137
vt 0.277520 0.027037
vt 0.163683 0.029634
vt 0.292003 0.026721
vt 0.305165 0.027147
vt 0.180284 0.029895
vt 0.072043 0.027151
vt 0.196922 0.029895
vt 0.085204 0.026725
vt 0.213524 0.029633
vt 0.099688 0.027040
vt 0.230007 0.029135
vt 0.196778 0.008762
vt 0.213267 0.017352
vt 0.084311 0.008120
vt 0.099860 0.015764
vt 0.229619 0.016959
vt 0.115434 0.015992
vt 0.245818 0.016460
vt 0.131388 0.016463
vt 0.261772 0.015989
vt 0.147588 0.016961
vt 0.277347 0.015760
vt 0.163939 0.017354
vt 0.292896 0.008116
vt 0.306492 0.017591
vt 0.180373 0.017567
vt 0.070716 0.017595
vt 0.310857 0.058231
vt 0.307196 0.067319
vt 0.297654 0.063264
vt 0.303177 0.057186
vt 0.308128 0.051753
vt 0.295446 0.055502
vt 0.300797 0.048889
vt 0.066352 0.058235
vt 0.057323 0.060188
vt 0.319885 0.060184
vt 0.062488 0.052376
vt 0.314720 0.052372
vt 0.069080 0.051757
vt 0.312136 0.045893
vt 0.065073 0.045897
vt 0.079554 0.063268
vt 0.070013 0.067322
vt 0.074032 0.057189
vt 0.081762 0.055505
vt 0.076411 0.048892
vt 0.094557 0.067174
vt 0.084867 0.072606
vt 0.087948 0.061123
vt 0.096294 0.058611
vt 0.089928 0.051642
vt 0.110668 0.070159
vt 0.100987 0.076537
vt 0.103324 0.064228
vt 0.112003 0.061093
vt 0.104912 0.053988
vt 0.127468 0.072387
vt 0.117879 0.079441
vt 0.119615 0.066619
vt 0.128457 0.063006
vt 0.120844 0.055899
vt 0.144693 0.073973
vt 0.135247 0.081530
vt 0.136479 0.068393
vt 0.145375 0.064402
vt 0.137376 0.057373
vt 0.162169 0.074994
vt 0.152901 0.082941
vt 0.153691 0.069617
vt 0.162569 0.065313
vt 0.154279 0.058418
vt 0.179779 0.075494
vt 0.170716 0.083757
vt 0.171102 0.070335
vt 0.179910 0.065763
vt 0.171393 0.059042
vt 0.197429 0.075493
vt 0.188604 0.084024
vt 0.188604 0.070571
vt 0.197297 0.065763
vt 0.188604 0.059248
vt 0.215039 0.074993
vt 0.206492 0.083756
vt 0.206105 0.070334
vt 0.214638 0.065312
vt 0.205815 0.059041
vt 0.232515 0.073972
vt 0.224308 0.082940
vt 0.223517 0.069616
vt 0.231833 0.064400
vt 0.222929 0.058417
vt 0.249740 0.072385
vt 0.241962 0.081529
vt 0.240730 0.068391
vt 0.248751 0.063004
vt 0.239832 0.057371
vt 0.266540 0.070157
vt 0.259329 0.079439
vt 0.257593 0.066617
vt 0.265205 0.061090
vt 0.256364 0.055897
vt 0.282651 0.067172
vt 0.276222 0.076535
vt 0.273885 0.064226
vt 0.280914 0.058609
vt 0.272296 0.053986
vt 0.292342 0.072603
vt 0.289261 0.061120
vt 0.287280 0.051639
vt 0.319732 0.073579
vt 0.304173 0.081129
vt 0.057477 0.073582
vt 0.287471 0.086504
vt 0.073036 0.081132
vt 0.089738 0.086507
vt 0.107125 0.090385
vt 0.124928 0.093160
vt 0.142982 0.095076
vt 0.161182 0.096282
vt 0.179456 0.096865
vt 0.197753 0.096864
vt 0.216027 0.096281
vt 0.234227 0.095075
vt 0.252281 0.093158
vt 0.270084 0.090383
vt 0.287903 0.406408
vt 0.298595 0.405406
vt 0.300857 0.416116
vt 0.292843 0.413174
vt 0.284589 0.411782
vt 0.165569 0.797769
vt 0.296428 0.420716
vt 0.176325 0.792567
vt 0.174386 0.802280
vt 0.312277 0.417481
vt 0.064938 0.417481
vt 0.076358 0.416116
vt 0.304196 0.424133
vt 0.073019 0.424133
vt 0.080787 0.420716
vt 0.188253 0.791878
vt 0.182745 0.800109
vt 0.078619 0.405406
vt 0.089311 0.406408
vt 0.084371 0.413174
vt 0.092625 0.411782
vt 0.199537 0.795805
vt 0.191298 0.801302
vt 0.093268 0.396636
vt 0.103434 0.399173
vt 0.097551 0.405035
vt 0.105941 0.404970
vt 0.208459 0.803752
vt 0.198744 0.805677
vt 0.108535 0.390113
vt 0.118257 0.393748
vt 0.111742 0.398893
vt 0.120134 0.399808
vt 0.213661 0.814508
vt 0.203949 0.812569
vt 0.124198 0.385277
vt 0.133527 0.389749
vt 0.126558 0.394300
vt 0.134890 0.395981
vt 0.214351 0.826436
vt 0.206120 0.820928
vt 0.140117 0.381788
vt 0.149087 0.386931
vt 0.141779 0.390969
vt 0.150012 0.393273
vt 0.210423 0.837720
vt 0.204927 0.829481
vt 0.156200 0.379430
vt 0.164828 0.385133
vt 0.157260 0.388710
vt 0.165365 0.391541
vt 0.202477 0.846642
vt 0.200551 0.836927
vt 0.172380 0.378065
vt 0.180670 0.384257
vt 0.172896 0.387400
vt 0.180845 0.390696
vt 0.191721 0.851844
vt 0.193659 0.842131
vt 0.188606 0.377619
vt 0.196543 0.384257
vt 0.188606 0.386971
vt 0.196367 0.390697
vt 0.179793 0.852534
vt 0.185301 0.844302
vt 0.204833 0.378065
vt 0.212385 0.385133
vt 0.204316 0.387400
vt 0.211848 0.391541
vt 0.168509 0.848606
vt 0.176747 0.843109
vt 0.221013 0.379430
vt 0.228126 0.386931
vt 0.219953 0.388710
vt 0.227201 0.393273
vt 0.159587 0.840659
vt 0.169302 0.838734
vt 0.237096 0.381788
vt 0.243686 0.389750
vt 0.235434 0.390969
vt 0.242324 0.395981
vt 0.154385 0.829903
vt 0.164097 0.831842
vt 0.253016 0.385277
vt 0.258957 0.393748
vt 0.250655 0.394300
vt 0.257080 0.399808
vt 0.153695 0.817975
vt 0.161926 0.823483
vt 0.268678 0.390113
vt 0.273780 0.399173
vt 0.265472 0.398893
vt 0.271273 0.404970
vt 0.157622 0.806691
vt 0.163119 0.814930
vt 0.283946 0.396636
vt 0.279663 0.405035
vt 0.167495 0.807484
vt 0.323244 0.327359
vt 0.315444 0.398764
vt 0.300509 0.321623
vt 0.061770 0.398765
vt 0.078623 0.388129
vt 0.095464 0.380266
vt 0.112346 0.374433
vt 0.129264 0.370168
vt 0.146206 0.367181
vt 0.163161 0.365282
vt 0.180124 0.364359
vt 0.197089 0.364359
vt 0.214051 0.365282
vt 0.231007 0.367180
vt 0.247950 0.370168
vt 0.264868 0.374432
vt 0.298591 0.388129
vt 0.347525 0.334651
vt 0.281750 0.380266
vt 0.029689 0.334653
vt 0.053970 0.327360
vt 0.076705 0.321624
vt 0.098313 0.317215
vt 0.119109 0.313928
vt 0.139336 0.311598
vt 0.159187 0.310108
vt 0.178823 0.309381
vt 0.198389 0.309381
vt 0.218026 0.310108
vt 0.237876 0.311597
vt 0.258104 0.313927
vt 0.278900 0.317214
vt 0.319998 0.369816
vt 0.341278 0.381104
vt 0.035936 0.381105
vt 0.280598 0.354718
vt 0.261752 0.349886
vt 0.243226 0.346404
vt 0.224912 0.344053
vt 0.206728 0.342695
vt 0.188606 0.342251
vt 0.170485 0.342695
vt 0.152301 0.344053
vt 0.133987 0.346404
vt 0.115461 0.349887
vt 0.096615 0.354718
vt 0.077288 0.361213
vt 0.057216 0.369817
vt 0.299925 0.361213
vt 0.196833 0.017566
vt 0.213111 0.008573
vt 0.084862 0.016118
vt 0.099780 0.007458
vt 0.229392 0.008230
vt 0.115591 0.007482
vt 0.245578 0.007817
vt 0.131628 0.007819
vt 0.261615 0.007478
vt 0.147814 0.008232
vt 0.277427 0.007454
vt 0.164094 0.008574
vt 0.292345 0.016114
vt 0.307917 0.009998
vt 0.180427 0.008763
vt 0.069290 0.010002
vt 0.077220 0.012623
vt 0.188603 0.012949
vt 0.314229 0.015361
vt 0.062979 0.015366
vt 0.172208 0.012848
vt 0.285053 0.011572
vt 0.299988 0.012619
vt 0.155857 0.012560
vt 0.269567 0.011412
vt 0.139599 0.012142
vt 0.253709 0.011697
vt 0.123498 0.011700
vt 0.237607 0.012139
vt 0.107640 0.011415
vt 0.221349 0.012558
vt 0.092154 0.011576
vt 0.204998 0.012847
vt 0.903941 0.019287
vt 0.903935 0.364955
vt 0.900642 0.334280
vt 0.898295 0.308431
vt 0.896482 0.285190
vt 0.895080 0.263444
vt 0.894047 0.242576
vt 0.893366 0.222217
vt 0.893028 0.202123
vt 0.893028 0.182113
vt 0.893367 0.162019
vt 0.894049 0.141661
vt 0.895082 0.120793
vt 0.896485 0.099047
vt 0.898299 0.075808
vt 0.900647 0.049960
vt 0.867146 0.020237
vt 0.867138 0.364003
vt 0.870728 0.334524
vt 0.871924 0.309188
vt 0.872096 0.286081
vt 0.871858 0.264264
vt 0.871514 0.243216
vt 0.871220 0.222619
vt 0.871057 0.202260
vt 0.871057 0.181975
vt 0.871222 0.161616
vt 0.871516 0.141020
vt 0.871862 0.119973
vt 0.872101 0.098156
vt 0.871929 0.075050
vt 0.870734 0.049715
vt 0.882206 0.232664
vt 0.881842 0.212309
vt 0.885071 0.034779
vt 0.883950 0.000000
vt 0.883943 0.384242
vt 0.882786 0.130850
vt 0.883521 0.109479
vt 0.883518 0.274759
vt 0.882783 0.253386
vt 0.881843 0.171927
vt 0.882208 0.151571
vt 0.884952 0.062617
vt 0.884947 0.321622
vt 0.884305 0.297238
vt 0.881719 0.192118
vt 0.884309 0.087000
vt 0.885065 0.349462
vt 0.836200 0.029780
vt 0.836191 0.354459
vt 0.843259 0.330409
vt 0.846579 0.307506
vt 0.848063 0.285534
vt 0.848645 0.264219
vt 0.848808 0.243345
vt 0.848809 0.222751
vt 0.848781 0.202312
vt 0.848782 0.181922
vt 0.848811 0.161483
vt 0.848810 0.140889
vt 0.848649 0.120016
vt 0.848068 0.098702
vt 0.846585 0.076731
vt 0.843266 0.053829
vt 0.860904 0.130466
vt 0.860875 0.109186
vt 0.860871 0.275050
vt 0.860901 0.253770
vt 0.860389 0.087099
vt 0.860775 0.232985
vt 0.858857 0.063701
vt 0.860651 0.212485
vt 0.855047 0.038132
vt 0.845964 0.008882
vt 0.845955 0.375358
vt 0.860602 0.192117
vt 0.855039 0.346107
vt 0.860652 0.171749
vt 0.858851 0.320537
vt 0.860778 0.151250
vt 0.860384 0.297138
vt 0.757850 0.046697
vt 0.757836 0.337537
vt 0.754898 0.320536
vt 0.753237 0.302104
vt 0.752301 0.282807
vt 0.751772 0.262996
vt 0.751474 0.242893
vt 0.751312 0.222631
vt 0.751241 0.202293
vt 0.751242 0.181932
vt 0.751316 0.161595
vt 0.751480 0.141334
vt 0.751781 0.121232
vt 0.752311 0.101423
vt 0.753249 0.082127
vt 0.754911 0.063696
vt 0.760307 0.272764
vt 0.760042 0.252866
vt 0.760316 0.111465
vt 0.760786 0.092021
vt 0.759891 0.232718
vt 0.761635 0.073363
vt 0.759812 0.212442
vt 0.763185 0.056019
vt 0.765932 0.040870
vt 0.765918 0.343365
vt 0.759789 0.192113
vt 0.763172 0.328215
vt 0.759815 0.171784
vt 0.761623 0.310869
vt 0.759896 0.151509
vt 0.760776 0.292209
vt 0.760049 0.131362
vt 0.733719 0.171678
vt 0.744800 0.151390
vt 0.737657 0.313248
vt 0.746399 0.292883
vt 0.745070 0.131145
vt 0.745545 0.273144
vt 0.745555 0.111083
vt 0.745063 0.253081
vt 0.746410 0.091346
vt 0.744794 0.232835
vt 0.747913 0.072166
vt 0.744659 0.212494
vt 0.740802 0.051860
vt 0.755169 0.347145
vt 0.755183 0.037090
vt 0.744619 0.192112
vt 0.750526 0.330338
vt 0.800275 0.037114
vt 0.800264 0.347123
vt 0.810617 0.041588
vt 0.806150 0.052821
vt 0.799263 0.046033
vt 0.793110 0.040333
vt 0.793099 0.343903
vt 0.796980 0.055018
vt 0.779301 0.048308
vt 0.806140 0.331415
vt 0.810607 0.342649
vt 0.799252 0.338204
vt 0.796969 0.329217
vt 0.779289 0.335928
vt 0.809783 0.313079
vt 0.816381 0.324200
vt 0.803239 0.321510
vt 0.799576 0.311749
vt 0.779749 0.319824
vt 0.811849 0.293536
vt 0.819610 0.304368
vt 0.805668 0.302858
vt 0.801135 0.292792
vt 0.780148 0.301791
vt 0.812942 0.273465
vt 0.821313 0.284042
vt 0.807029 0.283249
vt 0.801992 0.273079
vt 0.780405 0.282648
vt 0.813476 0.253185
vt 0.822150 0.263581
vt 0.807737 0.263195
vt 0.802426 0.253001
vt 0.780538 0.262895
vt 0.813713 0.232837
vt 0.822526 0.243119
vt 0.808074 0.242950
vt 0.802624 0.232759
vt 0.780590 0.242820
vt 0.813803 0.212475
vt 0.822673 0.222694
vt 0.808217 0.222631
vt 0.802703 0.212448
vt 0.780603 0.222585
vt 0.813826 0.192116
vt 0.822719 0.202305
vt 0.808267 0.202289
vt 0.802723 0.192115
vt 0.780602 0.202278
vt 0.813805 0.171756
vt 0.822720 0.181928
vt 0.808267 0.181942
vt 0.802705 0.171782
vt 0.780603 0.181951
vt 0.813716 0.151395
vt 0.822675 0.161538
vt 0.808220 0.161601
vt 0.802628 0.151472
vt 0.780606 0.161644
vt 0.813481 0.131047
vt 0.822530 0.141114
vt 0.808078 0.141282
vt 0.802431 0.131230
vt 0.780595 0.141409
vt 0.812948 0.110768
vt 0.822155 0.120653
vt 0.807742 0.121037
vt 0.801998 0.111153
vt 0.780545 0.121336
vt 0.811856 0.090699
vt 0.821319 0.100193
vt 0.807036 0.100985
vt 0.801142 0.091441
vt 0.780413 0.101584
vt 0.809792 0.071156
vt 0.819618 0.079868
vt 0.805676 0.081376
vt 0.799585 0.072486
vt 0.780158 0.082442
vt 0.816389 0.060036
vt 0.803248 0.062725
vt 0.779760 0.064410
vt 0.816521 0.357860
vt 0.816531 0.026378
vt 0.825965 0.046520
vt 0.825956 0.337717
vt 0.830920 0.067688
vt 0.830913 0.316548
vt 0.833419 0.295343
vt 0.834615 0.274345
vt 0.835131 0.253573
vt 0.835318 0.232985
vt 0.835368 0.212520
vt 0.835375 0.192116
vt 0.835369 0.171714
vt 0.835321 0.151249
vt 0.835135 0.130661
vt 0.834620 0.109890
vt 0.833426 0.088892
vt 0.980872 0.064978
vt 0.978625 0.050666
vt 0.993519 0.048473
vt 0.993518 0.335770
vt 0.990177 0.059307
vt 0.988534 0.069713
vt 0.125018 0.792749
vt 1.000000 0.055265
vt 1.000000 0.328978
vt 0.138661 0.799340
vt 0.127470 0.805072
vt 0.978624 0.333577
vt 0.980871 0.319264
vt 0.990176 0.324935
vt 0.988534 0.314529
vt 0.148722 0.810648
vt 0.136199 0.811662
vt 0.967746 0.314500
vt 0.972162 0.301544
vt 0.980025 0.308546
vt 0.980318 0.298205
vt 0.153695 0.824944
vt 0.141737 0.821091
vt 0.960371 0.295253
vt 0.966106 0.283377
vt 0.972882 0.291130
vt 0.974467 0.281030
vt 0.152821 0.840055
vt 0.143246 0.831920
vt 0.955324 0.276148
vt 0.961903 0.265091
vt 0.967870 0.273293
vt 0.970345 0.263460
vt 0.146230 0.853682
vt 0.140498 0.842502
vt 0.951873 0.257245
vt 0.959033 0.246805
vt 0.964391 0.255299
vt 0.967504 0.245709
vt 0.134927 0.863749
vt 0.133909 0.851227
vt 0.949574 0.238516
vt 0.957172 0.228550
vt 0.962054 0.237254
vt 0.965651 0.227874
vt 0.120631 0.868725
vt 0.124483 0.856767
vt 0.948163 0.219909
vt 0.956123 0.210326
vt 0.960613 0.219199
vt 0.964604 0.210003
vt 0.105520 0.867852
vt 0.113654 0.858278
vt 0.947490 0.201374
vt 0.955784 0.192118
vt 0.959925 0.201145
vt 0.964265 0.192118
vt 0.091892 0.861262
vt 0.103072 0.855529
vt 0.947490 0.182863
vt 0.956123 0.173911
vt 0.959924 0.183092
vt 0.964603 0.174234
vt 0.081824 0.849959
vt 0.094346 0.848941
vt 0.948163 0.164328
vt 0.957171 0.155687
vt 0.960613 0.165038
vt 0.965650 0.156364
vt 0.076848 0.835664
vt 0.088807 0.839515
vt 0.949574 0.145722
vt 0.959033 0.137433
vt 0.962054 0.146984
vt 0.967504 0.138530
vt 0.077721 0.820552
vt 0.087296 0.828686
vt 0.951873 0.126993
vt 0.961903 0.119148
vt 0.964391 0.128940
vt 0.970344 0.120779
vt 0.084310 0.806925
vt 0.090043 0.818104
vt 0.955324 0.108091
vt 0.966107 0.100863
vt 0.967870 0.110947
vt 0.974467 0.103210
vt 0.095612 0.796856
vt 0.096632 0.809378
vt 0.960372 0.088987
vt 0.972163 0.082696
vt 0.972883 0.093111
vt 0.980318 0.086036
vt 0.109907 0.791879
vt 0.106057 0.803838
vt 0.967747 0.069742
vt 0.980025 0.075695
vt 0.116886 0.802325
vt 0.919529 0.038408
vt 0.970670 0.029126
vt 0.970668 0.355118
vt 0.914289 0.065252
vt 0.957219 0.332277
vt 0.948520 0.310342
vt 0.942759 0.289389
vt 0.938867 0.269200
vt 0.936244 0.249543
vt 0.934551 0.230233
vt 0.933599 0.211128
vt 0.933291 0.192118
vt 0.933599 0.173109
vt 0.934551 0.154004
vt 0.936245 0.134695
vt 0.938868 0.115039
vt 0.942760 0.094851
vt 0.957221 0.051965
vt 0.928442 0.377932
vt 0.928447 0.006311
vt 0.948522 0.073899
vt 0.919525 0.345834
vt 0.914286 0.318988
vt 0.910817 0.295183
vt 0.908391 0.273162
vt 0.906685 0.252207
vt 0.905543 0.231886
vt 0.904883 0.211921
vt 0.904668 0.192118
vt 0.904884 0.172315
vt 0.905544 0.152351
vt 0.906687 0.132030
vt 0.908393 0.111076
vt 0.910820 0.089056
vt 0.943346 0.030385
vt 0.943342 0.353858
vt 0.928057 0.080242
vt 0.924130 0.102157
vt 0.921456 0.122980
vt 0.919662 0.143125
vt 0.918550 0.162864
vt 0.918016 0.182389
vt 0.918016 0.201847
vt 0.918549 0.221373
vt 0.919661 0.241113
vt 0.921455 0.261258
vt 0.924129 0.282082
vt 0.928055 0.303998
vt 0.933961 0.327633
vt 0.933964 0.056608
vt 0.744662 0.171731
vt 0.733886 0.151272
vt 0.747900 0.312066
vt 0.735839 0.293562
vt 0.734215 0.130926
vt 0.734797 0.273531
vt 0.734808 0.110695
vt 0.734207 0.253299
vt 0.735852 0.090666
vt 0.733880 0.232952
vt 0.737671 0.070983
vt 0.733716 0.212545
vt 0.750540 0.053895
vt 0.746119 0.033264
vt 0.746104 0.350971
vt 0.733667 0.192111
vt 0.740787 0.332373
vt 0.743819 0.322115
vt 0.738868 0.181906
vt 0.747653 0.340335
vt 0.738866 0.202318
vt 0.743833 0.062117
vt 0.747668 0.043899
vt 0.738962 0.222713
vt 0.741607 0.081223
vt 0.739181 0.243054
vt 0.740328 0.100908
vt 0.739590 0.263287
vt 0.739599 0.120940
vt 0.740317 0.283320
vt 0.739188 0.141171
vt 0.741594 0.303007
vt 0.738966 0.161511
vt 0.526913 0.621150
vt 0.538556 0.553859
vt 0.545670 0.530214
vt 0.555124 0.505132
vt 0.568137 0.477519
vt 0.568136 0.830648
vt 0.555124 0.803034
vt 0.545670 0.777952
vt 0.538556 0.754308
vt 0.533226 0.731480
vt 0.529397 0.709118
vt 0.526913 0.687017
vt 0.525689 0.665048
vt 0.525689 0.643119
vt 0.523407 0.813718
vt 0.533226 0.576687
vt 0.529397 0.599049
vt 0.478618 0.690522
vt 0.503003 0.595615
vt 0.500768 0.689050
vt 0.531354 0.463219
vt 0.506374 0.736390
vt 0.500768 0.619116
vt 0.516581 0.521858
vt 0.516580 0.786308
vt 0.499655 0.665721
vt 0.506374 0.571776
vt 0.531353 0.844947
vt 0.503003 0.712552
vt 0.523408 0.494448
vt 0.510897 0.760824
vt 0.499655 0.642445
vt 0.510897 0.547342
vt 0.430345 0.719440
vt 0.500162 0.458745
vt 0.477604 0.666212
vt 0.500161 0.849422
vt 0.477604 0.641954
vt 0.496604 0.818969
vt 0.480631 0.593169
vt 0.478618 0.617644
vt 0.491950 0.791285
vt 0.483605 0.568382
vt 0.487449 0.765097
vt 0.487449 0.543069
vt 0.483605 0.739784
vt 0.491950 0.516882
vt 0.480631 0.714997
vt 0.496605 0.489197
vt 0.467667 0.566318
vt 0.442681 0.483014
vt 0.428670 0.693246
vt 0.445442 0.457908
vt 0.427816 0.667129
vt 0.445441 0.850257
vt 0.427816 0.641037
vt 0.442681 0.825152
vt 0.439240 0.798800
vt 0.432767 0.562406
vt 0.435806 0.535933
vt 0.435806 0.772233
vt 0.428670 0.614921
vt 0.432767 0.745760
vt 0.439240 0.509366
vt 0.434004 0.456419
vt 0.463046 0.616718
vt 0.475048 0.793973
vt 0.430345 0.588726
vt 0.471139 0.767597
vt 0.471139 0.540570
vt 0.467667 0.741848
vt 0.475048 0.514193
vt 0.464925 0.716517
vt 0.478738 0.486902
vt 0.463046 0.691448
vt 0.480640 0.458325
vt 0.462094 0.666523
vt 0.480639 0.849840
vt 0.462094 0.641644
vt 0.478738 0.821264
vt 0.392811 0.749757
vt 0.415013 0.667335
vt 0.434003 0.851747
vt 0.415013 0.640831
vt 0.430059 0.826876
vt 0.417478 0.587735
vt 0.415846 0.614310
vt 0.426299 0.800539
vt 0.419843 0.561080
vt 0.422834 0.773820
vt 0.422834 0.534345
vt 0.419844 0.747086
vt 0.426299 0.507627
vt 0.417479 0.720431
vt 0.430059 0.481289
vt 0.415846 0.693857
vt 0.399414 0.503807
vt 0.390491 0.722414
vt 0.403821 0.476809
vt 0.388896 0.695078
vt 0.409634 0.450477
vt 0.388083 0.667748
vt 0.409634 0.857688
vt 0.388083 0.640419
vt 0.403821 0.831356
vt 0.390490 0.585752
vt 0.388895 0.613088
vt 0.399415 0.804358
vt 0.392810 0.558408
vt 0.395793 0.777094
vt 0.395793 0.531072
vt 0.454254 0.590695
vt 0.443651 0.589797
vt 0.456869 0.565036
vt 0.446165 0.563835
vt 0.460152 0.539045
vt 0.449311 0.537626
vt 0.463799 0.512611
vt 0.452808 0.511148
vt 0.467162 0.485683
vt 0.456090 0.484546
vt 0.468766 0.458469
vt 0.457952 0.458494
vt 0.468765 0.849697
vt 0.457951 0.849671
vt 0.467162 0.822483
vt 0.456089 0.823619
vt 0.463799 0.795555
vt 0.452808 0.797018
vt 0.460151 0.769121
vt 0.449311 0.770540
vt 0.456869 0.743131
vt 0.446165 0.744331
vt 0.454254 0.717471
vt 0.443651 0.718370
vt 0.452453 0.692033
vt 0.441914 0.692586
vt 0.451537 0.666720
vt 0.441029 0.666906
vt 0.451537 0.641447
vt 0.441029 0.641260
vt 0.452453 0.616133
vt 0.441914 0.615580
vt 0.464925 0.591650
vt 0.583699 0.607889
vt 0.592370 0.609438
vt 0.000000 0.828082
vt 0.587697 0.589635
vt 0.596243 0.591899
vt 0.003774 0.813548
vt 0.593323 0.571659
vt 0.601665 0.574752
vt 0.012823 0.801564
vt 0.600898 0.554149
vt 0.608897 0.558244
vt 0.025769 0.793954
vt 0.610907 0.537454
vt 0.618310 0.542799
vt 0.040640 0.791877
vt 0.624081 0.522253
vt 0.630383 0.529212
vt 0.055175 0.795648
vt 0.624081 0.785914
vt 0.630383 0.778955
vt 0.067169 0.804704
vt 0.610907 0.770713
vt 0.618310 0.765368
vt 0.074774 0.817652
vt 0.600898 0.754018
vt 0.608897 0.749923
vt 0.076847 0.832525
vt 0.593323 0.736508
vt 0.601665 0.733414
vt 0.073071 0.847059
vt 0.587697 0.718531
vt 0.596243 0.716267
vt 0.064022 0.859042
vt 0.583700 0.700278
vt 0.592370 0.698729
vt 0.051075 0.866650
vt 0.581130 0.681859
vt 0.589873 0.680954
vt 0.036202 0.868725
vt 0.579872 0.663351
vt 0.588648 0.663054
vt 0.021668 0.864951
vt 0.579872 0.644815
vt 0.588648 0.645113
vt 0.009684 0.855901
vt 0.581130 0.626307
vt 0.589872 0.627212
vt 0.002075 0.842955
vt 0.038423 0.830302
vt 0.560493 0.603865
vt 0.564608 0.583729
vt 0.556565 0.644045
vt 0.556565 0.664121
vt 0.557855 0.684202
vt 0.560493 0.704301
vt 0.564608 0.724438
vt 0.570433 0.744642
vt 0.578373 0.764945
vt 0.589128 0.785338
vt 0.603880 0.805619
vt 0.603881 0.502548
vt 0.589128 0.522829
vt 0.578373 0.543222
vt 0.570433 0.563524
vt 0.557855 0.623964
vt 0.410358 0.532833
vt 0.410359 0.775333
vt 0.407382 0.559836
vt 0.413896 0.802266
vt 0.403440 0.613739
vt 0.405048 0.586809
vt 0.417993 0.828807
vt 0.402620 0.640639
vt 0.422991 0.854098
vt 0.402621 0.667528
vt 0.422992 0.454067
vt 0.403440 0.694427
vt 0.417993 0.479358
vt 0.405048 0.721357
vt 0.413896 0.505899
vt 0.407382 0.748330
vt 0.311717 0.324324
vt 0.042043 0.330811
vt 0.065496 0.324326
vt 0.087625 0.319282
vt 0.108795 0.315457
vt 0.129281 0.312667
vt 0.149298 0.310770
vt 0.169023 0.309669
vt 0.188606 0.309308
vt 0.208190 0.309669
vt 0.227914 0.310770
vt 0.247932 0.312666
vt 0.268418 0.315457
vt 0.289588 0.319281
vt 0.146137 0.214244
vt 0.360416 0.338955
vt 0.016798 0.338957
vt 0.335170 0.330809
vt 0.247409 0.132464
vt 0.349045 0.210651
vt 0.252806 0.213959
vt 0.102042 0.213512
vt 0.209743 0.214399
vt 0.322934 0.211912
vt 0.054278 0.211914
vt 0.167468 0.214399
vt 0.275170 0.213511
vt 0.377212 0.209040
vt 0.000000 0.209043
vt 0.124405 0.213960
vt 0.231075 0.214243
vt 0.078774 0.212849
vt 0.188606 0.214448
vt 0.298437 0.212847
vt 0.028167 0.210654
vt 0.109939 0.130019
vt 0.267271 0.130017
vt 0.129801 0.132465
vt 0.287390 0.126495
vt 0.149491 0.134071
vt 0.329046 0.114587
vt 0.307901 0.121536
vt 0.169074 0.134981
vt 0.351318 0.104808
vt 0.025892 0.104812
vt 0.188605 0.135276
vt 0.048164 0.114590
vt 0.208136 0.134981
vt 0.069309 0.121539
vt 0.227719 0.134070
vt 0.089819 0.126497
vt 0.326792 0.068663
vt 0.050417 0.068666
vt 0.122933 0.028020
vt 0.295921 0.084051
vt 0.170313 0.096681
vt 0.188604 0.096971
vt 0.065094 0.077696
vt 0.206896 0.096681
vt 0.081288 0.084054
vt 0.225141 0.095793
vt 0.098369 0.088625
vt 0.243278 0.094243
vt 0.115987 0.091919
vt 0.261222 0.091917
vt 0.133931 0.094244
vt 0.278840 0.088623
vt 0.152068 0.095794
vt 0.204948 0.008680
vt 0.254274 0.028018
vt 0.139037 0.028749
vt 0.269928 0.027287
vt 0.155424 0.029344
vt 0.298778 0.026771
vt 0.284885 0.026762
vt 0.171975 0.029727
vt 0.310992 0.027780
vt 0.066216 0.027783
vt 0.188603 0.029859
vt 0.078429 0.026774
vt 0.205231 0.029727
vt 0.092323 0.026766
vt 0.221783 0.029342
vt 0.107280 0.027289
vt 0.238170 0.028747
vt 0.091999 0.007664
vt 0.221260 0.008407
vt 0.107655 0.007401
vt 0.237498 0.008015
vt 0.123590 0.007619
vt 0.253617 0.007617
vt 0.139708 0.008018
vt 0.269552 0.007398
vt 0.155946 0.008409
vt 0.300453 0.008854
vt 0.285208 0.007660
vt 0.172257 0.008681
vt 0.061798 0.011701
vt 0.315410 0.011697
vt 0.188603 0.008778
vt 0.076755 0.008858
vt 0.304542 0.060946
vt 0.302079 0.053747
vt 0.316403 0.055265
vt 0.060806 0.055269
vt 0.313460 0.049704
vt 0.063749 0.049707
vt 0.072666 0.060949
vt 0.075129 0.053751
vt 0.086876 0.065407
vt 0.088839 0.057194
vt 0.102497 0.068838
vt 0.104026 0.059988
vt 0.118994 0.071432
vt 0.120151 0.062183
vt 0.136034 0.073331
vt 0.136866 0.063835
vt 0.153404 0.074630
vt 0.153943 0.064987
vt 0.170962 0.075387
vt 0.171227 0.065666
vt 0.188604 0.075636
vt 0.188604 0.065891
vt 0.206246 0.075387
vt 0.205981 0.065666
vt 0.223804 0.074629
vt 0.223264 0.064985
vt 0.241174 0.073330
vt 0.240342 0.063833
vt 0.258214 0.071430
vt 0.257057 0.062181
vt 0.274711 0.068835
vt 0.273183 0.059985
vt 0.290333 0.065404
vt 0.288370 0.057190
vt 0.312115 0.077693
vt 0.294553 0.410900
vt 0.290608 0.416133
vt 0.170797 0.794857
vt 0.070630 0.422318
vt 0.306585 0.422318
vt 0.301145 0.426387
vt 0.076070 0.426387
vt 0.182269 0.791878
vt 0.082661 0.410900
vt 0.086606 0.416133
vt 0.194009 0.793515
vt 0.096271 0.402539
vt 0.099241 0.408333
vt 0.204228 0.799520
vt 0.110780 0.396265
vt 0.113016 0.402391
vt 0.211371 0.808979
vt 0.125849 0.391587
vt 0.127501 0.397926
vt 0.214351 0.820452
vt 0.141279 0.388201
vt 0.142445 0.394678
vt 0.212713 0.832191
vt 0.156941 0.385908
vt 0.157685 0.392471
vt 0.206708 0.842411
vt 0.172741 0.384579
vt 0.173104 0.391190
vt 0.197249 0.849554
vt 0.188606 0.384143
vt 0.188606 0.390770
vt 0.185777 0.852534
vt 0.204472 0.384579
vt 0.204109 0.391190
vt 0.174037 0.850896
vt 0.220272 0.385908
vt 0.219528 0.392471
vt 0.163818 0.844891
vt 0.235934 0.388201
vt 0.234768 0.394679
vt 0.156675 0.835432
vt 0.251364 0.391587
vt 0.249712 0.397926
vt 0.153695 0.823959
vt 0.266433 0.396265
vt 0.264197 0.402391
vt 0.155332 0.812220
vt 0.280943 0.402539
vt 0.277973 0.408333
vt 0.161338 0.802001
vt 0.184023 0.822206
vt 0.306996 0.393064
vt 0.323956 0.405488
vt 0.053258 0.405489
vt 0.273302 0.377158
vt 0.256404 0.372153
vt 0.239475 0.368556
vt 0.222527 0.366130
vt 0.205569 0.364729
vt 0.188606 0.364271
vt 0.171644 0.364729
vt 0.154686 0.366130
vt 0.137738 0.368556
vt 0.120810 0.372153
vt 0.103911 0.377158
vt 0.087054 0.383934
vt 0.070219 0.393064
vt 0.290160 0.383934
vt 0.077675 0.016634
vt 0.188603 0.017541
vt 0.313056 0.019054
vt 0.064152 0.019058
vt 0.172150 0.017433
vt 0.284925 0.015797
vt 0.299533 0.016630
vt 0.155751 0.017125
vt 0.269612 0.015781
vt 0.139468 0.016668
vt 0.253828 0.016161
vt 0.123378 0.016164
vt 0.237739 0.016665
vt 0.107595 0.015785
vt 0.221455 0.017123
vt 0.092282 0.015800
vt 0.205055 0.017432
vt 0.916645 0.052323
vt 0.916641 0.331917
vt 0.912421 0.306799
vt 0.909531 0.284002
vt 0.907492 0.262582
vt 0.906081 0.241986
vt 0.905188 0.221872
vt 0.904753 0.202010
vt 0.904753 0.182226
vt 0.905189 0.162365
vt 0.906083 0.142251
vt 0.907494 0.121655
vt 0.909534 0.100236
vt 0.912425 0.077441
vt 0.881959 0.222466
vt 0.923342 0.361027
vt 0.923346 0.023215
vt 0.860920 0.119905
vt 0.884706 0.018237
vt 0.883106 0.120233
vt 0.883103 0.264004
vt 0.881961 0.161770
vt 0.885095 0.049093
vt 0.884640 0.309222
vt 0.881713 0.202207
vt 0.883890 0.098357
vt 0.884699 0.366004
vt 0.882436 0.242986
vt 0.882438 0.141250
vt 0.883886 0.285880
vt 0.881714 0.182029
vt 0.884644 0.075017
vt 0.885090 0.335147
vt 0.860917 0.264331
vt 0.860710 0.098272
vt 0.860844 0.243330
vt 0.859798 0.075613
vt 0.860706 0.222710
vt 0.851467 0.024127
vt 0.857340 0.051277
vt 0.860614 0.202293
vt 0.851459 0.360112
vt 0.860615 0.181941
vt 0.857333 0.332961
vt 0.860708 0.161525
vt 0.859792 0.308624
vt 0.860847 0.140905
vt 0.860706 0.285965
vt 0.822021 0.348002
vt 0.760077 0.262856
vt 0.828926 0.057078
vt 0.835492 0.202314
vt 0.835493 0.181919
vt 0.828918 0.327159
vt 0.835472 0.161494
vt 0.832482 0.305923
vt 0.835371 0.140975
vt 0.834241 0.284813
vt 0.835049 0.120303
vt 0.835045 0.263931
vt 0.834246 0.099422
vt 0.835368 0.243258
vt 0.832489 0.078313
vt 0.835470 0.222740
vt 0.733771 0.161470
vt 0.760442 0.101671
vt 0.759874 0.242814
vt 0.761079 0.082570
vt 0.759762 0.222591
vt 0.764336 0.048105
vt 0.762236 0.064490
vt 0.759711 0.202281
vt 0.764323 0.336129
vt 0.759712 0.181946
vt 0.762223 0.319743
vt 0.759765 0.161636
vt 0.761067 0.301662
vt 0.759880 0.141414
vt 0.760432 0.282559
vt 0.760085 0.121373
vt 0.736609 0.303456
vt 0.734011 0.141090
vt 0.735231 0.283577
vt 0.734455 0.120794
vt 0.734446 0.263432
vt 0.735243 0.100651
vt 0.734004 0.243135
vt 0.736622 0.080774
vt 0.733767 0.222753
vt 0.743080 0.042564
vt 0.739014 0.061343
vt 0.733664 0.202330
vt 0.743065 0.341670
vt 0.733665 0.181893
vt 0.739000 0.322889
vt 0.803577 0.044514
vt 0.795236 0.047218
vt 0.803567 0.339723
vt 0.795225 0.337018
vt 0.808287 0.322463
vt 0.798489 0.320734
vt 0.811071 0.303405
vt 0.800539 0.302400
vt 0.812596 0.283541
vt 0.801713 0.282999
vt 0.813374 0.263339
vt 0.802334 0.263070
vt 0.813737 0.243014
vt 0.802634 0.242892
vt 0.813888 0.222656
vt 0.802763 0.222608
vt 0.813939 0.202295
vt 0.802807 0.202283
vt 0.813940 0.181936
vt 0.802808 0.181948
vt 0.813890 0.161576
vt 0.802765 0.161623
vt 0.813741 0.141218
vt 0.802638 0.141339
vt 0.813379 0.120893
vt 0.802340 0.121162
vt 0.812603 0.100693
vt 0.801721 0.101234
vt 0.811079 0.080830
vt 0.800547 0.081834
vt 0.808296 0.061773
vt 0.798498 0.063501
vt 0.822031 0.036236
vt 0.986594 0.056529
vt 0.994025 0.062352
vt 0.132023 0.795647
vt 0.986593 0.327713
vt 0.994025 0.321890
vt 0.144017 0.804704
vt 0.976124 0.310481
vt 0.984311 0.306394
vt 0.151621 0.817652
vt 0.968858 0.292483
vt 0.977359 0.289608
vt 0.153694 0.832525
vt 0.963803 0.274235
vt 0.972428 0.272225
vt 0.149919 0.847059
vt 0.960314 0.255943
vt 0.968983 0.254565
vt 0.140870 0.859042
vt 0.957978 0.237673
vt 0.966660 0.236776
vt 0.127923 0.866650
vt 0.956540 0.219435
vt 0.965223 0.218929
vt 0.113050 0.868725
vt 0.955853 0.201221
vt 0.964536 0.201057
vt 0.098516 0.864951
vt 0.955853 0.183016
vt 0.964536 0.183179
vt 0.086532 0.855902
vt 0.956539 0.164802
vt 0.965223 0.165308
vt 0.078923 0.842955
vt 0.957978 0.146565
vt 0.966659 0.147462
vt 0.076848 0.828083
vt 0.960314 0.128295
vt 0.968983 0.129674
vt 0.080621 0.813548
vt 0.963803 0.110004
vt 0.972428 0.112014
vt 0.089670 0.801564
vt 0.968858 0.091758
vt 0.977359 0.094633
vt 0.102616 0.793954
vt 0.976124 0.073760
vt 0.984311 0.077848
vt 0.117488 0.791878
vt 0.115271 0.830302
vt 0.963197 0.040628
vt 0.963195 0.343615
vt 0.945332 0.084484
vt 0.940601 0.105023
vt 0.937398 0.124919
vt 0.935270 0.144382
vt 0.933964 0.163574
vt 0.933341 0.182619
vt 0.933341 0.201618
vt 0.933964 0.220663
vt 0.935270 0.239856
vt 0.937397 0.259320
vt 0.940599 0.279216
vt 0.945330 0.299756
vt 0.952391 0.321178
vt 0.952393 0.063063
vt 0.748984 0.321335
vt 0.744566 0.181919
vt 0.752464 0.338957
vt 0.744565 0.202305
vt 0.748998 0.062897
vt 0.752479 0.045277
vt 0.744650 0.222672
vt 0.747003 0.081672
vt 0.744846 0.242974
vt 0.745865 0.101164
vt 0.745209 0.263142
vt 0.745218 0.121085
vt 0.745854 0.283064
vt 0.744853 0.141252
vt 0.746991 0.302559
vt 0.744654 0.161553
vt 0.164187 0.647596
vt 0.160517 0.663032
vt 0.159546 0.680142
vt 0.161559 0.699175
vt 0.166991 0.720791
vt 0.176646 0.746529
vt 0.192431 0.779889
vt 0.337196 0.610637
vt 0.301782 0.600215
vt 0.274851 0.594670
vt 0.252648 0.592657
vt 0.233531 0.593623
vt 0.216775 0.597239
vt 0.202096 0.603263
vt 0.189423 0.611485
vt 0.178802 0.621720
vt 0.170341 0.633801
vt 0.141877 0.659581
vt 0.147353 0.641434
vt 0.138975 0.679539
vt 0.138622 0.701539
vt 0.140615 0.726215
vt 0.144338 0.755082
vt 0.148052 0.791878
vt 0.342156 0.564921
vt 0.305219 0.566962
vt 0.276116 0.567764
vt 0.251423 0.569626
vt 0.229740 0.573391
vt 0.210471 0.579359
vt 0.193393 0.587588
vt 0.178468 0.598025
vt 0.165752 0.610561
vt 0.155343 0.625070
vt 0.126914 0.655945
vt 0.133718 0.635884
vt 0.122642 0.677787
vt 0.120708 0.701501
vt 0.120572 0.727420
vt 0.120907 0.756330
vt 0.118302 0.789768
vt 0.335454 0.535850
vt 0.302815 0.543614
vt 0.274194 0.547771
vt 0.248603 0.551930
vt 0.225472 0.557525
vt 0.204554 0.565140
vt 0.185790 0.574980
vt 0.169224 0.587066
vt 0.154951 0.601326
vt 0.143082 0.617642
vt 0.074345 0.639676
vt 0.084924 0.613606
vt 0.066725 0.667204
vt 0.061882 0.695750
vt 0.059467 0.724641
vt 0.058880 0.752628
vt 0.059158 0.777258
vt 0.313910 0.479340
vt 0.289526 0.482890
vt 0.261957 0.487817
vt 0.233782 0.494693
vt 0.206324 0.503915
vt 0.180307 0.515726
vt 0.156193 0.530235
vt 0.134336 0.547430
vt 0.115031 0.567199
vt 0.098507 0.589345
vt 0.055669 0.633246
vt 0.067347 0.605092
vt 0.047222 0.662806
vt 0.041918 0.693269
vt 0.039647 0.723910
vt 0.040378 0.753444
vt 0.313713 0.464310
vt 0.044286 0.779395
vt 0.287458 0.464478
vt 0.258156 0.468343
vt 0.228227 0.475349
vt 0.198946 0.485326
vt 0.171047 0.498271
vt 0.145044 0.514192
vt 0.121355 0.533031
vt 0.100334 0.554637
vt 0.082266 0.578764
vt 0.092392 0.645661
vt 0.115677 0.652832
vt 0.105849 0.649904
vt 0.123399 0.631428
vt 0.101814 0.621606
vt 0.114321 0.627367
vt 0.085698 0.671271
vt 0.110506 0.675951
vt 0.099983 0.674087
vt 0.081478 0.698134
vt 0.107625 0.700741
vt 0.096444 0.699757
vt 0.079165 0.725799
vt 0.106388 0.727257
vt 0.094579 0.726730
vt 0.077636 0.753403
vt 0.105316 0.755635
vt 0.092981 0.754649
vt 0.074819 0.779066
vt 0.318129 0.494537
vt 0.101094 0.785774
vt 0.328837 0.519463
vt 0.088809 0.782444
vt 0.323640 0.507839
vt 0.293204 0.501306
vt 0.299707 0.528314
vt 0.296818 0.516277
vt 0.266162 0.507105
vt 0.271830 0.533780
vt 0.269476 0.522192
vt 0.239182 0.513687
vt 0.245821 0.539121
vt 0.243111 0.528225
vt 0.213292 0.522033
vt 0.221771 0.545819
vt 0.218295 0.535710
vt 0.189026 0.532628
vt 0.199732 0.554521
vt 0.195311 0.545265
vt 0.166724 0.545678
vt 0.179785 0.565478
vt 0.174361 0.557140
vt 0.146649 0.561216
vt 0.162048 0.578737
vt 0.155627 0.571383
vt 0.129026 0.579163
vt 0.146656 0.594235
vt 0.139282 0.587931
vt 0.114039 0.599362
vt 0.133739 0.611848
vt 0.125478 0.606649
vt 0.204629 0.657239
vt 0.196458 0.656103
vt 0.200910 0.656786
vt 0.204934 0.663000
vt 0.196199 0.664334
vt 0.200991 0.663710
vt 0.207183 0.668836
vt 0.198367 0.673069
vt 0.203271 0.670900
vt 0.211669 0.674217
vt 0.203474 0.681918
vt 0.208160 0.677872
vt 0.218707 0.678336
vt 0.212291 0.690279
vt 0.216213 0.683867
vt 0.228520 0.679802
vt 0.226080 0.697069
vt 0.228221 0.687507
vt 0.241171 0.675057
vt 0.267034 0.676866
vt 0.246964 0.700324
vt 0.245525 0.686093
vt 0.252749 0.677650
vt 0.243897 0.661823
vt 0.260580 0.656735
vt 0.251464 0.660333
vt 0.240927 0.652355
vt 0.251732 0.644164
vt 0.246006 0.649034
vt 0.235766 0.646041
vt 0.242103 0.636749
vt 0.238833 0.642007
vt 0.229753 0.642444
vt 0.232568 0.633077
vt 0.231186 0.638258
vt 0.223640 0.641128
vt 0.223601 0.632291
vt 0.223729 0.637122
vt 0.217901 0.641720
vt 0.215510 0.633824
vt 0.216876 0.638116
vt 0.212874 0.643904
vt 0.208533 0.637271
vt 0.210926 0.640873
vt 0.208831 0.647398
vt 0.202884 0.642312
vt 0.206127 0.645086
vt 0.206007 0.651935
vt 0.198780 0.648675
vt 0.202710 0.650481
vt 0.180899 0.652677
vt 0.179098 0.664811
vt 0.185093 0.641860
vt 0.180053 0.678176
vt 0.184315 0.692771
vt 0.192816 0.708736
vt 0.207256 0.726388
vt 0.309695 0.653893
vt 0.230889 0.746020
vt 0.286629 0.633587
vt 0.266947 0.622057
vt 0.249854 0.616136
vt 0.234771 0.614190
vt 0.221419 0.615321
vt 0.209710 0.618984
vt 0.199676 0.624807
vt 0.191418 0.632508
vt 0.191658 0.467178
vt 0.161842 0.481148
vt 0.022501 0.690917
vt 0.020397 0.723634
vt 0.133948 0.498380
vt 0.022295 0.755517
vt 0.108442 0.518781
vt 0.316373 0.448748
vt 0.029333 0.784437
vt 0.085739 0.542164
vt 0.286697 0.446284
vt 0.066181 0.568229
vt 0.254892 0.449361
vt 0.050006 0.596595
vt 0.037330 0.626818
vt 0.222884 0.456525
vt 0.028170 0.658429
vt 0.427299 0.309908
vt 0.402637 0.317343
vt 0.699692 0.317344
vt 0.675030 0.309910
vt 0.652660 0.303671
vt 0.632073 0.298600
vt 0.612833 0.294642
vt 0.594566 0.291737
vt 0.576954 0.289831
vt 0.559720 0.288887
vt 0.542610 0.288887
vt 0.525376 0.289830
vt 0.507764 0.291736
vt 0.489497 0.294642
vt 0.470256 0.298599
vt 0.449669 0.303669
vt 0.395934 0.185331
vt 0.420414 0.189441
vt 0.706396 0.185334
vt 0.681917 0.189444
vt 0.659346 0.192309
vt 0.638148 0.194227
vt 0.617933 0.195460
vt 0.598406 0.196215
vt 0.579337 0.196639
vt 0.560528 0.196827
vt 0.541804 0.196827
vt 0.522995 0.196638
vt 0.503925 0.196214
vt 0.484398 0.195459
vt 0.464183 0.194225
vt 0.442984 0.192307
vt 0.418575 0.122492
vt 0.436171 0.130257
vt 0.683756 0.122496
vt 0.666161 0.130260
vt 0.648514 0.135476
vt 0.630832 0.138996
vt 0.613132 0.141344
vt 0.595426 0.142859
vt 0.577721 0.143760
vt 0.560017 0.144179
vt 0.542315 0.144179
vt 0.524612 0.143759
vt 0.506906 0.142858
vt 0.489200 0.141342
vt 0.471500 0.138993
vt 0.453817 0.135473
vt 0.439727 0.058364
vt 0.450809 0.055964
vt 0.662605 0.058371
vt 0.651524 0.055969
vt 0.638609 0.053935
vt 0.624280 0.052324
vt 0.608928 0.051117
vt 0.592870 0.050267
vt 0.576357 0.049727
vt 0.559592 0.049466
vt 0.542746 0.049466
vt 0.525980 0.049726
vt 0.509467 0.050263
vt 0.493408 0.051112
vt 0.478055 0.052319
vt 0.463726 0.053928
vt 0.433542 0.043666
vt 0.445563 0.038034
vt 0.668791 0.043674
vt 0.656770 0.038042
vt 0.642725 0.033630
vt 0.627347 0.030352
vt 0.611105 0.028011
vt 0.594310 0.026422
vt 0.577176 0.025439
vt 0.559858 0.024971
vt 0.542482 0.024970
vt 0.525164 0.025436
vt 0.508029 0.026416
vt 0.491232 0.028005
vt 0.474989 0.030345
vt 0.459610 0.033623
vt 0.441008 0.075820
vt 0.432378 0.099229
vt 0.438226 0.087295
vt 0.445569 0.104968
vt 0.452007 0.076798
vt 0.449818 0.090679
vt 0.661324 0.075825
vt 0.669954 0.099234
vt 0.664106 0.087300
vt 0.650326 0.076803
vt 0.656763 0.104972
vt 0.652515 0.090683
vt 0.637537 0.077524
vt 0.642087 0.108965
vt 0.639100 0.093167
vt 0.623377 0.077992
vt 0.626474 0.111709
vt 0.624431 0.094903
vt 0.608218 0.078271
vt 0.610248 0.113554
vt 0.608896 0.096069
vt 0.592363 0.078424
vt 0.593617 0.114750
vt 0.592772 0.096817
vt 0.576054 0.078500
vt 0.576731 0.115461
vt 0.576271 0.097258
vt 0.559491 0.078530
vt 0.559703 0.115793
vt 0.559558 0.097461
vt 0.542845 0.078530
vt 0.542630 0.115792
vt 0.542777 0.097461
vt 0.526282 0.078498
vt 0.525603 0.115460
vt 0.526064 0.097257
vt 0.509972 0.078421
vt 0.508716 0.114748
vt 0.509562 0.096815
vt 0.494116 0.078268
vt 0.492085 0.113552
vt 0.493438 0.096066
vt 0.478957 0.077988
vt 0.475859 0.111706
vt 0.477902 0.094899
vt 0.464797 0.077519
vt 0.460246 0.108962
vt 0.463233 0.093163
vt 0.517730 0.410590
vt 0.504779 0.407930
vt 0.509925 0.409307
vt 0.518455 0.423076
vt 0.501748 0.424018
vt 0.508552 0.424197
vt 0.583873 0.423076
vt 0.600580 0.424018
vt 0.593777 0.424197
vt 0.584599 0.410590
vt 0.597549 0.407930
vt 0.592404 0.409307
vt 0.582349 0.400505
vt 0.592392 0.395833
vt 0.588456 0.397880
vt 0.578319 0.392560
vt 0.586005 0.386662
vt 0.583017 0.389117
vt 0.573171 0.386491
vt 0.578855 0.379819
vt 0.576657 0.382530
vt 0.567311 0.382100
vt 0.571226 0.374941
vt 0.569718 0.377813
vt 0.561011 0.379246
vt 0.563306 0.371799
vt 0.562423 0.374766
vt 0.554472 0.377841
vt 0.555228 0.370259
vt 0.554938 0.373271
vt 0.547857 0.377841
vt 0.547101 0.370259
vt 0.547391 0.373270
vt 0.541318 0.379246
vt 0.539023 0.371799
vt 0.539905 0.374765
vt 0.535018 0.382100
vt 0.531102 0.374940
vt 0.532611 0.377812
vt 0.529157 0.386491
vt 0.523474 0.379819
vt 0.525672 0.382530
vt 0.524009 0.392559
vt 0.516324 0.386662
vt 0.519311 0.389116
vt 0.519979 0.400505
vt 0.509936 0.395833
vt 0.513873 0.397880
vt 0.473267 0.389416
vt 0.459341 0.406394
vt 0.486156 0.376468
vt 0.642987 0.406394
vt 0.629061 0.389417
vt 0.616173 0.376469
vt 0.603853 0.366671
vt 0.591872 0.359407
vt 0.580108 0.354261
vt 0.568480 0.350964
vt 0.556928 0.349353
vt 0.545401 0.349353
vt 0.533849 0.350964
vt 0.522221 0.354261
vt 0.510457 0.359406
vt 0.498476 0.366671
vt 0.542274 0.010439
vt 0.524515 0.010986
vt 0.661642 0.026686
vt 0.646338 0.020972
vt 0.506871 0.012143
vt 0.629935 0.016887
vt 0.489447 0.014038
vt 0.612891 0.014046
vt 0.472401 0.016879
vt 0.595469 0.012149
vt 0.455997 0.020964
vt 0.577827 0.010991
vt 0.440692 0.026678
vt 0.427313 0.034426
vt 0.560069 0.010440
vt 0.675020 0.034435
vt 0.878628 0.716518
vt 0.907575 0.739701
vt 0.907571 0.510191
vt 0.878623 0.533378
vt 0.859731 0.550692
vt 0.846440 0.565086
vt 0.836826 0.577998
vt 0.829939 0.590146
vt 0.825276 0.601902
vt 0.822567 0.613466
vt 0.821679 0.624953
vt 0.822569 0.636439
vt 0.825279 0.648003
vt 0.829943 0.659758
vt 0.836831 0.671904
vt 0.846446 0.684815
vt 0.859736 0.699207
vt 0.870453 0.769035
vt 0.870443 0.480857
vt 0.854197 0.736244
vt 0.854188 0.513652
vt 0.841038 0.536300
vt 0.830579 0.554313
vt 0.822424 0.569983
vt 0.816301 0.584418
vt 0.812032 0.598199
vt 0.809509 0.611647
vt 0.808674 0.624953
vt 0.809510 0.638260
vt 0.812035 0.651707
vt 0.816306 0.665487
vt 0.822430 0.679921
vt 0.830586 0.695589
vt 0.841046 0.713599
vt 0.830836 0.473579
vt 0.830850 0.776315
vt 0.826942 0.746559
vt 0.826930 0.503338
vt 0.819794 0.526523
vt 0.812466 0.545948
vt 0.805995 0.563260
vt 0.800785 0.579385
vt 0.797001 0.594853
vt 0.794712 0.609978
vt 0.793947 0.624954
vt 0.794714 0.639931
vt 0.797005 0.655055
vt 0.800791 0.670522
vt 0.806003 0.686646
vt 0.812475 0.703955
vt 0.819805 0.723378
vt 0.743830 0.778835
vt 0.743802 0.471066
vt 0.735943 0.765513
vt 0.735915 0.484392
vt 0.727994 0.500576
vt 0.720612 0.518919
vt 0.714163 0.538764
vt 0.708918 0.559608
vt 0.705059 0.581088
vt 0.702703 0.602940
vt 0.701912 0.624964
vt 0.702709 0.646988
vt 0.705071 0.668838
vt 0.708935 0.690313
vt 0.714184 0.711154
vt 0.720635 0.730995
vt 0.728020 0.749333
vt 0.729095 0.457643
vt 0.729128 0.792259
vt 0.716162 0.778880
vt 0.716130 0.471027
vt 0.704394 0.488358
vt 0.694365 0.508360
vt 0.686152 0.530120
vt 0.679767 0.553023
vt 0.675206 0.576653
vt 0.672469 0.600711
vt 0.671560 0.624969
vt 0.672479 0.649226
vt 0.675224 0.673280
vt 0.679790 0.696904
vt 0.686179 0.719802
vt 0.694395 0.741556
vt 0.704426 0.761553
vt 0.763821 0.770509
vt 0.763798 0.479392
vt 0.796221 0.477962
vt 0.796239 0.771935
vt 0.778224 0.769356
vt 0.778204 0.480543
vt 0.796661 0.750860
vt 0.760339 0.755954
vt 0.777241 0.752775
vt 0.760317 0.493949
vt 0.796645 0.499040
vt 0.777222 0.497127
vt 0.755723 0.510556
vt 0.793178 0.519238
vt 0.773863 0.515060
vt 0.750618 0.528445
vt 0.788266 0.538262
vt 0.769360 0.533365
vt 0.745660 0.547113
vt 0.783266 0.556382
vt 0.764712 0.551724
vt 0.741364 0.566256
vt 0.778908 0.573909
vt 0.760590 0.570059
vt 0.738083 0.585687
vt 0.775594 0.591082
vt 0.757411 0.588370
vt 0.736037 0.605285
vt 0.773537 0.608061
vt 0.755421 0.606667
vt 0.735344 0.624959
vt 0.772841 0.624956
vt 0.754746 0.624958
vt 0.736042 0.644634
vt 0.773540 0.641851
vt 0.755425 0.643249
vt 0.738092 0.664230
vt 0.775600 0.658830
vt 0.757418 0.661544
vt 0.741376 0.683660
vt 0.778917 0.676001
vt 0.760600 0.679852
vt 0.745676 0.702800
vt 0.783276 0.693526
vt 0.764725 0.698186
vt 0.750636 0.721465
vt 0.788279 0.711643
vt 0.769375 0.716542
vt 0.755743 0.739350
vt 0.793192 0.730665
vt 0.773880 0.734845
vt 0.887078 0.636457
vt 0.895092 0.651423
vt 0.891345 0.642621
vt 0.893986 0.624950
vt 0.914071 0.642035
vt 0.914072 0.607865
vt 0.904346 0.631171
vt 0.904346 0.618730
vt 0.887077 0.613443
vt 0.895092 0.598476
vt 0.891345 0.607280
vt 0.878763 0.608851
vt 0.880506 0.596212
vt 0.879991 0.603268
vt 0.871222 0.607936
vt 0.869362 0.597818
vt 0.870656 0.603322
vt 0.865003 0.609338
vt 0.860975 0.601582
vt 0.863332 0.605738
vt 0.860215 0.612214
vt 0.854860 0.606603
vt 0.857856 0.609582
vt 0.856841 0.616014
vt 0.850689 0.612371
vt 0.854066 0.614295
vt 0.854840 0.620357
vt 0.848260 0.618565
vt 0.851840 0.619508
vt 0.854177 0.624951
vt 0.847462 0.624951
vt 0.851106 0.624951
vt 0.854840 0.629545
vt 0.848261 0.631338
vt 0.851840 0.630394
vt 0.856842 0.633888
vt 0.850690 0.637531
vt 0.854067 0.635608
vt 0.860216 0.637688
vt 0.854861 0.643299
vt 0.857857 0.640320
vt 0.865004 0.640563
vt 0.860977 0.648320
vt 0.863333 0.644164
vt 0.871223 0.641965
vt 0.869364 0.652082
vt 0.870657 0.646579
vt 0.878764 0.641049
vt 0.880507 0.653688
vt 0.879992 0.646632
vt 0.895220 0.685308
vt 0.925737 0.690095
vt 0.925737 0.559801
vt 0.874772 0.678018
vt 0.895218 0.564589
vt 0.874769 0.571881
vt 0.860548 0.580099
vt 0.850443 0.588741
vt 0.843319 0.597621
vt 0.838553 0.606653
vt 0.835806 0.615779
vt 0.834907 0.624952
vt 0.835807 0.634125
vt 0.838555 0.643250
vt 0.843321 0.652281
vt 0.850446 0.661160
vt 0.860551 0.669802
vt 0.653168 0.650707
vt 0.656150 0.676244
vt 0.689205 0.479062
vt 0.677494 0.500746
vt 0.661148 0.701370
vt 0.668199 0.524115
vt 0.668231 0.725810
vt 0.661120 0.548561
vt 0.677528 0.749173
vt 0.656128 0.573694
vt 0.689241 0.770851
vt 0.653155 0.599237
vt 0.703605 0.789833
vt 0.720623 0.445511
vt 0.720659 0.804390
vt 0.652172 0.624974
vt 0.703569 0.460074
vt 0.162066 0.655130
vt 0.159721 0.671389
vt 0.160207 0.689412
vt 0.163872 0.709621
vt 0.171295 0.733035
vt 0.183674 0.761986
vt 0.318146 0.604760
vt 0.287617 0.597022
vt 0.263329 0.593322
vt 0.242792 0.592837
vt 0.224909 0.595155
vt 0.209210 0.599998
vt 0.195534 0.607141
vt 0.183878 0.616388
vt 0.174323 0.627562
vt 0.166999 0.640512
vt 0.144240 0.650277
vt 0.140043 0.669329
vt 0.138422 0.690274
vt 0.139280 0.713507
vt 0.142252 0.740018
vt 0.146315 0.772161
vt 0.322403 0.566264
vt 0.290009 0.567239
vt 0.263351 0.568418
vt 0.240261 0.571178
vt 0.219817 0.576032
vt 0.201646 0.583139
vt 0.185632 0.592490
vt 0.171792 0.604000
vt 0.160209 0.617548
vt 0.150989 0.633007
vt 0.304591 0.582922
vt 0.276075 0.580822
vt 0.155710 0.644591
vt 0.151107 0.661443
vt 0.197810 0.595355
vt 0.183970 0.604717
vt 0.160002 0.751986
vt 0.169466 0.788285
vt 0.341930 0.586640
vt 0.231842 0.583343
vt 0.213745 0.588189
vt 0.162809 0.629467
vt 0.149898 0.700735
vt 0.153504 0.724149
vt 0.252380 0.580893
vt 0.172271 0.616135
vt 0.149131 0.680070
vt 0.130020 0.645699
vt 0.124494 0.666645
vt 0.121429 0.689394
vt 0.120490 0.714139
vt 0.120828 0.741403
vt 0.120350 0.772299
vt 0.318510 0.540584
vt 0.288052 0.545854
vt 0.261058 0.549753
vt 0.236752 0.554524
vt 0.214750 0.561086
vt 0.194913 0.569801
vt 0.177243 0.580767
vt 0.161813 0.593951
vt 0.148731 0.609251
vt 0.138106 0.626542
vt 0.189436 0.580930
vt 0.173629 0.592252
vt 0.131582 0.756180
vt 0.131326 0.791620
vt 0.339306 0.548433
vt 0.160079 0.605711
vt 0.304324 0.554186
vt 0.148889 0.621188
vt 0.275334 0.556999
vt 0.140161 0.638561
vt 0.133969 0.657742
vt 0.250089 0.560180
vt 0.130319 0.678729
vt 0.227595 0.564965
vt 0.129086 0.701688
vt 0.207425 0.571831
vt 0.129862 0.727114
vt 0.079366 0.626466
vt 0.070276 0.653296
vt 0.064065 0.681388
vt 0.060475 0.710222
vt 0.059046 0.738911
vt 0.059011 0.765728
vt 0.302492 0.480985
vt 0.275995 0.485184
vt 0.247865 0.491054
vt 0.219928 0.499082
vt 0.193132 0.509587
vt 0.168034 0.522742
vt 0.145028 0.538597
vt 0.124431 0.557087
vt 0.106505 0.578058
vt 0.091446 0.601279
vt 0.061011 0.618930
vt 0.050950 0.647854
vt 0.044086 0.677947
vt 0.040311 0.708622
vt 0.039546 0.738929
vt 0.041858 0.767084
vt 0.301168 0.463822
vt 0.272983 0.465911
vt 0.243150 0.471375
vt 0.213421 0.479873
vt 0.184749 0.491336
vt 0.157732 0.505777
vt 0.132829 0.523179
vt 0.110424 0.543436
vt 0.090840 0.566348
vt 0.074321 0.591630
vt 0.049502 0.752856
vt 0.051620 0.777880
vt 0.313354 0.471793
vt 0.127831 0.540203
vt 0.107661 0.560900
vt 0.288294 0.473587
vt 0.090357 0.584045
vt 0.259975 0.477974
vt 0.076093 0.609345
vt 0.064949 0.636460
vt 0.230972 0.484927
vt 0.056896 0.665003
vt 0.202621 0.494545
vt 0.051802 0.694493
vt 0.175667 0.506942
vt 0.049439 0.724211
vt 0.150608 0.522173
vt 0.187894 0.457841
vt 0.166479 0.489754
vt 0.012513 0.689731
vt 0.030071 0.723726
vt 0.139541 0.506335
vt 0.031423 0.754341
vt 0.114950 0.525957
vt 0.314765 0.456736
vt 0.036971 0.781609
vt 0.093093 0.548448
vt 0.286953 0.455488
vt 0.074281 0.573540
vt 0.256486 0.458908
vt 0.041035 0.592178
vt 0.046549 0.630059
vt 0.225558 0.465976
vt 0.037739 0.660634
vt 0.110914 0.651434
vt 0.119258 0.641925
vt 0.119006 0.629478
vt 0.109814 0.638440
vt 0.099757 0.648012
vt 0.108670 0.624785
vt 0.096841 0.633453
vt 0.105396 0.675072
vt 0.112830 0.664188
vt 0.102666 0.661811
vt 0.093500 0.672844
vt 0.088805 0.658306
vt 0.102178 0.700293
vt 0.108854 0.688135
vt 0.098016 0.686748
vt 0.089624 0.699051
vt 0.083395 0.684574
vt 0.100600 0.727030
vt 0.106910 0.713764
vt 0.095426 0.713085
vt 0.087505 0.726320
vt 0.080221 0.711900
vt 0.099199 0.755171
vt 0.106013 0.741177
vt 0.093930 0.740584
vt 0.085845 0.754040
vt 0.078475 0.739673
vt 0.094874 0.784094
vt 0.326211 0.513577
vt 0.103947 0.770477
vt 0.091504 0.768641
vt 0.082144 0.780716
vt 0.320897 0.501521
vt 0.076604 0.766626
vt 0.298300 0.522341
vt 0.314162 0.524657
vt 0.310416 0.512646
vt 0.295108 0.509320
vt 0.306112 0.498233
vt 0.270708 0.528095
vt 0.285529 0.531247
vt 0.283066 0.519399
vt 0.267972 0.515266
vt 0.279766 0.504268
vt 0.244531 0.533807
vt 0.258579 0.536391
vt 0.256124 0.525149
vt 0.241354 0.521595
vt 0.252590 0.510307
vt 0.220110 0.540906
vt 0.233554 0.542294
vt 0.230500 0.531800
vt 0.216059 0.529498
vt 0.226080 0.517689
vt 0.197610 0.550032
vt 0.210510 0.549943
vt 0.206582 0.540270
vt 0.192495 0.539540
vt 0.200964 0.527118
vt 0.177175 0.561440
vt 0.189512 0.559754
vt 0.184601 0.550965
vt 0.170931 0.551957
vt 0.177656 0.538923
vt 0.158952 0.575181
vt 0.170660 0.571861
vt 0.164745 0.564020
vt 0.151587 0.566794
vt 0.156448 0.553213
vt 0.143096 0.591191
vt 0.154084 0.586247
vt 0.147192 0.579423
vt 0.134661 0.583980
vt 0.137584 0.569963
vt 0.129746 0.609343
vt 0.139920 0.602814
vt 0.132108 0.597068
vt 0.120317 0.603373
vt 0.121269 0.589048
vt 0.128286 0.621423
vt 0.119623 0.616800
vt 0.107659 0.610285
vt 0.120821 0.654292
vt 0.128131 0.633495
vt 0.076602 0.669356
vt 0.083762 0.642832
vt 0.093752 0.617813
vt 0.116047 0.676836
vt 0.106637 0.594602
vt 0.138030 0.614522
vt 0.072050 0.697007
vt 0.113574 0.701148
vt 0.069635 0.725209
vt 0.112788 0.727410
vt 0.068474 0.752876
vt 0.112243 0.756051
vt 0.067003 0.777796
vt 0.315660 0.487010
vt 0.108481 0.787649
vt 0.331837 0.526473
vt 0.291260 0.492333
vt 0.301194 0.535095
vt 0.264099 0.497778
vt 0.272975 0.540080
vt 0.236603 0.504546
vt 0.247147 0.544936
vt 0.209986 0.513342
vt 0.223508 0.551157
vt 0.184890 0.524540
vt 0.201974 0.559376
vt 0.161723 0.538303
vt 0.182562 0.569831
vt 0.140795 0.554644
vt 0.165356 0.582560
vt 0.122365 0.573469
vt 0.150471 0.597497
vt 0.199843 0.656637
vt 0.196058 0.660137
vt 0.199849 0.663883
vt 0.200713 0.660188
vt 0.201894 0.656916
vt 0.202040 0.663538
vt 0.206333 0.659982
vt 0.196961 0.668659
vt 0.202116 0.671452
vt 0.201848 0.667289
vt 0.204323 0.670373
vt 0.207586 0.665235
vt 0.200523 0.677508
vt 0.207083 0.678880
vt 0.205371 0.674435
vt 0.209125 0.676924
vt 0.210755 0.670241
vt 0.207366 0.686207
vt 0.215364 0.685439
vt 0.211754 0.681033
vt 0.216942 0.682407
vt 0.216067 0.674364
vt 0.218470 0.693964
vt 0.227885 0.689808
vt 0.221650 0.686077
vt 0.228428 0.685402
vt 0.223655 0.676626
vt 0.235497 0.699297
vt 0.246236 0.689317
vt 0.256045 0.677853
vt 0.236061 0.687634
vt 0.244688 0.683195
vt 0.249756 0.677272
vt 0.233170 0.675421
vt 0.264241 0.665694
vt 0.253685 0.659645
vt 0.252805 0.668059
vt 0.249416 0.660864
vt 0.240290 0.667097
vt 0.256331 0.649698
vt 0.247427 0.647951
vt 0.249032 0.654063
vt 0.244676 0.649980
vt 0.240005 0.657509
vt 0.246945 0.639929
vt 0.239662 0.640786
vt 0.242513 0.645068
vt 0.238046 0.643108
vt 0.236594 0.650363
vt 0.237288 0.634518
vt 0.231553 0.637032
vt 0.235005 0.639785
vt 0.230829 0.639380
vt 0.231697 0.645755
vt 0.227993 0.632372
vt 0.223723 0.635967
vt 0.227398 0.637413
vt 0.223722 0.638185
vt 0.226259 0.643400
vt 0.219433 0.632803
vt 0.216563 0.637085
vt 0.220206 0.637393
vt 0.217157 0.639068
vt 0.220875 0.642978
vt 0.211873 0.635336
vt 0.210359 0.640007
vt 0.213777 0.639308
vt 0.211446 0.641673
vt 0.215952 0.644188
vt 0.205534 0.639615
vt 0.205351 0.644422
vt 0.208377 0.642826
vt 0.206842 0.645698
vt 0.211796 0.646758
vt 0.200631 0.645349
vt 0.201766 0.650055
vt 0.204244 0.647660
vt 0.203580 0.650870
vt 0.208658 0.650427
vt 0.197387 0.652275
vt 0.201607 0.653540
vt 0.206764 0.654931
vt 0.172391 0.650244
vt 0.188702 0.664845
vt 0.177596 0.637843
vt 0.190459 0.675772
vt 0.195443 0.687339
vt 0.204599 0.699265
vt 0.219546 0.711062
vt 0.287561 0.669593
vt 0.242963 0.721725
vt 0.273392 0.648108
vt 0.259417 0.635170
vt 0.246213 0.627974
vt 0.234011 0.624844
vt 0.222943 0.624805
vt 0.213131 0.627246
vt 0.204714 0.631753
vt 0.197853 0.638010
vt 0.189591 0.654774
vt 0.169642 0.664154
vt 0.192736 0.645759
vt 0.169645 0.679566
vt 0.172839 0.696640
vt 0.179954 0.715847
vt 0.192388 0.738244
vt 0.213246 0.765890
vt 0.326592 0.633377
vt 0.296037 0.617055
vt 0.271977 0.608245
vt 0.251894 0.604196
vt 0.234529 0.603691
vt 0.219301 0.606081
vt 0.205985 0.610956
vt 0.194542 0.618025
vt 0.185037 0.627052
vt 0.179694 0.658592
vt 0.179217 0.671347
vt 0.188015 0.636999
vt 0.195327 0.628448
vt 0.204487 0.621657
vt 0.215367 0.616875
vt 0.227895 0.614424
vt 0.242092 0.614747
vt 0.258132 0.618537
vt 0.276432 0.626992
vt 0.297717 0.642380
vt 0.217661 0.735976
vt 0.199161 0.717339
vt 0.187971 0.700575
vt 0.181739 0.685321
vt 0.182728 0.647103
vt 0.195324 0.476292
vt 0.157068 0.472318
vt 0.032249 0.692089
vt 0.010447 0.723613
vt 0.128186 0.490204
vt 0.012786 0.756937
vt 0.101734 0.511396
vt 0.021158 0.787837
vt 0.318463 0.440141
vt 0.078162 0.535688
vt 0.286624 0.436666
vt 0.057842 0.562755
vt 0.253326 0.439531
vt 0.058731 0.600879
vt 0.027870 0.623478
vt 0.220161 0.446838
vt 0.018366 0.656163
vt 0.024848 0.674591
vt 0.207114 0.461383
vt 0.032263 0.642469
vt 0.238823 0.452438
vt 0.057616 0.582129
vt 0.043180 0.611486
vt 0.270884 0.447210
vt 0.075510 0.554854
vt 0.301936 0.446672
vt 0.096682 0.530082
vt 0.025042 0.770504
vt 0.120840 0.508154
vt 0.020755 0.739758
vt 0.147600 0.489316
vt 0.020940 0.707290
vt 0.176521 0.473705
vt 0.415278 0.313481
vt 0.713053 0.321501
vt 0.389276 0.321499
vt 0.687051 0.313483
vt 0.663600 0.306645
vt 0.642179 0.300995
vt 0.622315 0.296488
vt 0.603602 0.293064
vt 0.585698 0.290663
vt 0.568307 0.289242
vt 0.551165 0.288772
vt 0.534023 0.289242
vt 0.516631 0.290663
vt 0.498728 0.293063
vt 0.480015 0.296487
vt 0.460150 0.300994
vt 0.438729 0.306643
vt 0.408437 0.187540
vt 0.719594 0.182714
vt 0.382736 0.182711
vt 0.693894 0.187543
vt 0.670439 0.190992
vt 0.648607 0.193347
vt 0.627940 0.194892
vt 0.608100 0.195863
vt 0.588828 0.196437
vt 0.569911 0.196734
vt 0.551166 0.196826
vt 0.532420 0.196733
vt 0.513503 0.196436
vt 0.494231 0.195862
vt 0.474391 0.194890
vt 0.453723 0.193345
vt 0.431891 0.190989
vt 0.598497 0.242851
vt 0.579315 0.242260
vt 0.417309 0.247169
vt 0.391319 0.248393
vt 0.503833 0.242850
vt 0.484002 0.243693
vt 0.639114 0.244742
vt 0.618328 0.243694
vt 0.541823 0.241957
vt 0.523015 0.242260
vt 0.441122 0.245925
vt 0.685020 0.247170
vt 0.661208 0.245926
vt 0.560508 0.241957
vt 0.463217 0.244740
vt 0.711010 0.248395
vt 0.427387 0.126743
vt 0.692518 0.117230
vt 0.409813 0.117226
vt 0.674945 0.126747
vt 0.657328 0.133100
vt 0.639666 0.137389
vt 0.621977 0.140274
vt 0.604275 0.142174
vt 0.586571 0.143363
vt 0.568868 0.144012
vt 0.551166 0.144218
vt 0.533465 0.144011
vt 0.515762 0.143362
vt 0.498057 0.142172
vt 0.480355 0.140272
vt 0.462666 0.137386
vt 0.445003 0.133097
vt 0.505520 0.163926
vt 0.486983 0.162517
vt 0.634195 0.160322
vt 0.615349 0.162519
vt 0.468136 0.160320
vt 0.596812 0.163928
vt 0.448835 0.157018
vt 0.578477 0.164760
vt 0.428854 0.152144
vt 0.407800 0.145009
vt 0.560257 0.165145
vt 0.694530 0.145012
vt 0.542075 0.165145
vt 0.673477 0.152147
vt 0.523855 0.164759
vt 0.653497 0.157021
vt 0.445003 0.057108
vt 0.667363 0.059645
vt 0.434969 0.059639
vt 0.657330 0.057115
vt 0.645278 0.054872
vt 0.631602 0.053040
vt 0.616715 0.051630
vt 0.600973 0.050603
vt 0.584659 0.049911
vt 0.567996 0.049512
vt 0.551169 0.049381
vt 0.534342 0.049510
vt 0.517678 0.049908
vt 0.501363 0.050599
vt 0.485620 0.051625
vt 0.470733 0.053034
vt 0.457056 0.054865
vt 0.439246 0.040664
vt 0.673739 0.046869
vt 0.428594 0.046862
vt 0.663087 0.040671
vt 0.649954 0.035634
vt 0.635172 0.031801
vt 0.619315 0.029009
vt 0.602764 0.027060
vt 0.585776 0.025786
vt 0.568533 0.025068
vt 0.551170 0.024835
vt 0.533808 0.025065
vt 0.516563 0.025782
vt 0.499574 0.027054
vt 0.483022 0.029003
vt 0.467163 0.031794
vt 0.452380 0.035626
vt 0.625746 0.040246
vt 0.609979 0.038381
vt 0.492358 0.038375
vt 0.476589 0.040240
vt 0.593570 0.037096
vt 0.461785 0.042801
vt 0.576757 0.036294
vt 0.448380 0.046153
vt 0.436930 0.050269
vt 0.559723 0.035909
vt 0.665403 0.050276
vt 0.542617 0.035908
vt 0.653954 0.046160
vt 0.525581 0.036291
vt 0.640550 0.042808
vt 0.508768 0.037091
vt 0.542196 0.005306
vt 0.524804 0.017190
vt 0.663641 0.022444
vt 0.644698 0.026482
vt 0.507387 0.018281
vt 0.628770 0.022716
vt 0.490246 0.020061
vt 0.612092 0.020067
vt 0.473566 0.022708
vt 0.594952 0.018287
vt 0.457637 0.026474
vt 0.577537 0.017194
vt 0.438693 0.022435
vt 0.430235 0.038495
vt 0.559975 0.016674
vt 0.672098 0.038503
vt 0.435977 0.092500
vt 0.438747 0.102389
vt 0.448145 0.096975
vt 0.443748 0.089149
vt 0.439869 0.082104
vt 0.451089 0.084378
vt 0.446248 0.076351
vt 0.666355 0.092505
vt 0.675653 0.095534
vt 0.426678 0.095530
vt 0.668942 0.085289
vt 0.433390 0.085285
vt 0.662464 0.082109
vt 0.436279 0.075286
vt 0.666053 0.075292
vt 0.654188 0.096979
vt 0.663584 0.102393
vt 0.658584 0.089154
vt 0.651244 0.084383
vt 0.656085 0.076356
vt 0.640285 0.100183
vt 0.649567 0.107199
vt 0.645995 0.092091
vt 0.638190 0.086085
vt 0.644135 0.077220
vt 0.625243 0.102408
vt 0.634375 0.110527
vt 0.631896 0.094188
vt 0.623810 0.087270
vt 0.630608 0.077815
vt 0.609432 0.103908
vt 0.618424 0.112793
vt 0.616754 0.095625
vt 0.608490 0.088056
vt 0.615905 0.078185
vt 0.593106 0.104877
vt 0.601974 0.114294
vt 0.600894 0.096571
vt 0.592523 0.088549
vt 0.600363 0.078397
vt 0.576452 0.105452
vt 0.585199 0.115234
vt 0.584558 0.097157
vt 0.576137 0.088834
vt 0.584253 0.078508
vt 0.559615 0.105719
vt 0.568229 0.115748
vt 0.567932 0.097475
vt 0.559516 0.088964
vt 0.567793 0.078560
vt 0.542719 0.105718
vt 0.551167 0.115911
vt 0.551167 0.097575
vt 0.542819 0.088964
vt 0.551168 0.078574
vt 0.525882 0.105451
vt 0.534105 0.115747
vt 0.534403 0.097474
vt 0.526198 0.088833
vt 0.534542 0.078558
vt 0.509228 0.104875
vt 0.517135 0.115232
vt 0.517776 0.097156
vt 0.509812 0.088547
vt 0.518082 0.078506
vt 0.492901 0.103906
vt 0.500359 0.114292
vt 0.501440 0.096569
vt 0.493844 0.088052
vt 0.501972 0.078393
vt 0.477090 0.102406
vt 0.483909 0.112790
vt 0.485580 0.095622
vt 0.478523 0.087267
vt 0.486429 0.078181
vt 0.462047 0.100180
vt 0.467958 0.110524
vt 0.470437 0.094184
vt 0.464143 0.086082
vt 0.471726 0.077811
vt 0.452765 0.107196
vt 0.456337 0.092087
vt 0.458198 0.077216
vt 0.426670 0.108713
vt 0.441629 0.115737
vt 0.661104 0.067514
vt 0.441229 0.067508
vt 0.452164 0.066880
vt 0.675661 0.108717
vt 0.464858 0.066298
vt 0.457532 0.120503
vt 0.650169 0.066885
vt 0.660703 0.115741
vt 0.637476 0.066302
vt 0.644800 0.120506
vt 0.623388 0.065788
vt 0.628320 0.123742
vt 0.608264 0.065363
vt 0.611471 0.125910
vt 0.592415 0.065039
vt 0.594385 0.127313
vt 0.576092 0.064822
vt 0.577151 0.128148
vt 0.559505 0.064713
vt 0.559837 0.128537
vt 0.542832 0.064713
vt 0.542497 0.128537
vt 0.526244 0.064821
vt 0.525182 0.128147
vt 0.509921 0.065036
vt 0.507948 0.127311
vt 0.494071 0.065359
vt 0.490862 0.125908
vt 0.478947 0.065784
vt 0.474013 0.123740
vt 0.509312 0.409168
vt 0.502928 0.415390
vt 0.507756 0.424221
vt 0.508830 0.416240
vt 0.511892 0.409715
vt 0.511091 0.424056
vt 0.521512 0.416248
vt 0.501573 0.434133
vt 0.600755 0.434133
vt 0.594573 0.424221
vt 0.509533 0.433177
vt 0.592796 0.433177
vt 0.591238 0.424056
vt 0.525116 0.428303
vt 0.577213 0.428303
vt 0.599400 0.415390
vt 0.593017 0.409168
vt 0.593499 0.416240
vt 0.590437 0.409716
vt 0.580817 0.416248
vt 0.595150 0.401476
vt 0.588928 0.397653
vt 0.590650 0.403216
vt 0.586936 0.398590
vt 0.580544 0.405950
vt 0.589305 0.390939
vt 0.583377 0.388835
vt 0.585867 0.393203
vt 0.581856 0.390010
vt 0.577950 0.397559
vt 0.582495 0.382989
vt 0.576923 0.382214
vt 0.579917 0.385579
vt 0.575799 0.383539
vt 0.573888 0.390957
vt 0.575080 0.377164
vt 0.569901 0.377475
vt 0.573236 0.379960
vt 0.569127 0.378894
vt 0.568879 0.385992
vt 0.567289 0.373176
vt 0.562531 0.374415
vt 0.566098 0.376098
vt 0.562077 0.375890
vt 0.563268 0.382535
vt 0.559278 0.370848
vt 0.554973 0.372913
vt 0.558693 0.373838
vt 0.554824 0.374414
vt 0.557300 0.380497
vt 0.551165 0.370082
vt 0.547356 0.372913
vt 0.551165 0.373094
vt 0.547505 0.374414
vt 0.551164 0.379824
vt 0.543051 0.370848
vt 0.539798 0.374415
vt 0.543635 0.373838
vt 0.540251 0.375890
vt 0.545029 0.380497
vt 0.535040 0.373176
vt 0.532428 0.377475
vt 0.536230 0.376098
vt 0.533202 0.378894
vt 0.539061 0.382535
vt 0.527248 0.377164
vt 0.525406 0.382214
vt 0.529093 0.379960
vt 0.526530 0.383539
vt 0.533450 0.385992
vt 0.519834 0.382989
vt 0.518951 0.388834
vt 0.522412 0.385579
vt 0.520473 0.390010
vt 0.528441 0.390957
vt 0.513024 0.390939
vt 0.513400 0.397652
vt 0.516462 0.393203
vt 0.515393 0.398590
vt 0.524379 0.397559
vt 0.507179 0.401476
vt 0.511678 0.403216
vt 0.521785 0.405950
vt 0.448506 0.359186
vt 0.485648 0.420609
vt 0.466874 0.348619
vt 0.616680 0.420609
vt 0.609361 0.403084
vt 0.601299 0.390062
vt 0.592701 0.380301
vt 0.583750 0.373082
vt 0.574572 0.367967
vt 0.565258 0.364686
vt 0.555870 0.363083
vt 0.546459 0.363083
vt 0.537071 0.364686
vt 0.527757 0.367967
vt 0.518579 0.373082
vt 0.509628 0.380301
vt 0.492967 0.403084
vt 0.428052 0.372383
vt 0.501030 0.390062
vt 0.674277 0.372384
vt 0.653823 0.359187
vt 0.635455 0.348619
vt 0.618555 0.340362
vt 0.602682 0.334113
vt 0.587512 0.329631
vt 0.572801 0.326737
vt 0.558349 0.325318
vt 0.543981 0.325318
vt 0.529528 0.326737
vt 0.514817 0.329630
vt 0.499647 0.334113
vt 0.483774 0.340361
vt 0.466468 0.397376
vt 0.451674 0.416786
vt 0.650654 0.416787
vt 0.492371 0.371244
vt 0.504503 0.362774
vt 0.516364 0.356610
vt 0.528051 0.352414
vt 0.539633 0.349975
vt 0.551165 0.349174
vt 0.562696 0.349975
vt 0.574278 0.352414
vt 0.585965 0.356610
vt 0.597826 0.362774
vt 0.609957 0.371245
vt 0.622527 0.382530
vt 0.635860 0.397376
vt 0.479802 0.382530
vt 0.542367 0.016673
vt 0.524269 0.005872
vt 0.659401 0.031662
vt 0.647775 0.016331
vt 0.506429 0.007071
vt 0.630943 0.012021
vt 0.488760 0.009042
vt 0.613578 0.009050
vt 0.471393 0.012012
vt 0.595911 0.007078
vt 0.454561 0.016323
vt 0.578073 0.005877
vt 0.442932 0.031654
vt 0.424625 0.030907
vt 0.560148 0.005308
vt 0.677707 0.030915
vt 0.668632 0.030267
vt 0.551172 0.010341
vt 0.421794 0.039118
vt 0.680538 0.039126
vt 0.568957 0.010613
vt 0.448174 0.023569
vt 0.433702 0.030258
vt 0.586668 0.011456
vt 0.464100 0.018719
vt 0.604215 0.012965
vt 0.480865 0.015296
vt 0.621472 0.015304
vt 0.498124 0.012958
vt 0.638236 0.018727
vt 0.515673 0.011451
vt 0.654161 0.023578
vt 0.533386 0.010610
vt 0.891529 0.727135
vt 0.891524 0.522760
vt 0.868385 0.542526
vt 0.852604 0.558139
vt 0.841296 0.571673
vt 0.833120 0.584141
vt 0.827385 0.596060
vt 0.823720 0.607701
vt 0.821931 0.619215
vt 0.821931 0.630691
vt 0.823722 0.642204
vt 0.827389 0.653844
vt 0.833124 0.665762
vt 0.841301 0.678228
vt 0.852609 0.691761
vt 0.868391 0.707372
vt 0.861876 0.750926
vt 0.861867 0.498968
vt 0.847200 0.525681
vt 0.835454 0.545635
vt 0.826190 0.562306
vt 0.819078 0.577276
vt 0.813899 0.591343
vt 0.810512 0.604937
vt 0.808838 0.618304
vt 0.808839 0.631603
vt 0.810515 0.644969
vt 0.813903 0.658562
vt 0.819084 0.672628
vt 0.826196 0.687597
vt 0.835462 0.704266
vt 0.847208 0.724216
vt 0.818615 0.599946
vt 0.815994 0.612508
vt 0.866601 0.727820
vt 0.889698 0.757351
vt 0.889691 0.492540
vt 0.823094 0.662801
vt 0.829615 0.676201
vt 0.829610 0.573702
vt 0.823090 0.587103
vt 0.815996 0.637398
vt 0.818618 0.649960
vt 0.850454 0.707191
vt 0.850447 0.542709
vt 0.838521 0.559233
vt 0.815131 0.624953
vt 0.838527 0.690668
vt 0.866593 0.522076
vt 0.829679 0.760339
vt 0.829665 0.489557
vt 0.823559 0.515583
vt 0.816135 0.536617
vt 0.809166 0.554830
vt 0.803298 0.571457
vt 0.798790 0.587198
vt 0.795749 0.602457
vt 0.794220 0.617479
vt 0.794221 0.632430
vt 0.795752 0.647451
vt 0.798795 0.662709
vt 0.803305 0.678448
vt 0.809174 0.695074
vt 0.816145 0.713285
vt 0.823570 0.734316
vt 0.809350 0.667904
vt 0.815049 0.683197
vt 0.815042 0.566708
vt 0.809345 0.582001
vt 0.822409 0.699763
vt 0.805300 0.596606
vt 0.831360 0.718695
vt 0.802884 0.610856
vt 0.841509 0.742140
vt 0.851112 0.774788
vt 0.851100 0.475105
vt 0.802081 0.624954
vt 0.841498 0.507757
vt 0.802886 0.639052
vt 0.831351 0.531205
vt 0.805303 0.653301
vt 0.822401 0.550139
vt 0.739921 0.772588
vt 0.739894 0.477315
vt 0.731888 0.492148
vt 0.724166 0.509501
vt 0.717201 0.528670
vt 0.711320 0.549072
vt 0.706746 0.570275
vt 0.703626 0.591973
vt 0.702046 0.613939
vt 0.702049 0.635989
vt 0.703635 0.657953
vt 0.706761 0.679648
vt 0.711339 0.700848
vt 0.717223 0.721245
vt 0.724190 0.740410
vt 0.731915 0.757759
vt 0.722508 0.786158
vt 0.722475 0.463746
vt 0.710004 0.479270
vt 0.699083 0.498068
vt 0.689948 0.519042
vt 0.682644 0.541438
vt 0.677167 0.564752
vt 0.673515 0.588634
vt 0.671690 0.612825
vt 0.671695 0.637114
vt 0.673529 0.661301
vt 0.677187 0.685178
vt 0.682669 0.708487
vt 0.689977 0.730878
vt 0.699114 0.751846
vt 0.710037 0.770639
vt 0.698876 0.534180
vt 0.693016 0.556087
vt 0.698900 0.715740
vt 0.706302 0.736527
vt 0.688779 0.578703
vt 0.715101 0.755622
vt 0.686218 0.601738
vt 0.725024 0.772234
vt 0.735471 0.785416
vt 0.735440 0.464486
vt 0.685364 0.624967
vt 0.724994 0.477672
vt 0.686226 0.648194
vt 0.715072 0.494288
vt 0.688794 0.671226
vt 0.706275 0.513389
vt 0.693036 0.693838
vt 0.645906 0.651271
vt 0.664548 0.674930
vt 0.683359 0.475313
vt 0.684953 0.504168
vt 0.669362 0.699385
vt 0.676120 0.526796
vt 0.676149 0.723128
vt 0.669336 0.550545
vt 0.684985 0.745750
vt 0.664528 0.575006
vt 0.695975 0.766629
vt 0.661656 0.599890
vt 0.698717 0.794418
vt 0.724352 0.451242
vt 0.724386 0.798659
vt 0.660705 0.624972
vt 0.709152 0.465124
vt 0.785748 0.770103
vt 0.785729 0.479795
vt 0.797190 0.761309
vt 0.785667 0.751836
vt 0.778152 0.761309
vt 0.771533 0.769412
vt 0.771511 0.480488
vt 0.769469 0.753969
vt 0.762260 0.763550
vt 0.785650 0.498065
vt 0.797173 0.488590
vt 0.778133 0.488591
vt 0.769449 0.495934
vt 0.762238 0.486352
vt 0.782462 0.516924
vt 0.795298 0.509333
vt 0.775841 0.506044
vt 0.765655 0.513155
vt 0.758157 0.502057
vt 0.777918 0.535542
vt 0.790908 0.528927
vt 0.771780 0.524232
vt 0.760987 0.531219
vt 0.753230 0.519390
vt 0.773198 0.553801
vt 0.785843 0.547456
vt 0.767112 0.542582
vt 0.756276 0.549691
vt 0.748130 0.537718
vt 0.769020 0.571782
vt 0.781106 0.565239
vt 0.762668 0.560926
vt 0.752125 0.568376
vt 0.743454 0.556652
vt 0.765808 0.589586
vt 0.777238 0.582556
vt 0.758982 0.579241
vt 0.748930 0.587180
vt 0.739634 0.575955
vt 0.763802 0.607293
vt 0.774536 0.599605
vt 0.756378 0.597534
vt 0.746930 0.606053
vt 0.736953 0.595479
vt 0.763122 0.624957
vt 0.773153 0.616519
vt 0.755036 0.615818
vt 0.746252 0.624959
vt 0.735574 0.615120
vt 0.763805 0.642621
vt 0.773154 0.633393
vt 0.755038 0.634098
vt 0.746934 0.643863
vt 0.735577 0.634799
vt 0.765815 0.660326
vt 0.774541 0.650306
vt 0.756383 0.652380
vt 0.748937 0.662735
vt 0.736959 0.654440
vt 0.769029 0.678129
vt 0.777245 0.667355
vt 0.758991 0.670672
vt 0.752136 0.681538
vt 0.739645 0.673962
vt 0.773209 0.696108
vt 0.781115 0.684669
vt 0.762679 0.688985
vt 0.756290 0.700220
vt 0.743468 0.693262
vt 0.777932 0.714365
vt 0.785854 0.702450
vt 0.767126 0.707327
vt 0.761004 0.718689
vt 0.748147 0.712193
vt 0.782478 0.732980
vt 0.790921 0.720977
vt 0.771796 0.725674
vt 0.765673 0.736750
vt 0.753249 0.730518
vt 0.795313 0.740569
vt 0.775858 0.743859
vt 0.758178 0.747848
vt 0.811672 0.475247
vt 0.811688 0.774649
vt 0.811195 0.749355
vt 0.748476 0.490230
vt 0.753947 0.476426
vt 0.753972 0.773476
vt 0.748500 0.759674
vt 0.811181 0.500543
vt 0.742496 0.743511
vt 0.806473 0.727462
vt 0.742473 0.506397
vt 0.806461 0.522440
vt 0.736449 0.524299
vt 0.800604 0.541849
vt 0.730905 0.543383
vt 0.794994 0.559684
vt 0.726242 0.563239
vt 0.790273 0.576581
vt 0.722738 0.583581
vt 0.786755 0.592939
vt 0.720572 0.604206
vt 0.784597 0.609009
vt 0.719842 0.624962
vt 0.783872 0.624955
vt 0.720577 0.645717
vt 0.784600 0.640901
vt 0.722748 0.666340
vt 0.786760 0.656971
vt 0.726256 0.686679
vt 0.790280 0.673327
vt 0.730923 0.706532
vt 0.795003 0.690222
vt 0.736469 0.725613
vt 0.800615 0.708055
vt 0.892408 0.644627
vt 0.903989 0.647874
vt 0.906881 0.633364
vt 0.906881 0.616536
vt 0.897632 0.638121
vt 0.890286 0.640851
vt 0.901900 0.629333
vt 0.901900 0.620568
vt 0.888038 0.630317
vt 0.903990 0.602026
vt 0.892408 0.605273
vt 0.897632 0.611779
vt 0.890285 0.609049
vt 0.888038 0.619583
vt 0.887325 0.596712
vt 0.880216 0.601600
vt 0.885401 0.604627
vt 0.879728 0.604784
vt 0.881505 0.612993
vt 0.874558 0.596672
vt 0.870409 0.601995
vt 0.875054 0.602939
vt 0.870848 0.604547
vt 0.874538 0.610302
vt 0.864864 0.599504
vt 0.862802 0.604723
vt 0.866750 0.604323
vt 0.863799 0.606682
vt 0.868343 0.610312
vt 0.857662 0.603976
vt 0.857155 0.608850
vt 0.860379 0.607537
vt 0.858493 0.610267
vt 0.863304 0.612112
vt 0.852551 0.609419
vt 0.853262 0.613820
vt 0.855767 0.611866
vt 0.854804 0.614740
vt 0.859525 0.615076
vt 0.849271 0.615432
vt 0.850981 0.619275
vt 0.852774 0.616863
vt 0.852633 0.619728
vt 0.857018 0.618763
vt 0.847666 0.621747
vt 0.850230 0.624951
vt 0.851301 0.622218
vt 0.851916 0.624951
vt 0.855771 0.622847
vt 0.847666 0.628156
vt 0.850982 0.630628
vt 0.851301 0.627685
vt 0.852633 0.630175
vt 0.855771 0.627056
vt 0.849271 0.634471
vt 0.853263 0.636082
vt 0.852774 0.633039
vt 0.854805 0.635162
vt 0.857019 0.631139
vt 0.852552 0.640483
vt 0.857156 0.641052
vt 0.855768 0.638036
vt 0.858494 0.639635
vt 0.859525 0.634826
vt 0.857664 0.645926
vt 0.862803 0.645178
vt 0.860379 0.642365
vt 0.863800 0.643219
vt 0.863304 0.637790
vt 0.864866 0.650397
vt 0.870410 0.647907
vt 0.866751 0.645578
vt 0.870850 0.645354
vt 0.868344 0.639589
vt 0.874559 0.653228
vt 0.880217 0.648300
vt 0.875055 0.646962
vt 0.879729 0.645117
vt 0.874538 0.639598
vt 0.887326 0.653188
vt 0.885402 0.645273
vt 0.881506 0.636908
vt 0.888397 0.702455
vt 0.922994 0.662414
vt 0.922995 0.587484
vt 0.867898 0.689656
vt 0.897458 0.583592
vt 0.879289 0.585194
vt 0.866194 0.589632
vt 0.856702 0.595579
vt 0.849936 0.602376
vt 0.845384 0.609670
vt 0.842752 0.617246
vt 0.841891 0.624952
vt 0.842753 0.632657
vt 0.845385 0.640234
vt 0.849938 0.647527
vt 0.856704 0.654323
vt 0.866197 0.660268
vt 0.897459 0.666307
vt 0.920094 0.532964
vt 0.920096 0.716930
vt 0.879291 0.664706
vt 0.888393 0.547441
vt 0.867894 0.560243
vt 0.853747 0.571885
vt 0.843688 0.582887
vt 0.836573 0.593561
vt 0.831799 0.604078
vt 0.829041 0.614527
vt 0.828138 0.624952
vt 0.829042 0.635377
vt 0.831801 0.645826
vt 0.836576 0.656343
vt 0.843691 0.667015
vt 0.853751 0.678016
vt 0.908926 0.688200
vt 0.908925 0.561697
vt 0.867060 0.673985
vt 0.855082 0.665520
vt 0.846568 0.656744
vt 0.840678 0.647780
vt 0.836950 0.638696
vt 0.835140 0.629541
vt 0.835139 0.620363
vt 0.836949 0.611208
vt 0.840676 0.602123
vt 0.846565 0.593159
vt 0.855078 0.584382
vt 0.867057 0.575914
vt 0.884049 0.568058
vt 0.884052 0.681841
vt 0.661668 0.650051
vt 0.648970 0.677376
vt 0.695941 0.483283
vt 0.671064 0.497747
vt 0.654116 0.703085
vt 0.661402 0.521787
vt 0.661435 0.728139
vt 0.654086 0.546848
vt 0.671100 0.752172
vt 0.648946 0.572564
vt 0.683397 0.774600
vt 0.645891 0.598677
vt 0.709187 0.784782
vt 0.717375 0.809767
vt 0.717338 0.440134
vt 0.644882 0.624976
vt 0.698678 0.455489
vt 0.696015 0.469151
vt 0.652385 0.637854
vt 0.711751 0.452110
vt 0.652378 0.612093
vt 0.696052 0.780759
vt 0.711787 0.797794
vt 0.654355 0.586425
vt 0.683038 0.760275
vt 0.658333 0.561056
vt 0.672559 0.737662
vt 0.664358 0.536226
vt 0.664388 0.713702
vt 0.672526 0.512259
vt 0.658358 0.688879
vt 0.683002 0.489641
vt 0.654373 0.663516
vt 0.174732 0.643866
vt 0.170846 0.687881
vt 0.175885 0.705934
vt 0.185424 0.726553
vt 0.201499 0.751240
vt 0.310293 0.624043
vt 0.283405 0.611988
vt 0.261550 0.605763
vt 0.242931 0.603587
vt 0.226681 0.604588
vt 0.212426 0.608259
vt 0.200047 0.614260
vt 0.189565 0.622330
vt 0.181076 0.632257
vt 0.289819 0.581570
vt 0.169313 0.671675
vt 0.170726 0.657025
vt 0.181248 0.586304
vt 0.152977 0.652814
vt 0.190588 0.599671
vt 0.164436 0.769126
vt 0.222548 0.585353
vt 0.158852 0.636787
vt 0.151274 0.712190
vt 0.263912 0.580474
vt 0.177780 0.610099
vt 0.149673 0.670578
vt 0.322217 0.584642
vt 0.205509 0.591377
vt 0.156377 0.737606
vt 0.241860 0.581705
vt 0.167164 0.622516
vt 0.149067 0.690220
vt 0.173092 0.531190
vt 0.131986 0.772792
vt 0.166556 0.598711
vt 0.320803 0.552007
vt 0.154171 0.613197
vt 0.289248 0.555636
vt 0.136730 0.647924
vt 0.144198 0.629638
vt 0.262317 0.558411
vt 0.131811 0.668002
vt 0.238529 0.562308
vt 0.129393 0.689940
vt 0.217228 0.568105
vt 0.129236 0.714039
vt 0.198154 0.576084
vt 0.130675 0.741067
vt 0.118167 0.665353
vt 0.069050 0.739210
vt 0.151023 0.546239
vt 0.067948 0.765894
vt 0.131328 0.563829
vt 0.304044 0.489791
vt 0.114237 0.583822
vt 0.277844 0.495025
vt 0.250311 0.501033
vt 0.079938 0.655946
vt 0.074121 0.683076
vt 0.223159 0.508757
vt 0.099927 0.606012
vt 0.197253 0.518723
vt 0.070709 0.711089
vt 0.050274 0.766091
vt 0.132796 0.623792
vt 0.259771 0.542440
vt 0.088495 0.630148
vt 0.235066 0.547863
vt 0.114589 0.688762
vt 0.212490 0.555035
vt 0.113069 0.714004
vt 0.192017 0.564356
vt 0.112659 0.741368
vt 0.173701 0.575948
vt 0.111140 0.771403
vt 0.157645 0.589789
vt 0.316194 0.531622
vt 0.143972 0.605781
vt 0.286749 0.537786
vt 0.172266 0.464637
vt 0.117346 0.550175
vt 0.301494 0.472295
vt 0.098575 0.572136
vt 0.274339 0.475376
vt 0.070054 0.622665
vt 0.082768 0.596405
vt 0.245438 0.481035
vt 0.060459 0.650555
vt 0.216631 0.489310
vt 0.053903 0.679650
vt 0.188897 0.500313
vt 0.050205 0.709381
vt 0.162830 0.514132
vt 0.049103 0.738799
vt 0.138862 0.530781
vt 0.010974 0.706669
vt 0.142348 0.480828
vt 0.010985 0.740403
vt 0.114620 0.500386
vt 0.016055 0.772839
vt 0.089554 0.523163
vt 0.302848 0.437426
vt 0.067566 0.548892
vt 0.270003 0.437454
vt 0.033981 0.607621
vt 0.048977 0.577196
vt 0.236661 0.442685
vt 0.022649 0.639677
vt 0.203875 0.451886
vt 0.014969 0.672867
vt 0.114684 0.640255
vt 0.103948 0.636211
vt 0.107900 0.663059
vt 0.096386 0.660255
vt 0.103583 0.687489
vt 0.091371 0.685795
vt 0.101300 0.713465
vt 0.088478 0.712571
vt 0.100061 0.740915
vt 0.086800 0.740161
vt 0.097720 0.769576
vt 0.084504 0.767620
vt 0.312305 0.518644
vt 0.308321 0.505886
vt 0.284345 0.525407
vt 0.281540 0.512419
vt 0.257411 0.530894
vt 0.254536 0.518363
vt 0.232098 0.537185
vt 0.228526 0.525381
vt 0.208628 0.545247
vt 0.204069 0.534306
vt 0.187151 0.555495
vt 0.181486 0.545516
vt 0.167810 0.568067
vt 0.161016 0.559139
vt 0.150758 0.582949
vt 0.142867 0.575157
vt 0.136145 0.600042
vt 0.127222 0.593458
vt 0.124095 0.619198
vt 0.114222 0.613876
vt 0.124192 0.643684
vt 0.199600 0.660196
vt 0.201850 0.660169
vt 0.200690 0.667646
vt 0.203025 0.666905
vt 0.204242 0.675209
vt 0.206505 0.673622
vt 0.210771 0.682312
vt 0.212716 0.679704
vt 0.221019 0.687993
vt 0.222212 0.684118
vt 0.236190 0.690395
vt 0.235768 0.684860
vt 0.255553 0.667760
vt 0.250019 0.668200
vt 0.250827 0.653142
vt 0.247183 0.654922
vt 0.243624 0.643898
vt 0.241350 0.646224
vt 0.235594 0.638550
vt 0.234377 0.641031
vt 0.227571 0.636214
vt 0.227201 0.638636
vt 0.220041 0.636293
vt 0.220364 0.638520
vt 0.213331 0.638354
vt 0.214227 0.640288
vt 0.207700 0.642056
vt 0.209069 0.643616
vt 0.203377 0.647110
vt 0.205132 0.648221
vt 0.200595 0.653248
vt 0.202644 0.653832
vt 0.220936 0.657751
vt 0.188850 0.659693
vt 0.189226 0.670218
vt 0.195069 0.641717
vt 0.201082 0.634684
vt 0.208743 0.629268
vt 0.217876 0.625750
vt 0.228333 0.624488
vt 0.239983 0.625980
vt 0.252708 0.630989
vt 0.266347 0.640792
vt 0.280538 0.657600
vt 0.230029 0.716648
vt 0.211227 0.705238
vt 0.199429 0.693287
vt 0.192507 0.681495
vt 0.190907 0.650125
vt 0.034506 0.676276
vt 0.210281 0.470665
vt 0.041651 0.645184
vt 0.240972 0.461951
vt 0.066025 0.586918
vt 0.052147 0.615240
vt 0.271859 0.456637
vt 0.083232 0.560647
vt 0.301352 0.455399
vt 0.103606 0.536807
vt 0.033569 0.768573
vt 0.126882 0.515715
vt 0.030215 0.739258
vt 0.152706 0.497593
vt 0.030667 0.707934
vt 0.180664 0.482561
vt 0.457895 0.353608
vt 0.663759 0.365456
vt 0.644434 0.353609
vt 0.626861 0.344234
vt 0.610518 0.337014
vt 0.595029 0.331674
vt 0.580114 0.328003
vt 0.565554 0.325858
vt 0.551165 0.325151
vt 0.536775 0.325858
vt 0.522215 0.328003
vt 0.507301 0.331674
vt 0.491811 0.337013
vt 0.475468 0.344234
vt 0.588869 0.242498
vt 0.416772 0.380063
vt 0.685556 0.380064
vt 0.438569 0.365455
vt 0.496287 0.163267
vt 0.404497 0.247787
vt 0.493976 0.243223
vt 0.628638 0.244181
vt 0.532437 0.242046
vt 0.429361 0.246540
vt 0.672969 0.246542
vt 0.569893 0.242046
vt 0.473692 0.244180
vt 0.377212 0.248978
vt 0.725117 0.248981
vt 0.608354 0.243224
vt 0.513461 0.242497
vt 0.650049 0.245312
vt 0.551165 0.241892
vt 0.452281 0.245310
vt 0.697833 0.247789
vt 0.518021 0.064911
vt 0.624720 0.161497
vt 0.477612 0.161495
vt 0.606045 0.163268
vt 0.458561 0.158793
vt 0.587623 0.164369
vt 0.418499 0.148877
vt 0.438956 0.154776
vt 0.569357 0.164967
vt 0.396646 0.140279
vt 0.705685 0.140283
vt 0.551166 0.165156
vt 0.683832 0.148880
vt 0.532975 0.164966
vt 0.663375 0.154778
vt 0.514709 0.164368
vt 0.643770 0.158795
vt 0.419790 0.104019
vt 0.682541 0.104023
vt 0.630638 0.066035
vt 0.501896 0.065182
vt 0.615974 0.065562
vt 0.486361 0.065557
vt 0.600439 0.065185
vt 0.471696 0.066031
vt 0.584315 0.064914
vt 0.567828 0.064750
vt 0.436393 0.067850
vt 0.665939 0.067856
vt 0.655965 0.067201
vt 0.551168 0.064695
vt 0.458240 0.066584
vt 0.534509 0.064749
vt 0.644094 0.066589
vt 0.617964 0.039173
vt 0.449500 0.118362
vt 0.568500 0.128429
vt 0.446368 0.067195
vt 0.551167 0.128620
vt 0.668315 0.112581
vt 0.533833 0.128428
vt 0.652832 0.118366
vt 0.516552 0.127825
vt 0.636612 0.122303
vt 0.499383 0.126722
vt 0.619929 0.124965
vt 0.482403 0.124962
vt 0.602950 0.126724
vt 0.465721 0.122300
vt 0.585781 0.127826
vt 0.533227 0.005514
vt 0.484373 0.039166
vt 0.601841 0.037606
vt 0.469039 0.041373
vt 0.585203 0.036570
vt 0.442369 0.048094
vt 0.454872 0.044332
vt 0.568259 0.035981
vt 0.432128 0.052520
vt 0.670204 0.052527
vt 0.551170 0.035789
vt 0.659964 0.048101
vt 0.534081 0.035979
vt 0.647462 0.044338
vt 0.517135 0.036566
vt 0.633296 0.041379
vt 0.500497 0.037601
vt 0.655857 0.019124
vt 0.515336 0.006383
vt 0.639439 0.013980
vt 0.497570 0.007946
vt 0.622305 0.010390
vt 0.480033 0.010382
vt 0.604769 0.007954
vt 0.462897 0.013971
vt 0.587005 0.006390
vt 0.431373 0.026332
vt 0.446478 0.019115
vt 0.569117 0.005517
vt 0.683574 0.036161
vt 0.418757 0.036153
vt 0.551172 0.005236
vt 0.670960 0.026340
vt 0.441796 0.094960
vt 0.445211 0.083346
vt 0.430872 0.089734
vt 0.671460 0.089738
vt 0.435144 0.080808
vt 0.667188 0.080813
vt 0.660536 0.094964
vt 0.657122 0.083352
vt 0.647411 0.098783
vt 0.644912 0.085355
vt 0.632883 0.101474
vt 0.631140 0.086794
vt 0.617418 0.103317
vt 0.616248 0.087771
vt 0.601322 0.104536
vt 0.600572 0.088403
vt 0.584811 0.105298
vt 0.584370 0.088787
vt 0.568049 0.105713
vt 0.567845 0.088991
vt 0.551167 0.105844
vt 0.551168 0.089054
vt 0.534286 0.105712
vt 0.534490 0.088990
vt 0.517523 0.105296
vt 0.517965 0.088785
vt 0.501011 0.104534
vt 0.501763 0.088400
vt 0.484915 0.103314
vt 0.486086 0.087768
vt 0.469450 0.101471
vt 0.471194 0.086791
vt 0.454922 0.098779
vt 0.457421 0.085351
vt 0.434017 0.112577
vt 0.508134 0.416173
vt 0.511335 0.416427
vt 0.593647 0.433347
vt 0.508681 0.433347
vt 0.589658 0.432504
vt 0.512671 0.432504
vt 0.594194 0.416173
vt 0.590994 0.416427
vt 0.591185 0.403031
vt 0.588711 0.403857
vt 0.586278 0.392949
vt 0.584372 0.394108
vt 0.580227 0.385281
vt 0.578790 0.386648
vt 0.573459 0.379634
vt 0.572427 0.381133
vt 0.566243 0.375755
vt 0.565575 0.377336
vt 0.558764 0.373486
vt 0.558436 0.375111
vt 0.551165 0.372739
vt 0.551165 0.374378
vt 0.543565 0.373486
vt 0.543893 0.375111
vt 0.536086 0.375755
vt 0.536754 0.377336
vt 0.528870 0.379634
vt 0.529902 0.381133
vt 0.522102 0.385281
vt 0.523539 0.386648
vt 0.516051 0.392949
vt 0.517956 0.394108
vt 0.511143 0.403031
vt 0.513618 0.403856
vt 0.551164 0.405449
vt 0.489214 0.411212
vt 0.482245 0.431779
vt 0.620084 0.431779
vt 0.505288 0.384851
vt 0.514079 0.376428
vt 0.523154 0.370303
vt 0.532407 0.366131
vt 0.541762 0.363704
vt 0.551165 0.362906
vt 0.560567 0.363704
vt 0.569922 0.366131
vt 0.579175 0.370304
vt 0.588249 0.376429
vt 0.597041 0.384851
vt 0.605396 0.396130
vt 0.613114 0.411213
vt 0.496933 0.396130
vt 0.666060 0.034835
vt 0.551171 0.016550
vt 0.425034 0.042519
vt 0.677298 0.042527
vt 0.568768 0.016807
vt 0.450093 0.028829
vt 0.436273 0.034828
vt 0.586271 0.017605
vt 0.465483 0.024386
vt 0.603568 0.019025
vt 0.481832 0.021210
vt 0.620505 0.021217
vt 0.498771 0.019019
vt 0.636853 0.024394
vt 0.516069 0.017600
vt 0.652241 0.028837
vt 0.533573 0.016805
vt 0.877181 0.695858
vt 0.877177 0.554040
vt 0.860238 0.566183
vt 0.848323 0.577453
vt 0.839835 0.588260
vt 0.833943 0.598838
vt 0.830205 0.609312
vt 0.828386 0.619742
vt 0.828387 0.630162
vt 0.830207 0.640593
vt 0.833946 0.651065
vt 0.839838 0.661643
vt 0.848327 0.672449
vt 0.860243 0.683718
vt 0.817017 0.606213
vt 0.902417 0.540433
vt 0.902421 0.709462
vt 0.812004 0.675433
vt 0.877336 0.741481
vt 0.826048 0.669499
vt 0.826043 0.580405
vt 0.817019 0.643692
vt 0.858032 0.717069
vt 0.844101 0.551138
vt 0.815277 0.618725
vt 0.833739 0.683383
vt 0.877328 0.508413
vt 0.820558 0.593510
vt 0.820562 0.656394
vt 0.833733 0.566519
vt 0.815278 0.631181
vt 0.844107 0.698762
vt 0.858025 0.532828
vt 0.724388 0.676554
vt 0.811998 0.574472
vt 0.818532 0.691267
vt 0.807131 0.589367
vt 0.826700 0.708835
vt 0.803905 0.603762
vt 0.846590 0.756839
vt 0.836328 0.729652
vt 0.802298 0.617914
vt 0.846578 0.493056
vt 0.802299 0.631994
vt 0.836318 0.520246
vt 0.803907 0.646145
vt 0.826691 0.541067
vt 0.807136 0.660539
vt 0.818524 0.558637
vt 0.812301 0.488401
vt 0.733625 0.533702
vt 0.728499 0.696687
vt 0.728483 0.553230
vt 0.733644 0.716212
vt 0.724376 0.573365
vt 0.739488 0.734787
vt 0.721528 0.593872
vt 0.720074 0.614577
vt 0.751355 0.482879
vt 0.745552 0.497976
vt 0.720077 0.635345
vt 0.745575 0.751931
vt 0.721536 0.656050
vt 0.739466 0.515122
vt 0.695666 0.545003
vt 0.809194 0.737986
vt 0.784176 0.616995
vt 0.751380 0.767024
vt 0.784178 0.632915
vt 0.809181 0.511914
vt 0.785626 0.648894
vt 0.803666 0.532436
vt 0.788478 0.665072
vt 0.797829 0.550959
vt 0.792623 0.681651
vt 0.792615 0.568256
vt 0.797839 0.698946
vt 0.788472 0.584836
vt 0.803677 0.717466
vt 0.785623 0.601015
vt 0.647181 0.664358
vt 0.702341 0.726326
vt 0.690605 0.567312
vt 0.710474 0.746352
vt 0.687198 0.590174
vt 0.730209 0.779321
vt 0.719897 0.764315
vt 0.685487 0.613338
vt 0.730178 0.470583
vt 0.685491 0.636596
vt 0.719867 0.485594
vt 0.687210 0.659757
vt 0.710446 0.503561
vt 0.690623 0.682615
vt 0.702316 0.523592
vt 0.695689 0.704919
vt 0.676855 0.486290
vt 0.651278 0.690292
vt 0.665922 0.509615
vt 0.657494 0.715710
vt 0.657462 0.534219
vt 0.665957 0.740307
vt 0.651251 0.559644
vt 0.676893 0.763626
vt 0.647161 0.585586
vt 0.707608 0.802801
vt 0.690642 0.784908
vt 0.645132 0.611816
vt 0.707569 0.447103
vt 0.645140 0.638135
vt 0.690604 0.465002
vt 0.786280 0.761109
vt 0.770794 0.761981
vt 0.786262 0.488791
vt 0.770773 0.487920
vt 0.784415 0.507540
vt 0.767780 0.504424
vt 0.780387 0.526321
vt 0.763448 0.522147
vt 0.775653 0.544754
vt 0.758677 0.540449
vt 0.771142 0.562856
vt 0.754190 0.559039
vt 0.767413 0.580729
vt 0.750483 0.577785
vt 0.764785 0.598465
vt 0.747866 0.596622
vt 0.763434 0.616133
vt 0.746518 0.615508
vt 0.763435 0.633780
vt 0.746520 0.634409
vt 0.764790 0.651448
vt 0.747871 0.653294
vt 0.767421 0.669183
vt 0.750492 0.672129
vt 0.771153 0.687054
vt 0.754203 0.690874
vt 0.775665 0.705153
vt 0.758692 0.709461
vt 0.780402 0.723584
vt 0.763465 0.727760
vt 0.784432 0.742363
vt 0.767799 0.745480
vt 0.812317 0.761496
vt 0.899370 0.640256
vt 0.895745 0.636086
vt 0.899370 0.609644
vt 0.895745 0.613814
vt 0.885995 0.602788
vt 0.884720 0.606457
vt 0.875018 0.601442
vt 0.875039 0.604462
vt 0.866348 0.603153
vt 0.867131 0.605527
vt 0.859754 0.606664
vt 0.861001 0.608441
vt 0.855008 0.611263
vt 0.856539 0.612494
vt 0.851937 0.616509
vt 0.853630 0.617233
vt 0.850428 0.622101
vt 0.852196 0.622340
vt 0.850428 0.627801
vt 0.852197 0.627563
vt 0.851937 0.633393
vt 0.853631 0.632669
vt 0.855009 0.638639
vt 0.856539 0.637408
vt 0.859755 0.643238
vt 0.861002 0.641460
vt 0.866349 0.646748
vt 0.867132 0.644374
vt 0.875020 0.648458
vt 0.875041 0.645439
vt 0.885995 0.647112
vt 0.884721 0.643444
vt 0.868356 0.624951
vt 0.909185 0.665275
vt 0.909185 0.584623
vt 0.872229 0.662741
vt 0.861072 0.657436
vt 0.853023 0.651007
vt 0.847410 0.643928
vt 0.843844 0.636471
vt 0.842108 0.628812
vt 0.842108 0.621091
vt 0.843843 0.613432
vt 0.847409 0.605975
vt 0.853021 0.598896
vt 0.861070 0.592465
vt 0.872227 0.587159
vt 0.887637 0.583909
vt 0.887639 0.665991
vt 0.702222 0.473774
vt 0.660874 0.637527
vt 0.716505 0.457531
vt 0.660868 0.612416
vt 0.702257 0.776135
vt 0.716540 0.792372
vt 0.662779 0.587402
vt 0.690148 0.756473
vt 0.666618 0.562694
vt 0.680242 0.734628
vt 0.672410 0.538545
vt 0.672438 0.711382
vt 0.680211 0.515293
vt 0.666641 0.687238
vt 0.690115 0.493443
vt 0.662795 0.662536
vt 0.383570 0.571406
vt 0.385259 0.571548
vt 0.383294 0.599055
vt 0.381605 0.598958
vt 0.386232 0.543867
vt 0.387919 0.544051
vt 0.389548 0.516361
vt 0.391232 0.516585
vt 0.393586 0.488949
vt 0.395259 0.489225
vt 0.398734 0.461797
vt 0.400382 0.462165
vt 0.405887 0.434719
vt 0.405886 0.873446
vt 0.407574 0.435215
vt 0.407573 0.872950
vt 0.398733 0.846368
vt 0.400381 0.846000
vt 0.393586 0.819216
vt 0.395259 0.818940
vt 0.389548 0.791804
vt 0.391232 0.791580
vt 0.386233 0.764298
vt 0.387920 0.764115
vt 0.383571 0.736760
vt 0.385260 0.736618
vt 0.381606 0.709209
vt 0.383294 0.709111
vt 0.380396 0.681649
vt 0.382085 0.681599
vt 0.379987 0.654083
vt 0.381677 0.654083
vt 0.380396 0.626518
vt 0.382085 0.626568
vt 0.308666 0.005860
vt 0.308353 0.007623
vt 0.293091 0.005678
vt 0.293240 0.003882
vt 0.068542 0.005865
vt 0.068854 0.007627
vt 0.083967 0.003887
vt 0.084116 0.005682
vt 0.099696 0.003129
vt 0.099735 0.004959
vt 0.115644 0.003089
vt 0.115623 0.004942
vt 0.131733 0.003385
vt 0.131690 0.005254
vt 0.147918 0.003769
vt 0.147875 0.005649
vt 0.164167 0.004094
vt 0.164137 0.005980
vt 0.180453 0.004275
vt 0.180443 0.006164
vt 0.196752 0.004274
vt 0.196763 0.006163
vt 0.213038 0.004092
vt 0.213068 0.005979
vt 0.229288 0.003767
vt 0.229331 0.005647
vt 0.245473 0.003382
vt 0.245516 0.005251
vt 0.261563 0.003086
vt 0.261583 0.004939
vt 0.277510 0.003125
vt 0.277472 0.004955
vt 0.740995 0.031376
vt 0.740979 0.352859
vt 0.742797 0.031936
vt 0.742781 0.352298
vt 0.737468 0.051137
vt 0.735716 0.050755
vt 0.735700 0.333478
vt 0.737453 0.333095
vt 0.732414 0.313905
vt 0.734213 0.313676
vt 0.730494 0.293942
vt 0.732323 0.293810
vt 0.729393 0.273748
vt 0.731240 0.273672
vt 0.728768 0.253420
vt 0.730625 0.253378
vt 0.728422 0.233017
vt 0.730285 0.232995
vt 0.728248 0.212573
vt 0.730114 0.212563
vt 0.728197 0.192111
vt 0.730063 0.192111
vt 0.728251 0.171649
vt 0.730117 0.171659
vt 0.728428 0.151206
vt 0.730291 0.151229
vt 0.728777 0.130804
vt 0.730634 0.130846
vt 0.729405 0.110478
vt 0.731251 0.110554
vt 0.730508 0.090287
vt 0.732337 0.090419
vt 0.732429 0.070326
vt 0.734228 0.070554
vt 0.384264 0.585306
vt 0.382572 0.585185
vt 0.386585 0.557805
vt 0.384893 0.557641
vt 0.389573 0.530321
vt 0.387884 0.530117
vt 0.393221 0.502896
vt 0.391538 0.502649
vt 0.397711 0.475660
vt 0.396044 0.475344
vt 0.403700 0.448842
vt 0.402063 0.448407
vt 0.403699 0.859323
vt 0.402062 0.859758
vt 0.397711 0.832505
vt 0.396044 0.832821
vt 0.393221 0.805269
vt 0.391538 0.805516
vt 0.389574 0.777845
vt 0.387884 0.778048
vt 0.386586 0.750361
vt 0.384894 0.750525
vt 0.384265 0.722861
vt 0.382572 0.722981
vt 0.382670 0.695353
vt 0.380977 0.695427
vt 0.381857 0.667840
vt 0.380164 0.667866
vt 0.381857 0.640326
vt 0.380164 0.640301
vt 0.382669 0.612814
vt 0.380977 0.612740
vt 0.300752 0.006495
vt 0.300981 0.004706
vt 0.061058 0.009304
vt 0.316150 0.009300
vt 0.060644 0.007451
vt 0.316563 0.007446
vt 0.076455 0.006499
vt 0.076226 0.004710
vt 0.091891 0.005239
vt 0.091805 0.003411
vt 0.107656 0.004930
vt 0.107653 0.003074
vt 0.123640 0.005116
vt 0.123676 0.003243
vt 0.139771 0.005494
vt 0.139817 0.003609
vt 0.155999 0.005872
vt 0.156037 0.003978
vt 0.172286 0.006137
vt 0.172307 0.004239
vt 0.188603 0.006231
vt 0.188602 0.004331
vt 0.204919 0.006136
vt 0.204898 0.004238
vt 0.221207 0.005870
vt 0.221169 0.003976
vt 0.237435 0.005492
vt 0.237389 0.003606
vt 0.253566 0.005113
vt 0.253530 0.003240
vt 0.269551 0.004926
vt 0.269554 0.003071
vt 0.285316 0.005235
vt 0.285402 0.003407
vt 0.739850 0.041645
vt 0.738110 0.041167
vt 0.739834 0.342588
vt 0.738094 0.343066
vt 0.735665 0.323441
vt 0.733877 0.323740
vt 0.733188 0.303777
vt 0.731362 0.303952
vt 0.731758 0.283761
vt 0.729910 0.283861
vt 0.730942 0.263536
vt 0.729082 0.263593
vt 0.730483 0.243193
vt 0.728615 0.243224
vt 0.730237 0.222782
vt 0.728365 0.222798
vt 0.730130 0.202338
vt 0.728256 0.202343
vt 0.730131 0.181884
vt 0.728258 0.181879
vt 0.730241 0.161441
vt 0.728369 0.161425
vt 0.730490 0.141031
vt 0.728622 0.141000
vt 0.730952 0.120689
vt 0.729092 0.120632
vt 0.731770 0.100467
vt 0.729923 0.100367
vt 0.733202 0.080452
vt 0.731376 0.080278
vt 0.735680 0.060791
vt 0.733892 0.060492
vt 0.020035 0.620706
vt 0.017976 0.619977
vt 0.380798 0.571172
vt 0.378831 0.598797
vt 0.031638 0.587543
vt 0.033595 0.588508
vt 0.010256 0.654286
vt 0.383462 0.543567
vt 0.008126 0.653793
vt 0.004250 0.688758
vt 0.386783 0.515993
vt 0.002080 0.688503
vt 0.002178 0.723629
vt 0.390834 0.488495
vt 0.000000 0.723635
vt 0.004773 0.758221
vt 0.396012 0.461190
vt 0.002642 0.758569
vt 0.014064 0.790968
vt 0.320456 0.432643
vt 0.403098 0.874032
vt 0.403099 0.434133
vt 0.012136 0.791878
vt 0.321055 0.430596
vt 0.286649 0.428547
vt 0.396012 0.846974
vt 0.286662 0.426387
vt 0.252056 0.431356
vt 0.390834 0.819670
vt 0.251724 0.429203
vt 0.217914 0.438823
vt 0.386783 0.792172
vt 0.217325 0.436717
vt 0.184777 0.450117
vt 0.383463 0.764599
vt 0.183959 0.448089
vt 0.153109 0.465006
vt 0.380799 0.736994
vt 0.152068 0.463084
vt 0.123401 0.483424
vt 0.378832 0.709370
vt 0.122141 0.481640
vt 0.096160 0.505264
vt 0.377621 0.681731
vt 0.094692 0.503649
vt 0.071866 0.530307
vt 0.377212 0.654083
vt 0.070208 0.528890
vt 0.050918 0.558206
vt 0.377621 0.626436
vt 0.049095 0.557009
vt 0.422893 0.028701
vt 0.309172 0.002894
vt 0.421597 0.027071
vt 0.293494 0.000857
vt 0.436506 0.017904
vt 0.437435 0.019821
vt 0.679439 0.028710
vt 0.068036 0.002899
vt 0.680735 0.027080
vt 0.664898 0.019830
vt 0.083713 0.000862
vt 0.665828 0.017913
vt 0.648666 0.013502
vt 0.099630 0.000066
vt 0.649320 0.011442
vt 0.631563 0.009076
vt 0.115675 0.000003
vt 0.632015 0.006942
vt 0.613998 0.006040
vt 0.131802 0.000283
vt 0.614303 0.003867
vt 0.596180 0.004032
vt 0.147989 0.000657
vt 0.596375 0.001838
vt 0.578223 0.002811
vt 0.164217 0.000974
vt 0.578332 0.000606
vt 0.560197 0.002234
vt 0.180471 0.001151
vt 0.560232 0.000022
vt 0.542148 0.002232
vt 0.196734 0.001151
vt 0.542113 0.000021
vt 0.524119 0.002806
vt 0.212988 0.000972
vt 0.524011 0.000599
vt 0.506160 0.004025
vt 0.229217 0.000654
vt 0.505965 0.001830
vt 0.488340 0.006032
vt 0.245404 0.000280
vt 0.488035 0.003859
vt 0.470774 0.009067
vt 0.261532 0.000000
vt 0.470322 0.006933
vt 0.453669 0.013493
vt 0.277577 0.000062
vt 0.453016 0.011433
vt 0.715067 0.813653
vt 0.715029 0.436247
vt 0.737987 0.353525
vt 0.738004 0.030709
vt 0.713878 0.815767
vt 0.713839 0.434133
vt 0.732776 0.050114
vt 0.693554 0.799346
vt 0.695330 0.797646
vt 0.695290 0.452261
vt 0.732761 0.334119
vt 0.693514 0.450560
vt 0.679352 0.472716
vt 0.729414 0.314287
vt 0.677269 0.471361
vt 0.666687 0.495690
vt 0.727458 0.294162
vt 0.664421 0.494623
vt 0.656792 0.520198
vt 0.726337 0.273873
vt 0.654413 0.519377
vt 0.649327 0.545683
vt 0.725700 0.253491
vt 0.646874 0.545082
vt 0.644093 0.571798
vt 0.725347 0.233055
vt 0.641593 0.571403
vt 0.640984 0.598297
vt 0.725170 0.212590
vt 0.638458 0.598101
vt 0.639960 0.624978
vt 0.725117 0.192111
vt 0.637425 0.624979
vt 0.641001 0.651653
vt 0.725173 0.171632
vt 0.638475 0.651850
vt 0.644118 0.678144
vt 0.725353 0.151167
vt 0.641619 0.678539
vt 0.649358 0.704250
vt 0.725709 0.130733
vt 0.646906 0.704852
vt 0.656826 0.729728
vt 0.726349 0.110353
vt 0.654448 0.730550
vt 0.666724 0.754229
vt 0.727472 0.090066
vt 0.664459 0.755297
vt 0.679391 0.777197
vt 0.729429 0.069944
vt 0.677308 0.778553
vt 0.024372 0.603575
vt 0.379872 0.584993
vt 0.026360 0.604413
vt 0.382195 0.557380
vt 0.012623 0.636759
vt 0.014696 0.637362
vt 0.385188 0.529792
vt 0.004675 0.671073
vt 0.006803 0.671444
vt 0.388851 0.502253
vt 0.000566 0.706046
vt 0.002719 0.706174
vt 0.393381 0.474838
vt 0.000679 0.741163
vt 0.002819 0.741002
vt 0.399427 0.447716
vt 0.006313 0.775567
vt 0.008361 0.774984
vt 0.399426 0.860449
vt 0.304031 0.427374
vt 0.303773 0.429489
vt 0.393381 0.833327
vt 0.269154 0.427150
vt 0.269327 0.429291
vt 0.388851 0.805912
vt 0.234428 0.432495
vt 0.234889 0.434603
vt 0.385189 0.778373
vt 0.200502 0.441991
vt 0.201199 0.444036
vt 0.382196 0.750785
vt 0.167822 0.455183
vt 0.168741 0.457137
vt 0.379873 0.723174
vt 0.136853 0.471961
vt 0.137990 0.473796
vt 0.378276 0.695545
vt 0.108105 0.492259
vt 0.109454 0.493941
vt 0.377463 0.667906
vt 0.082084 0.515916
vt 0.083631 0.517417
vt 0.377463 0.640261
vt 0.059245 0.542644
vt 0.060968 0.543938
vt 0.378276 0.612621
vt 0.039937 0.572029
vt 0.041808 0.573099
vt 0.301357 0.001805
vt 0.428797 0.022108
vt 0.429886 0.023884
vt 0.316968 0.004418
vt 0.060239 0.004423
vt 0.687084 0.032912
vt 0.415248 0.032903
vt 0.685564 0.034278
vt 0.416768 0.034270
vt 0.075850 0.001809
vt 0.673536 0.022117
vt 0.672447 0.023894
vt 0.091658 0.000453
vt 0.657690 0.014415
vt 0.656920 0.016385
vt 0.107641 0.000082
vt 0.640720 0.009020
vt 0.640184 0.011087
vt 0.123729 0.000227
vt 0.623184 0.005296
vt 0.622817 0.007414
vt 0.139887 0.000577
vt 0.605351 0.002786
vt 0.605108 0.004931
vt 0.156097 0.000936
vt 0.587359 0.001181
vt 0.587212 0.003341
vt 0.172341 0.001190
vt 0.569284 0.000288
vt 0.569214 0.002456
vt 0.188602 0.001281
vt 0.551173 0.000000
vt 0.551172 0.002170
vt 0.204864 0.001189
vt 0.533060 0.000284
vt 0.533129 0.002452
vt 0.221109 0.000934
vt 0.514983 0.001174
vt 0.515130 0.003335
vt 0.237319 0.000575
vt 0.496989 0.002778
vt 0.497231 0.004923
vt 0.253478 0.000224
vt 0.479154 0.005287
vt 0.479521 0.007405
vt 0.269565 0.000078
vt 0.461616 0.009010
vt 0.462152 0.011078
vt 0.285549 0.000450
vt 0.444645 0.014406
vt 0.445415 0.016376
vt 0.735291 0.040408
vt 0.703159 0.808273
vt 0.704683 0.806387
vt 0.735274 0.343826
vt 0.703119 0.441630
vt 0.704644 0.443516
vt 0.730995 0.324226
vt 0.684938 0.460594
vt 0.686865 0.462097
vt 0.728428 0.304237
vt 0.670491 0.482785
vt 0.672646 0.483974
vt 0.726945 0.284024
vt 0.659130 0.506876
vt 0.661425 0.507803
vt 0.726099 0.263686
vt 0.650398 0.532152
vt 0.652782 0.532850
vt 0.725622 0.243276
vt 0.644011 0.558193
vt 0.646452 0.558683
vt 0.725367 0.222824
vt 0.639813 0.584724
vt 0.642290 0.585014
vt 0.725255 0.202351
vt 0.637734 0.611532
vt 0.640227 0.611628
vt 0.725257 0.181871
vt 0.637743 0.638424
vt 0.640236 0.638326
vt 0.725371 0.161399
vt 0.639836 0.665222
vt 0.642312 0.664931
vt 0.725630 0.140948
vt 0.644040 0.691744
vt 0.646481 0.691254
vt 0.726110 0.120539
vt 0.650432 0.717778
vt 0.652815 0.717080
vt 0.726958 0.100202
vt 0.659167 0.743047
vt 0.661461 0.742120
vt 0.728442 0.079993
vt 0.670530 0.767131
vt 0.672684 0.765942
vt 0.731010 0.060005
vt 0.684978 0.789316
vt 0.686904 0.787813
s 1
usemtl Material.001
f 179/189/1 947/996/2 1809/1917/3 992/1043/4
f 947/996/2 16/17/5 624/647/6 1809/1917/3
f 1809/1917/3 624/647/6 1/1/7 945/994/8
f 992/1043/4 1809/1917/3 945/994/8 177/187/9
f 180/190/10 964/1014/11 1810/1918/12 991/1042/13
f 964/1014/11 3/3/14 611/634/15 1810/1918/12
f 1810/1918/12 611/634/15 4/4/16 965/1015/17
f 991/1042/13 1810/1918/12 965/1015/17 181/191/18
f 181/191/18 965/1015/17 1811/1919/19 990/1041/20
f 965/1015/17 4/4/16 612/635/21 1811/1919/19
f 1811/1919/19 612/635/21 5/5/22 966/1016/23
f 990/1041/20 1811/1919/19 966/1016/23 182/192/24
f 182/192/24 966/1016/23 1812/1920/25 989/1040/26
f 966/1016/23 5/5/22 613/636/27 1812/1920/25
f 1812/1920/25 613/636/27 6/6/28 967/1017/29
f 989/1040/26 1812/1920/25 967/1017/29 183/193/30
f 183/193/30 967/1017/29 1813/1921/31 988/1039/32
f 967/1017/29 6/6/28 614/637/33 1813/1921/31
f 1813/1921/31 614/637/33 7/7/34 968/1018/35
f 988/1039/32 1813/1921/31 968/1018/35 184/195/36
f 184/194/36 968/1019/35 1814/1922/37 987/1038/38
f 968/1019/35 7/8/34 615/638/39 1814/1922/37
f 1814/1922/37 615/638/39 8/9/40 969/1020/41
f 987/1038/38 1814/1922/37 969/1020/41 185/196/42
f 185/196/42 969/1020/41 1815/1923/43 986/1037/44
f 969/1020/41 8/9/40 616/639/45 1815/1923/43
f 1815/1923/43 616/639/45 9/10/46 970/1021/47
f 986/1037/44 1815/1923/43 970/1021/47 186/197/48
f 186/197/48 970/1021/47 1816/1924/49 985/1036/50
f 970/1021/47 9/10/46 617/640/51 1816/1924/49
f 1816/1924/49 617/640/51 10/11/52 971/1022/53
f 985/1036/50 1816/1924/49 971/1022/53 187/198/54
f 187/198/54 971/1022/53 1817/1925/55 984/1035/56
f 971/1022/53 10/11/52 618/641/57 1817/1925/55
f 1817/1925/55 618/641/57 11/12/58 972/1023/59
f 984/1035/56 1817/1925/55 972/1023/59 188/199/60
f 188/199/60 972/1023/59 1818/1926/61 983/1034/62
f 972/1023/59 11/12/58 619/642/63 1818/1926/61
f 1818/1926/61 619/642/63 12/13/64 973/1024/65
f 983/1034/62 1818/1926/61 973/1024/65 189/200/66
f 189/200/66 973/1024/65 1819/1927/67 982/1033/68
f 973/1024/65 12/13/64 620/643/69 1819/1927/67
f 1819/1927/67 620/643/69 13/14/70 974/1025/71
f 982/1033/68 1819/1927/67 974/1025/71 190/201/72
f 190/201/72 974/1025/71 1820/1928/73 981/1032/74
f 974/1025/71 13/14/70 621/644/75 1820/1928/73
f 1820/1928/73 621/644/75 14/15/76 975/1026/77
f 981/1032/74 1820/1928/73 975/1026/77 191/202/78
f 191/202/78 975/1026/77 1821/1929/79 980/1031/80
f 975/1026/77 14/15/76 622/645/81 1821/1929/79
f 1821/1929/79 622/645/81 15/16/82 976/1027/83
f 980/1031/80 1821/1929/79 976/1027/83 192/203/84
f 192/203/84 976/1027/83 1822/1930/85 979/1030/86
f 976/1027/83 15/16/82 623/646/87 1822/1930/85
f 1822/1930/85 623/646/87 16/17/5 947/996/2
f 979/1030/86 1822/1930/85 947/996/2 179/189/1
f 9/10/46 616/639/45 1823/1931/88 642/665/89
f 616/639/45 8/9/40 641/664/90 1823/1931/88
f 1823/1931/88 641/664/90 24/26/91 632/655/92
f 642/665/89 1823/1931/88 632/655/92 25/27/93
f 178/188/94 962/1012/95 1824/1932/96 978/1029/97
f 962/1012/95 2/2/98 610/633/99 1824/1932/96
f 1824/1932/96 610/633/99 3/3/14 964/1014/11
f 978/1029/97 1824/1932/96 964/1014/11 180/190/10
f 177/187/9 945/994/8 1825/1933/100 977/1028/101
f 945/994/8 1/1/7 609/632/102 1825/1933/100
f 1825/1933/100 609/632/102 2/2/98 962/1012/95
f 977/1028/101 1825/1933/100 962/1012/95 178/188/94
f 30/32/103 637/660/104 1826/1934/105 674/698/106
f 637/660/104 29/31/107 673/697/108 1826/1934/105
f 1826/1934/105 673/697/108 45/48/109 669/693/110
f 674/698/106 1826/1934/105 669/693/110 46/49/111
f 2/2/98 609/632/102 1827/1935/112 644/667/113
f 609/632/102 1/1/7 643/666/114 1827/1935/112
f 1827/1935/112 643/666/114 18/19/115 625/648/116
f 644/667/113 1827/1935/112 625/648/116 17/18/117
f 14/15/76 621/644/75 1828/1936/118 646/669/119
f 621/644/75 13/14/70 645/668/120 1828/1936/118
f 1828/1936/118 645/668/120 29/31/107 637/660/104
f 646/669/119 1828/1936/118 637/660/104 30/32/103
f 7/7/34 614/637/33 1829/1937/121 648/671/122
f 614/637/33 6/6/28 647/670/123 1829/1937/121
f 1829/1937/121 647/670/123 22/23/124 630/653/125
f 648/671/122 1829/1937/121 630/653/125 23/24/126
f 12/13/64 619/642/63 1830/1938/127 650/674/128
f 619/642/63 11/12/58 649/673/129 1830/1938/127
f 1830/1938/127 649/673/129 27/29/130 635/658/131
f 650/674/128 1830/1938/127 635/658/131 28/30/132
f 1/1/7 624/647/6 1831/1939/133 643/666/114
f 624/647/6 16/17/5 651/675/134 1831/1939/133
f 1831/1939/133 651/675/134 32/34/135 640/663/136
f 643/666/114 1831/1939/133 640/663/136 18/19/115
f 5/5/22 612/635/21 1832/1940/137 653/677/138
f 612/635/21 4/4/16 652/676/139 1832/1940/137
f 1832/1940/137 652/676/139 20/21/140 628/651/141
f 653/677/138 1832/1940/137 628/651/141 21/22/142
f 10/11/52 617/640/51 1833/1941/143 654/678/144
f 617/640/51 9/10/46 642/665/89 1833/1941/143
f 1833/1941/143 642/665/89 25/27/93 633/656/145
f 654/678/144 1833/1941/143 633/656/145 26/28/146
f 15/16/82 622/645/81 1834/1942/147 655/679/148
f 622/645/81 14/15/76 646/669/119 1834/1942/147
f 1834/1942/147 646/669/119 30/32/103 638/661/149
f 655/679/148 1834/1942/147 638/661/149 31/33/150
f 3/3/14 610/633/99 1835/1943/151 656/680/152
f 610/633/99 2/2/98 644/667/113 1835/1943/151
f 1835/1943/151 644/667/113 17/18/117 626/649/153
f 656/680/152 1835/1943/151 626/649/153 19/20/154
f 8/9/40 615/638/39 1836/1944/155 641/664/90
f 615/638/39 7/8/34 648/672/122 1836/1944/155
f 1836/1944/155 648/672/122 23/25/126 631/654/156
f 641/664/90 1836/1944/155 631/654/156 24/26/91
f 13/14/70 620/643/69 1837/1945/157 645/668/120
f 620/643/69 12/13/64 650/674/128 1837/1945/157
f 1837/1945/157 650/674/128 28/30/132 636/659/158
f 645/668/120 1837/1945/157 636/659/158 29/31/107
f 6/6/28 613/636/27 1838/1946/159 647/670/123
f 613/636/27 5/5/22 653/677/138 1838/1946/159
f 1838/1946/159 653/677/138 21/22/142 629/652/160
f 647/670/123 1838/1946/159 629/652/160 22/23/124
f 11/12/58 618/641/57 1839/1947/161 649/673/129
f 618/641/57 10/11/52 654/678/144 1839/1947/161
f 1839/1947/161 654/678/144 26/28/146 634/657/162
f 649/673/129 1839/1947/161 634/657/162 27/29/130
f 16/17/5 623/646/87 1840/1948/163 651/675/134
f 623/646/87 15/16/82 655/679/148 1840/1948/163
f 1840/1948/163 655/679/148 31/33/150 639/662/164
f 651/675/134 1840/1948/163 639/662/164 32/34/135
f 4/4/16 611/634/15 1841/1949/165 652/676/139
f 611/634/15 3/3/14 656/680/152 1841/1949/165
f 1841/1949/165 656/680/152 19/20/154 627/650/166
f 652/676/139 1841/1949/165 627/650/166 20/21/140
f 117/125/167 814/843/168 1842/1950/169 859/890/170
f 814/843/168 114/122/171 857/888/172 1842/1950/169
f 1842/1950/169 857/888/172 60/64/173 700/725/174
f 859/890/170 1842/1950/169 700/725/174 61/65/175
f 23/24/126 630/653/125 1843/1951/176 676/700/177
f 630/653/125 22/23/124 675/699/178 1843/1951/176
f 1843/1951/176 675/699/178 38/40/179 662/686/180
f 676/700/177 1843/1951/176 662/686/180 39/41/181
f 31/33/150 638/661/149 1844/1952/182 677/702/183
f 638/661/149 30/32/103 674/698/106 1844/1952/182
f 1844/1952/182 674/698/106 46/49/111 670/694/184
f 677/702/183 1844/1952/182 670/694/184 47/50/185
f 24/26/91 631/654/156 1845/1953/186 678/703/187
f 631/654/156 23/25/126 676/701/177 1845/1953/186
f 1845/1953/186 676/701/177 39/42/181 663/687/188
f 678/703/187 1845/1953/186 663/687/188 40/43/189
f 32/34/135 639/662/164 1846/1954/190 679/704/191
f 639/662/164 31/33/150 677/702/183 1846/1954/190
f 1846/1954/190 677/702/183 47/50/185 671/695/192
f 679/704/191 1846/1954/190 671/695/192 48/51/193
f 25/27/93 632/655/92 1847/1955/194 680/705/195
f 632/655/92 24/26/91 678/703/187 1847/1955/194
f 1847/1955/194 678/703/187 40/43/189 664/688/196
f 680/705/195 1847/1955/194 664/688/196 41/44/197
f 17/18/117 625/648/116 1848/1956/198 682/707/199
f 625/648/116 18/19/115 681/706/200 1848/1956/198
f 1848/1956/198 681/706/200 34/36/201 657/681/202
f 682/707/199 1848/1956/198 657/681/202 33/35/203
f 18/19/115 640/663/136 1849/1957/204 681/706/200
f 640/663/136 32/34/135 679/704/191 1849/1957/204
f 1849/1957/204 679/704/191 48/51/193 672/696/205
f 681/706/200 1849/1957/204 672/696/205 34/36/201
f 26/28/146 633/656/145 1850/1958/206 683/708/207
f 633/656/145 25/27/93 680/705/195 1850/1958/206
f 1850/1958/206 680/705/195 41/44/197 665/689/208
f 683/708/207 1850/1958/206 665/689/208 42/45/209
f 19/20/154 626/649/153 1851/1959/210 684/709/211
f 626/649/153 17/18/117 682/707/199 1851/1959/210
f 1851/1959/210 682/707/199 33/35/203 658/682/212
f 684/709/211 1851/1959/210 658/682/212 35/37/213
f 27/29/130 634/657/162 1852/1960/214 685/710/215
f 634/657/162 26/28/146 683/708/207 1852/1960/214
f 1852/1960/214 683/708/207 42/45/209 666/690/216
f 685/710/215 1852/1960/214 666/690/216 43/46/217
f 20/21/140 627/650/166 1853/1961/218 686/711/219
f 627/650/166 19/20/154 684/709/211 1853/1961/218
f 1853/1961/218 684/709/211 35/37/213 659/683/220
f 686/711/219 1853/1961/218 659/683/220 36/38/221
f 28/30/132 635/658/131 1854/1962/222 687/712/223
f 635/658/131 27/29/130 685/710/215 1854/1962/222
f 1854/1962/222 685/710/215 43/46/217 667/691/224
f 687/712/223 1854/1962/222 667/691/224 44/47/225
f 21/22/142 628/651/141 1855/1963/226 688/713/227
f 628/651/141 20/21/140 686/711/219 1855/1963/226
f 1855/1963/226 686/711/219 36/38/221 660/684/228
f 688/713/227 1855/1963/226 660/684/228 37/39/229
f 29/31/107 636/659/158 1856/1964/230 673/697/108
f 636/659/158 28/30/132 687/712/223 1856/1964/230
f 1856/1964/230 687/712/223 44/47/225 668/692/231
f 673/697/108 1856/1964/230 668/692/231 45/48/109
f 22/23/124 629/652/160 1857/1965/232 675/699/178
f 629/652/160 21/22/142 688/713/227 1857/1965/232
f 1857/1965/232 688/713/227 37/39/229 661/685/233
f 675/699/178 1857/1965/232 661/685/233 38/40/179
f 35/37/213 658/682/212 1858/1966/234 838/867/235
f 658/682/212 33/35/203 833/862/236 1858/1966/234
f 1858/1966/234 833/862/236 82/87/237 761/788/238
f 838/867/235 1858/1966/234 761/788/238 88/93/239
f 96/101/240 779/806/241 1859/1967/242 845/874/243
f 779/806/241 93/98/244 843/872/245 1859/1967/242
f 1859/1967/242 843/872/245 53/56/246 693/718/247
f 845/874/243 1859/1967/242 693/718/247 54/57/248
f 120/128/249 819/848/250 1860/1968/251 861/892/252
f 819/848/250 117/125/167 859/890/170 1860/1968/251
f 1860/1968/251 859/890/170 61/65/175 701/726/253
f 861/892/252 1860/1968/251 701/726/253 62/66/254
f 99/104/255 784/813/256 1861/1969/257 847/876/258
f 784/813/256 96/101/240 845/874/243 1861/1969/257
f 1861/1969/257 845/874/243 54/57/248 694/719/259
f 847/876/258 1861/1969/257 694/719/259 55/58/260
f 123/131/261 824/853/262 1862/1970/263 863/894/264
f 824/853/262 120/128/249 861/892/252 1862/1970/263
f 1862/1970/263 861/892/252 62/66/254 702/727/265
f 863/894/264 1862/1970/263 702/727/265 63/67/266
f 102/110/267 789/818/268 1863/1971/269 849/880/270
f 789/818/268 99/105/255 847/877/258 1863/1971/269
f 1863/1971/269 847/877/258 55/59/260 695/720/271
f 849/880/270 1863/1971/269 695/720/271 56/60/272
f 126/134/273 829/858/274 1864/1972/275 839/868/276
f 829/858/274 123/131/261 863/894/264 1864/1972/275
f 1864/1972/275 863/894/264 63/67/266 703/728/277
f 839/868/276 1864/1972/275 703/728/277 64/68/278
f 105/113/279 794/823/280 1865/1973/281 851/882/282
f 794/823/280 102/110/267 849/880/270 1865/1973/281
f 1865/1973/281 849/880/270 56/60/272 696/721/283
f 851/882/282 1865/1973/281 696/721/283 57/61/284
f 108/116/285 799/828/286 1866/1974/287 853/884/288
f 799/828/286 105/113/279 851/882/282 1866/1974/287
f 1866/1974/287 851/882/282 57/61/284 697/722/289
f 853/884/288 1866/1974/287 697/722/289 58/62/290
f 87/92/291 764/791/292 1867/1975/293 835/864/294
f 764/791/292 81/86/295 836/865/296 1867/1975/293
f 1867/1975/293 836/865/296 49/52/297 690/715/298
f 835/864/294 1867/1975/293 690/715/298 51/54/299
f 90/95/300 769/796/301 1868/1976/302 841/870/303
f 769/796/301 87/92/291 835/864/294 1868/1976/302
f 1868/1976/302 835/864/294 51/54/299 691/716/304
f 841/870/303 1868/1976/302 691/716/304 52/55/305
f 111/119/306 804/833/307 1869/1977/308 855/886/309
f 804/833/307 108/116/285 853/884/288 1869/1977/308
f 1869/1977/308 853/884/288 58/62/290 698/723/310
f 855/886/309 1869/1977/308 698/723/310 59/63/311
f 85/90/312 832/861/313 1870/1978/314 837/866/315
f 832/861/313 126/134/273 839/868/276 1870/1978/314
f 1870/1978/314 839/868/276 64/68/278 704/729/316
f 837/866/315 1870/1978/314 704/729/316 50/53/317
f 114/122/171 809/838/318 1871/1979/319 857/888/172
f 809/838/318 111/119/306 855/886/309 1871/1979/319
f 1871/1979/319 855/886/309 59/63/311 699/724/320
f 857/888/172 1871/1979/319 699/724/320 60/64/173
f 93/98/244 774/801/321 1872/1980/322 843/872/245
f 774/801/321 90/95/300 841/870/303 1872/1980/322
f 1872/1980/322 841/870/303 52/55/305 692/717/323
f 843/872/245 1872/1980/322 692/717/323 53/56/246
f 55/58/260 694/719/259 1873/1981/324 722/747/325
f 694/719/259 54/57/248 721/746/326 1873/1981/324
f 1873/1981/324 721/746/326 70/74/327 710/735/328
f 722/747/325 1873/1981/324 710/735/328 71/76/329
f 34/36/201 672/696/205 1874/1982/330 834/863/331
f 672/696/205 48/51/193 840/869/332 1874/1982/330
f 1874/1982/330 840/869/332 127/135/333 830/859/334
f 834/863/331 1874/1982/330 830/859/334 84/89/335
f 42/45/209 665/689/208 1875/1983/336 854/885/337
f 665/689/208 41/44/197 852/883/338 1875/1983/336
f 1875/1983/336 852/883/338 106/114/339 796/825/340
f 854/885/337 1875/1983/336 796/825/340 109/117/341
f 81/86/295 759/786/342 1876/1984/343 836/865/296
f 759/786/342 85/90/312 837/866/315 1876/1984/343
f 1876/1984/343 837/866/315 50/53/317 689/714/344
f 836/865/296 1876/1984/343 689/714/344 49/52/297
f 43/46/217 666/690/216 1877/1985/345 856/887/346
f 666/690/216 42/45/209 854/885/337 1877/1985/345
f 1877/1985/345 854/885/337 109/117/341 801/830/347
f 856/887/346 1877/1985/345 801/830/347 112/120/348
f 36/38/221 659/683/220 1878/1986/349 842/871/350
f 659/683/220 35/37/213 838/867/235 1878/1986/349
f 1878/1986/349 838/867/235 88/93/239 766/793/351
f 842/871/350 1878/1986/349 766/793/351 91/96/352
f 44/47/225 667/691/224 1879/1987/353 858/889/354
f 667/691/224 43/46/217 856/887/346 1879/1987/353
f 1879/1987/353 856/887/346 112/120/348 806/835/355
f 858/889/354 1879/1987/353 806/835/355 115/123/356
f 37/39/229 660/684/228 1880/1988/357 844/873/358
f 660/684/228 36/38/221 842/871/350 1880/1988/357
f 1880/1988/357 842/871/350 91/96/352 771/798/359
f 844/873/358 1880/1988/357 771/798/359 94/99/360
f 45/48/109 668/692/231 1881/1989/361 860/891/362
f 668/692/231 44/47/225 858/889/354 1881/1989/361
f 1881/1989/361 858/889/354 115/123/356 811/840/363
f 860/891/362 1881/1989/361 811/840/363 118/126/364
f 38/40/179 661/685/233 1882/1990/365 846/875/366
f 661/685/233 37/39/229 844/873/358 1882/1990/365
f 1882/1990/365 844/873/358 94/99/360 776/803/367
f 846/875/366 1882/1990/365 776/803/367 97/102/368
f 46/49/111 669/693/110 1883/1991/369 862/893/370
f 669/693/110 45/48/109 860/891/362 1883/1991/369
f 1883/1991/369 860/891/362 118/126/364 816/845/371
f 862/893/370 1883/1991/369 816/845/371 121/129/372
f 39/41/181 662/686/180 1884/1992/373 848/878/374
f 662/686/180 38/40/179 846/875/366 1884/1992/373
f 1884/1992/373 846/875/366 97/102/368 781/809/375
f 848/878/374 1884/1992/373 781/809/375 100/106/376
f 47/50/185 670/694/184 1885/1993/377 864/895/378
f 670/694/184 46/49/111 862/893/370 1885/1993/377
f 1885/1993/377 862/893/370 121/129/372 821/850/379
f 864/895/378 1885/1993/377 821/850/379 124/132/380
f 40/43/189 663/687/188 1886/1994/381 850/881/382
f 663/687/188 39/42/181 848/879/374 1886/1994/381
f 1886/1994/381 848/879/374 100/107/376 786/815/383
f 850/881/382 1886/1994/381 786/815/383 103/111/384
f 48/51/193 671/695/192 1887/1995/385 840/869/332
f 671/695/192 47/50/185 864/895/378 1887/1995/385
f 1887/1995/385 864/895/378 124/132/380 826/855/386
f 840/869/332 1887/1995/385 826/855/386 127/135/333
f 41/44/197 664/688/196 1888/1996/387 852/883/338
f 664/688/196 40/43/189 850/881/382 1888/1996/387
f 1888/1996/387 850/881/382 103/111/384 791/820/388
f 852/883/338 1888/1996/387 791/820/388 106/114/339
f 194/205/389 1024/1076/390 1889/1997/391 994/1045/392
f 1024/1076/390 193/204/393 737/763/394 1889/1997/391
f 737/763/394 1918/2026/395 5017/5265/396 4924/5170/397
f 5022/5270/398 4925/5171/399 5118/5382/400 5213/5528/401
f 63/67/266 702/727/265 1890/1998/402 724/750/403
f 702/727/265 62/66/254 723/749/404 1890/1998/402
f 1890/1998/402 723/749/404 78/83/405 718/743/406
f 724/750/403 1890/1998/402 718/743/406 79/84/407
f 56/60/272 695/720/271 1891/1999/408 725/751/409
f 695/720/271 55/59/260 722/748/325 1891/1999/408
f 1891/1999/408 722/748/325 71/75/329 711/736/410
f 725/751/409 1891/1999/408 711/736/410 72/77/411
f 64/68/278 703/728/277 1892/2000/412 726/752/413
f 703/728/277 63/67/266 724/750/403 1892/2000/412
f 1892/2000/412 724/750/403 79/84/407 719/744/414
f 726/752/413 1892/2000/412 719/744/414 80/85/415
f 57/61/284 696/721/283 1893/2001/416 727/753/417
f 696/721/283 56/60/272 725/751/409 1893/2001/416
f 1893/2001/416 725/751/409 72/77/411 712/737/418
f 727/753/417 1893/2001/416 712/737/418 73/78/419
f 49/52/297 689/714/344 1894/2002/420 729/755/421
f 689/714/344 50/53/317 728/754/422 1894/2002/420
f 1894/2002/420 728/754/422 66/70/423 705/730/424
f 729/755/421 1894/2002/420 705/730/424 65/69/425
f 50/53/317 704/729/316 1895/2003/426 728/754/422
f 704/729/316 64/68/278 726/752/413 1895/2003/426
f 1895/2003/426 726/752/413 80/85/415 720/745/427
f 728/754/422 1895/2003/426 720/745/427 66/70/423
f 58/62/290 697/722/289 1896/2004/428 730/756/429
f 697/722/289 57/61/284 727/753/417 1896/2004/428
f 1896/2004/428 727/753/417 73/78/419 713/738/430
f 730/756/429 1896/2004/428 713/738/430 74/79/431
f 51/54/299 690/715/298 1897/2005/432 731/757/433
f 690/715/298 49/52/297 729/755/421 1897/2005/432
f 1897/2005/432 729/755/421 65/69/425 706/731/434
f 731/757/433 1897/2005/432 706/731/434 67/71/435
f 59/63/311 698/723/310 1898/2006/436 732/758/437
f 698/723/310 58/62/290 730/756/429 1898/2006/436
f 1898/2006/436 730/756/429 74/79/431 714/739/438
f 732/758/437 1898/2006/436 714/739/438 75/80/439
f 52/55/305 691/716/304 1899/2007/440 733/759/441
f 691/716/304 51/54/299 731/757/433 1899/2007/440
f 1899/2007/440 731/757/433 67/71/435 707/732/442
f 733/759/441 1899/2007/440 707/732/442 68/72/443
f 60/64/173 699/724/320 1900/2008/444 734/760/445
f 699/724/320 59/63/311 732/758/437 1900/2008/444
f 1900/2008/444 732/758/437 75/80/439 715/740/446
f 734/760/445 1900/2008/444 715/740/446 76/81/447
f 53/56/246 692/717/323 1901/2009/448 735/761/449
f 692/717/323 52/55/305 733/759/441 1901/2009/448
f 1901/2009/448 733/759/441 68/72/443 708/733/450
f 735/761/449 1901/2009/448 708/733/450 69/73/451
f 61/65/175 700/725/174 1902/2010/452 736/762/453
f 700/725/174 60/64/173 734/760/445 1902/2010/452
f 1902/2010/452 734/760/445 76/81/447 716/741/454
f 736/762/453 1902/2010/452 716/741/454 77/82/455
f 54/57/248 693/718/247 1903/2011/456 721/746/326
f 693/718/247 53/56/246 735/761/449 1903/2011/456
f 1903/2011/456 735/761/449 69/73/451 709/734/457
f 721/746/326 1903/2011/456 709/734/457 70/74/327
f 62/66/254 701/726/253 1904/2012/458 723/749/404
f 701/726/253 61/65/175 736/762/453 1904/2012/458
f 1904/2012/458 736/762/453 77/82/455 717/742/459
f 723/749/404 1904/2012/458 717/742/459 78/83/405
f 196/207/460 1023/1075/461 1905/2013/462 996/1047/463
f 1023/1075/461 195/206/464 739/765/465 1905/2013/462
f 739/765/465 1919/2027/466 5003/5251/467 4910/5154/468
f 5008/5256/469 4911/5155/470 5104/5358/471 5199/5507/472
f 197/208/473 1022/1074/474 1906/2014/475 997/1048/476
f 1022/1074/474 194/205/389 994/1045/392 1906/2014/475
f 994/1045/392 1889/1997/391 5019/5267/477 4926/5172/478
f 5024/5272/479 4927/5173/480 5120/5385/481 5215/5531/482
f 198/209/483 1021/1073/484 1907/2015/485 998/1049/486
f 1021/1073/484 196/207/460 996/1047/463 1907/2015/485
f 996/1047/463 1905/2013/462 5005/5253/487 4912/5156/488
f 5010/5258/489 4913/5157/490 5106/5361/491 5201/5510/492
f 199/210/493 1020/1072/494 1908/2016/495 999/1050/496
f 1020/1072/494 197/208/473 997/1048/476 1908/2016/495
f 997/1048/476 1906/2014/475 5021/5269/497 4928/5174/498
f 5026/5274/499 4929/5175/500 5122/5388/501 5217/5534/502
f 200/212/503 1019/1071/504 1909/2017/505 1000/1051/506
f 1019/1071/504 198/209/483 998/1049/486 1909/2017/505
f 998/1049/486 1907/2015/485 5007/5255/507 4914/5158/508
f 5012/5260/509 4915/5160/510 5108/5365/511 5203/5513/512
f 201/213/513 1018/1070/514 1910/2018/515 1001/1053/516
f 1018/1070/514 199/210/493 999/1050/496 1910/2018/515
f 999/1050/496 1908/2016/495 5023/5271/517 4930/5176/518
f 5028/5276/519 4931/5177/520 5124/5391/521 5219/5537/522
f 202/214/523 1017/1069/524 1911/2019/525 1002/1054/526
f 1017/1069/524 200/211/503 1000/1052/506 1911/2019/525
f 1000/1051/506 1909/2017/505 5009/5257/527 4916/5161/528
f 5014/5262/529 4917/5163/530 5110/5370/531 5205/5516/532
f 203/215/533 1016/1068/534 1912/2020/535 1003/1055/536
f 1016/1068/534 201/213/513 1001/1053/516 1912/2020/535
f 1001/1053/516 1910/2018/515 5025/5273/537 4932/5178/538
f 5030/5278/539 4933/5179/540 5126/5394/541 5221/5540/542
f 204/216/543 1015/1067/544 1913/2021/545 1004/1056/546
f 1015/1067/544 202/214/523 1002/1054/526 1913/2021/545
f 1002/1054/526 1911/2019/525 5011/5259/547 4918/5164/548
f 5016/5264/549 4919/5165/550 5112/5373/551 5207/5519/552
f 206/218/553 1014/1066/554 1914/2022/555 1006/1058/556
f 1014/1066/554 205/217/557 749/776/558 1914/2022/555
f 4906/5150/559 5030/5278/539 5221/5540/542 5097/5348/560
f 5002/5250/561 4903/5147/562 5096/5347/563 5193/5498/564
f 205/217/557 1013/1065/565 1915/2023/566 749/776/558
f 1013/1065/565 203/215/533 1003/1055/536 1915/2023/566
f 1003/1055/536 1912/2020/535 5027/5275/567 4934/5180/568
f 4907/5151/569 5002/5250/561 5193/5498/564 5100/5352/570
f 207/219/571 1012/1064/572 1916/2024/573 1007/1059/574
f 1012/1064/572 204/216/543 1004/1056/546 1916/2024/573
f 1004/1056/546 1913/2021/545 5013/5261/575 4920/5166/576
f 5018/5266/577 4921/5167/578 5114/5376/579 5209/5522/580
f 208/220/581 1011/1063/582 1917/2025/583 1008/1060/584
f 1011/1063/582 206/218/553 1006/1058/556 1917/2025/583
f 1006/1058/556 1914/2022/555 4999/5247/585 4904/5148/586
f 5004/5252/587 4907/5151/569 5100/5352/570 5195/5501/588
f 193/204/393 1010/1062/589 1918/2026/395 737/763/394
f 1010/1062/589 207/219/571 1007/1059/574 1918/2026/395
f 1007/1059/574 1916/2024/573 5015/5263/590 4922/5168/591
f 5020/5268/592 4923/5169/593 5116/5379/594 5211/5525/595
f 195/206/464 1009/1061/596 1919/2027/466 739/765/465
f 1009/1061/596 208/220/581 1008/1060/584 1919/2027/466
f 1008/1060/584 1917/2025/583 5001/5249/597 4908/5152/598
f 5006/5254/599 4909/5153/600 5102/5355/601 5197/5504/602
f 82/87/237 754/781/603 1920/2028/604 753/780/605
f 754/781/603 84/89/335 755/782/606 1920/2028/604
f 1920/2028/604 755/782/606 86/91/607 756/783/608
f 753/780/605 1920/2028/604 756/783/608 83/88/609
f 83/88/609 756/783/608 1921/2029/610 757/784/611
f 756/783/608 86/91/607 758/785/612 1921/2029/610
f 1921/2029/610 758/785/612 85/90/312 759/786/342
f 757/784/611 1921/2029/610 759/786/342 81/86/295
f 88/93/239 761/788/238 1922/2030/613 760/787/614
f 761/788/238 82/87/237 753/780/605 1922/2030/613
f 1922/2030/613 753/780/605 83/88/609 762/789/615
f 760/787/614 1922/2030/613 762/789/615 89/94/616
f 89/94/616 762/789/615 1923/2031/617 763/790/618
f 762/789/615 83/88/609 757/784/611 1923/2031/617
f 1923/2031/617 757/784/611 81/86/295 764/791/292
f 763/790/618 1923/2031/617 764/791/292 87/92/291
f 91/96/352 766/793/351 1924/2032/619 765/792/620
f 766/793/351 88/93/239 760/787/614 1924/2032/619
f 1924/2032/619 760/787/614 89/94/616 767/794/621
f 765/792/620 1924/2032/619 767/794/621 92/97/622
f 92/97/622 767/794/621 1925/2033/623 768/795/624
f 767/794/621 89/94/616 763/790/618 1925/2033/623
f 1925/2033/623 763/790/618 87/92/291 769/796/301
f 768/795/624 1925/2033/623 769/796/301 90/95/300
f 94/99/360 771/798/359 1926/2034/625 770/797/626
f 771/798/359 91/96/352 765/792/620 1926/2034/625
f 1926/2034/625 765/792/620 92/97/622 772/799/627
f 770/797/626 1926/2034/625 772/799/627 95/100/628
f 95/100/628 772/799/627 1927/2035/629 773/800/630
f 772/799/627 92/97/622 768/795/624 1927/2035/629
f 1927/2035/629 768/795/624 90/95/300 774/801/321
f 773/800/630 1927/2035/629 774/801/321 93/98/244
f 97/102/368 776/803/367 1928/2036/631 775/802/632
f 776/803/367 94/99/360 770/797/626 1928/2036/631
f 1928/2036/631 770/797/626 95/100/628 777/804/633
f 775/802/632 1928/2036/631 777/804/633 98/103/634
f 98/103/634 777/804/633 1929/2037/635 778/805/636
f 777/804/633 95/100/628 773/800/630 1929/2037/635
f 1929/2037/635 773/800/630 93/98/244 779/806/241
f 778/805/636 1929/2037/635 779/806/241 96/101/240
f 100/106/376 781/809/375 1930/2038/637 780/807/638
f 781/809/375 97/102/368 775/802/632 1930/2038/637
f 1930/2038/637 775/802/632 98/103/634 782/810/639
f 780/807/638 1930/2038/637 782/810/639 101/108/640
f 101/108/640 782/810/639 1931/2039/641 783/811/642
f 782/810/639 98/103/634 778/805/636 1931/2039/641
f 1931/2039/641 778/805/636 96/101/240 784/813/256
f 783/811/642 1931/2039/641 784/813/256 99/104/255
f 103/111/384 786/815/383 1932/2040/643 785/814/644
f 786/815/383 100/107/376 780/808/638 1932/2040/643
f 1932/2040/643 780/808/638 101/109/640 787/816/645
f 785/814/644 1932/2040/643 787/816/645 104/112/646
f 104/112/646 787/816/645 1933/2041/647 788/817/648
f 787/816/645 101/109/640 783/812/642 1933/2041/647
f 1933/2041/647 783/812/642 99/105/255 789/818/268
f 788/817/648 1933/2041/647 789/818/268 102/110/267
f 106/114/339 791/820/388 1934/2042/649 790/819/650
f 791/820/388 103/111/384 785/814/644 1934/2042/649
f 1934/2042/649 785/814/644 104/112/646 792/821/651
f 790/819/650 1934/2042/649 792/821/651 107/115/652
f 107/115/652 792/821/651 1935/2043/653 793/822/654
f 792/821/651 104/112/646 788/817/648 1935/2043/653
f 1935/2043/653 788/817/648 102/110/267 794/823/280
f 793/822/654 1935/2043/653 794/823/280 105/113/279
f 109/117/341 796/825/340 1936/2044/655 795/824/656
f 796/825/340 106/114/339 790/819/650 1936/2044/655
f 1936/2044/655 790/819/650 107/115/652 797/826/657
f 795/824/656 1936/2044/655 797/826/657 110/118/658
f 110/118/658 797/826/657 1937/2045/659 798/827/660
f 797/826/657 107/115/652 793/822/654 1937/2045/659
f 1937/2045/659 793/822/654 105/113/279 799/828/286
f 798/827/660 1937/2045/659 799/828/286 108/116/285
f 112/120/348 801/830/347 1938/2046/661 800/829/662
f 801/830/347 109/117/341 795/824/656 1938/2046/661
f 1938/2046/661 795/824/656 110/118/658 802/831/663
f 800/829/662 1938/2046/661 802/831/663 113/121/664
f 113/121/664 802/831/663 1939/2047/665 803/832/666
f 802/831/663 110/118/658 798/827/660 1939/2047/665
f 1939/2047/665 798/827/660 108/116/285 804/833/307
f 803/832/666 1939/2047/665 804/833/307 111/119/306
f 115/123/356 806/835/355 1940/2048/667 805/834/668
f 806/835/355 112/120/348 800/829/662 1940/2048/667
f 1940/2048/667 800/829/662 113/121/664 807/836/669
f 805/834/668 1940/2048/667 807/836/669 116/124/670
f 116/124/670 807/836/669 1941/2049/671 808/837/672
f 807/836/669 113/121/664 803/832/666 1941/2049/671
f 1941/2049/671 803/832/666 111/119/306 809/838/318
f 808/837/672 1941/2049/671 809/838/318 114/122/171
f 118/126/364 811/840/363 1942/2050/673 810/839/674
f 811/840/363 115/123/356 805/834/668 1942/2050/673
f 1942/2050/673 805/834/668 116/124/670 812/841/675
f 810/839/674 1942/2050/673 812/841/675 119/127/676
f 119/127/676 812/841/675 1943/2051/677 813/842/678
f 812/841/675 116/124/670 808/837/672 1943/2051/677
f 1943/2051/677 808/837/672 114/122/171 814/843/168
f 813/842/678 1943/2051/677 814/843/168 117/125/167
f 121/129/372 816/845/371 1944/2052/679 815/844/680
f 816/845/371 118/126/364 810/839/674 1944/2052/679
f 1944/2052/679 810/839/674 119/127/676 817/846/681
f 815/844/680 1944/2052/679 817/846/681 122/130/682
f 122/130/682 817/846/681 1945/2053/683 818/847/684
f 817/846/681 119/127/676 813/842/678 1945/2053/683
f 1945/2053/683 813/842/678 117/125/167 819/848/250
f 818/847/684 1945/2053/683 819/848/250 120/128/249
f 124/132/380 821/850/379 1946/2054/685 820/849/686
f 821/850/379 121/129/372 815/844/680 1946/2054/685
f 1946/2054/685 815/844/680 122/130/682 822/851/687
f 820/849/686 1946/2054/685 822/851/687 125/133/688
f 125/133/688 822/851/687 1947/2055/689 823/852/690
f 822/851/687 122/130/682 818/847/684 1947/2055/689
f 1947/2055/689 818/847/684 120/128/249 824/853/262
f 823/852/690 1947/2055/689 824/853/262 123/131/261
f 127/135/333 826/855/386 1948/2056/691 825/854/692
f 826/855/386 124/132/380 820/849/686 1948/2056/691
f 1948/2056/691 820/849/686 125/133/688 827/856/693
f 825/854/692 1948/2056/691 827/856/693 128/136/694
f 128/136/694 827/856/693 1949/2057/695 828/857/696
f 827/856/693 125/133/688 823/852/690 1949/2057/695
f 1949/2057/695 823/852/690 123/131/261 829/858/274
f 828/857/696 1949/2057/695 829/858/274 126/134/273
f 84/89/335 830/859/334 1950/2058/697 755/782/606
f 830/859/334 127/135/333 825/854/692 1950/2058/697
f 1950/2058/697 825/854/692 128/136/694 831/860/698
f 755/782/606 1950/2058/697 831/860/698 86/91/607
f 86/91/607 831/860/698 1951/2059/699 758/785/612
f 831/860/698 128/136/694 828/857/696 1951/2059/699
f 1951/2059/699 828/857/696 126/134/273 832/861/313
f 758/785/612 1951/2059/699 832/861/313 85/90/312
f 33/35/203 657/681/202 1952/2060/700 833/862/236
f 657/681/202 34/36/201 834/863/331 1952/2060/700
f 1952/2060/700 834/863/331 84/89/335 754/781/603
f 833/862/236 1952/2060/700 754/781/603 82/87/237
f 130/138/701 866/897/702 1953/2061/703 865/896/704
f 866/897/702 133/141/705 867/898/706 1953/2061/703
f 1953/2061/703 867/898/706 134/142/707 868/899/708
f 865/896/704 1953/2061/703 868/899/708 131/139/709
f 131/139/709 868/899/708 1954/2062/710 869/900/711
f 868/899/708 134/142/707 870/902/712 1954/2062/710
f 1954/2063/710 870/903/712 132/140/713 871/904/714
f 869/901/711 1954/2063/710 871/904/714 129/137/715
f 133/141/705 872/905/716 1955/2064/717 867/898/706
f 872/905/716 136/144/718 873/906/719 1955/2064/717
f 1955/2064/717 873/906/719 137/145/720 874/907/721
f 867/898/706 1955/2064/717 874/907/721 134/142/707
f 134/142/707 874/907/721 1956/2065/722 870/902/712
f 874/907/721 137/145/720 875/908/723 1956/2065/722
f 1956/2066/722 875/909/723 135/143/724 876/910/725
f 870/903/712 1956/2066/722 876/910/725 132/140/713
f 136/144/718 877/911/726 1957/2067/727 873/906/719
f 877/911/726 139/147/728 878/912/729 1957/2067/727
f 1957/2067/727 878/912/729 140/148/730 879/913/731
f 873/906/719 1957/2067/727 879/913/731 137/145/720
f 137/145/720 879/913/731 1958/2068/732 875/908/723
f 879/913/731 140/148/730 880/914/733 1958/2068/732
f 1958/2069/732 880/915/733 138/146/734 881/916/735
f 875/909/723 1958/2069/732 881/916/735 135/143/724
f 139/147/728 882/917/736 1959/2070/737 878/912/729
f 882/917/736 142/150/738 883/918/739 1959/2070/737
f 1959/2070/737 883/918/739 143/151/740 884/919/741
f 878/912/729 1959/2070/737 884/919/741 140/148/730
f 140/148/730 884/919/741 1960/2071/742 880/914/733
f 884/919/741 143/151/740 885/920/743 1960/2071/742
f 1960/2072/742 885/921/743 141/149/744 886/922/745
f 880/915/733 1960/2072/742 886/922/745 138/146/734
f 142/150/738 887/923/746 1961/2073/747 883/918/739
f 887/923/746 145/153/748 888/924/749 1961/2073/747
f 1961/2073/747 888/924/749 146/154/750 889/925/751
f 883/918/739 1961/2073/747 889/925/751 143/151/740
f 143/151/740 889/925/751 1962/2074/752 885/920/743
f 889/925/751 146/154/750 890/926/753 1962/2074/752
f 1962/2075/752 890/927/753 144/152/754 891/928/755
f 885/921/743 1962/2075/752 891/928/755 141/149/744
f 145/153/748 892/929/756 1963/2076/757 888/924/749
f 892/929/756 148/157/758 893/930/759 1963/2076/757
f 1963/2076/757 893/930/759 149/158/760 894/932/761
f 888/924/749 1963/2076/757 894/932/761 146/154/750
f 146/154/750 894/932/761 1964/2077/762 890/926/753
f 894/932/761 149/158/760 895/933/763 1964/2077/762
f 1964/2078/762 895/935/763 147/155/764 896/936/765
f 890/927/753 1964/2078/762 896/936/765 144/152/754
f 148/156/758 897/937/766 1965/2079/767 893/931/759
f 897/937/766 151/161/768 898/938/769 1965/2079/767
f 1965/2079/767 898/938/769 152/162/770 899/939/771
f 893/931/759 1965/2079/767 899/939/771 149/159/760
f 149/159/760 899/939/771 1966/2080/772 895/934/763
f 899/939/771 152/162/770 900/940/773 1966/2080/772
f 1966/2081/772 900/941/773 150/160/774 901/942/775
f 895/935/763 1966/2081/772 901/942/775 147/155/764
f 151/161/768 902/943/776 1967/2082/777 898/938/769
f 902/943/776 154/164/778 903/944/779 1967/2082/777
f 1967/2082/777 903/944/779 155/165/780 904/945/781
f 898/938/769 1967/2082/777 904/945/781 152/162/770
f 152/162/770 904/945/781 1968/2083/782 900/940/773
f 904/945/781 155/165/780 905/946/783 1968/2083/782
f 1968/2084/782 905/947/783 153/163/784 906/948/785
f 900/941/773 1968/2084/782 906/948/785 150/160/774
f 154/164/778 907/949/786 1969/2085/787 903/944/779
f 907/949/786 157/167/788 908/950/789 1969/2085/787
f 1969/2085/787 908/950/789 158/168/790 909/951/791
f 903/944/779 1969/2085/787 909/951/791 155/165/780
f 155/165/780 909/951/791 1970/2086/792 905/946/783
f 909/951/791 158/168/790 910/952/793 1970/2086/792
f 1970/2087/792 910/953/793 156/166/794 911/954/795
f 905/947/783 1970/2087/792 911/954/795 153/163/784
f 157/167/788 912/955/796 1971/2088/797 908/950/789
f 912/955/796 160/170/798 913/956/799 1971/2088/797
f 1971/2088/797 913/956/799 161/171/800 914/957/801
f 908/950/789 1971/2088/797 914/957/801 158/168/790
f 158/168/790 914/957/801 1972/2089/802 910/952/793
f 914/957/801 161/171/800 915/958/803 1972/2089/802
f 1972/2090/802 915/959/803 159/169/804 916/960/805
f 910/953/793 1972/2090/802 916/960/805 156/166/794
f 160/170/798 917/961/806 1973/2091/807 913/956/799
f 917/961/806 163/173/808 918/962/809 1973/2091/807
f 1973/2091/807 918/962/809 164/174/810 919/963/811
f 913/956/799 1973/2091/807 919/963/811 161/171/800
f 161/171/800 919/963/811 1974/2092/812 915/958/803
f 919/963/811 164/174/810 920/964/813 1974/2092/812
f 1974/2093/812 920/965/813 162/172/814 921/966/815
f 915/959/803 1974/2093/812 921/966/815 159/169/804
f 163/173/808 922/967/816 1975/2094/817 918/962/809
f 922/967/816 166/176/818 923/968/819 1975/2094/817
f 1975/2094/817 923/968/819 167/177/820 924/969/821
f 918/962/809 1975/2094/817 924/969/821 164/174/810
f 164/174/810 924/969/821 1976/2095/822 920/964/813
f 924/969/821 167/177/820 925/970/823 1976/2095/822
f 1976/2096/822 925/971/823 165/175/824 926/972/825
f 920/965/813 1976/2096/822 926/972/825 162/172/814
f 166/176/818 927/973/826 1977/2097/827 923/968/819
f 927/973/826 169/179/828 928/974/829 1977/2097/827
f 1977/2097/827 928/974/829 170/180/830 929/975/831
f 923/968/819 1977/2097/827 929/975/831 167/177/820
f 167/177/820 929/975/831 1978/2098/832 925/970/823
f 929/975/831 170/180/830 930/976/833 1978/2098/832
f 1978/2099/832 930/977/833 168/178/834 931/978/835
f 925/971/823 1978/2099/832 931/978/835 165/175/824
f 169/179/828 932/979/836 1979/2100/837 928/974/829
f 932/979/836 172/182/838 933/980/839 1979/2100/837
f 1979/2100/837 933/980/839 173/183/840 934/981/841
f 928/974/829 1979/2100/837 934/981/841 170/180/830
f 170/180/830 934/981/841 1980/2101/842 930/976/833
f 934/981/841 173/183/840 935/982/843 1980/2101/842
f 1980/2102/842 935/983/843 171/181/844 936/984/845
f 930/977/833 1980/2102/842 936/984/845 168/178/834
f 172/182/838 937/985/846 1981/2103/847 933/980/839
f 937/985/846 175/185/848 938/986/849 1981/2103/847
f 1981/2103/847 938/986/849 176/186/850 939/987/851
f 933/980/839 1981/2103/847 939/987/851 173/183/840
f 173/183/840 939/987/851 1982/2104/852 935/982/843
f 939/987/851 176/186/850 940/988/853 1982/2104/852
f 1982/2105/852 940/989/853 174/184/854 941/990/855
f 935/983/843 1982/2105/852 941/990/855 171/181/844
f 175/185/848 942/991/856 1983/2106/857 938/986/849
f 942/991/856 130/138/701 865/896/704 1983/2106/857
f 1983/2106/857 865/896/704 131/139/709 943/992/858
f 938/986/849 1983/2106/857 943/992/858 176/186/850
f 176/186/850 943/992/858 1984/2107/859 940/988/853
f 943/992/858 131/139/709 869/900/711 1984/2107/859
f 1984/2108/859 869/901/711 129/137/715 944/993/860
f 940/989/853 1984/2108/859 944/993/860 174/184/854
f 129/137/715 871/904/714 1985/2109/861 944/993/860
f 132/140/713 876/910/725 1985/2109/861 871/904/714
f 135/143/724 881/916/735 1985/2109/861 876/910/725
f 138/146/734 886/922/745 1985/2109/861 881/916/735
f 141/149/744 891/928/755 1985/2109/861 886/922/745
f 144/152/754 896/936/765 1985/2109/861 891/928/755
f 147/155/764 901/942/775 1985/2109/861 896/936/765
f 150/160/774 906/948/785 1985/2109/861 901/942/775
f 153/163/784 911/954/795 1985/2109/861 906/948/785
f 156/166/794 916/960/805 1985/2109/861 911/954/795
f 159/169/804 921/966/815 1985/2109/861 916/960/805
f 162/172/814 926/972/825 1985/2109/861 921/966/815
f 165/175/824 931/978/835 1985/2109/861 926/972/825
f 168/178/834 936/984/845 1985/2109/861 931/978/835
f 171/181/844 941/990/855 1985/2109/861 936/984/845
f 174/184/854 944/993/860 1985/2109/861 941/990/855
f 130/138/701 961/1011/862 1986/2110/863 866/897/702
f 961/1011/862 177/187/9 977/1028/101 1986/2110/863
f 1986/2110/863 977/1028/101 178/188/94 946/995/864
f 866/897/702 1986/2110/863 946/995/864 133/141/705
f 133/141/705 946/995/864 1987/2111/865 872/905/716
f 946/995/864 178/188/94 978/1029/97 1987/2111/865
f 1987/2111/865 978/1029/97 180/190/10 948/997/866
f 872/905/716 1987/2111/865 948/997/866 136/144/718
f 172/182/838 960/1010/867 1988/2112/868 937/985/846
f 960/1010/867 192/203/84 979/1030/86 1988/2112/868
f 1988/2112/868 979/1030/86 179/189/1 963/1013/869
f 937/985/846 1988/2112/868 963/1013/869 175/185/848
f 169/179/828 959/1009/870 1989/2113/871 932/979/836
f 959/1009/870 191/202/78 980/1031/80 1989/2113/871
f 1989/2113/871 980/1031/80 192/203/84 960/1010/867
f 932/979/836 1989/2113/871 960/1010/867 172/182/838
f 166/176/818 958/1008/872 1990/2114/873 927/973/826
f 958/1008/872 190/201/72 981/1032/74 1990/2114/873
f 1990/2114/873 981/1032/74 191/202/78 959/1009/870
f 927/973/826 1990/2114/873 959/1009/870 169/179/828
f 163/173/808 957/1007/874 1991/2115/875 922/967/816
f 957/1007/874 189/200/66 982/1033/68 1991/2115/875
f 1991/2115/875 982/1033/68 190/201/72 958/1008/872
f 922/967/816 1991/2115/875 958/1008/872 166/176/818
f 160/170/798 956/1006/876 1992/2116/877 917/961/806
f 956/1006/876 188/199/60 983/1034/62 1992/2116/877
f 1992/2116/877 983/1034/62 189/200/66 957/1007/874
f 917/961/806 1992/2116/877 957/1007/874 163/173/808
f 157/167/788 955/1005/878 1993/2117/879 912/955/796
f 955/1005/878 187/198/54 984/1035/56 1993/2117/879
f 1993/2117/879 984/1035/56 188/199/60 956/1006/876
f 912/955/796 1993/2117/879 956/1006/876 160/170/798
f 154/164/778 954/1004/880 1994/2118/881 907/949/786
f 954/1004/880 186/197/48 985/1036/50 1994/2118/881
f 1994/2118/881 985/1036/50 187/198/54 955/1005/878
f 907/949/786 1994/2118/881 955/1005/878 157/167/788
f 151/161/768 953/1003/882 1995/2119/883 902/943/776
f 953/1003/882 185/196/42 986/1037/44 1995/2119/883
f 1995/2119/883 986/1037/44 186/197/48 954/1004/880
f 902/943/776 1995/2119/883 954/1004/880 154/164/778
f 148/156/758 952/1001/884 1996/2120/885 897/937/766
f 952/1001/884 184/194/36 987/1038/38 1996/2120/885
f 1996/2120/885 987/1038/38 185/196/42 953/1003/882
f 897/937/766 1996/2120/885 953/1003/882 151/161/768
f 145/153/748 951/1000/886 1997/2121/887 892/929/756
f 951/1000/886 183/193/30 988/1039/32 1997/2121/887
f 1997/2121/887 988/1039/32 184/195/36 952/1002/884
f 892/929/756 1997/2121/887 952/1002/884 148/157/758
f 142/150/738 950/999/888 1998/2122/889 887/923/746
f 950/999/888 182/192/24 989/1040/26 1998/2122/889
f 1998/2122/889 989/1040/26 183/193/30 951/1000/886
f 887/923/746 1998/2122/889 951/1000/886 145/153/748
f 139/147/728 949/998/890 1999/2123/891 882/917/736
f 949/998/890 181/191/18 990/1041/20 1999/2123/891
f 1999/2123/891 990/1041/20 182/192/24 950/999/888
f 882/917/736 1999/2123/891 950/999/888 142/150/738
f 136/144/718 948/997/866 2000/2124/892 877/911/726
f 948/997/866 180/190/10 991/1042/13 2000/2124/892
f 2000/2124/892 991/1042/13 181/191/18 949/998/890
f 877/911/726 2000/2124/892 949/998/890 139/147/728
f 175/185/848 963/1013/869 2001/2125/893 942/991/856
f 963/1013/869 179/189/1 992/1043/4 2001/2125/893
f 2001/2125/893 992/1043/4 177/187/9 961/1011/862
f 942/991/856 2001/2125/893 961/1011/862 130/138/701
f 68/72/443 707/732/442 2002/2126/894 995/1046/895
f 707/732/442 67/71/435 752/779/896 2002/2126/894
f 2002/2126/894 752/779/896 208/220/581 1009/1061/596
f 995/1046/895 2002/2126/894 1009/1061/596 195/206/464
f 75/80/439 714/739/438 2003/2127/897 993/1044/898
f 714/739/438 74/79/431 751/778/899 2003/2127/897
f 2003/2127/897 751/778/899 207/219/571 1010/1062/589
f 993/1044/898 2003/2127/897 1010/1062/589 193/204/393
f 67/71/435 706/731/434 2004/2128/900 752/779/896
f 706/731/434 65/69/425 750/777/901 2004/2128/900
f 2004/2128/900 750/777/901 206/218/553 1011/1063/582
f 752/779/896 2004/2128/900 1011/1063/582 208/220/581
f 74/79/431 713/738/430 2005/2129/902 751/778/899
f 713/738/430 73/78/419 748/775/903 2005/2129/902
f 2005/2129/902 748/775/903 204/216/543 1012/1064/572
f 751/778/899 2005/2129/902 1012/1064/572 207/219/571
f 66/70/423 720/745/427 2006/2130/904 1005/1057/905
f 720/745/427 80/85/415 747/774/906 2006/2130/904
f 2006/2130/904 747/774/906 203/215/533 1013/1065/565
f 1005/1057/905 2006/2130/904 1013/1065/565 205/217/557
f 65/69/425 705/730/424 2007/2131/907 750/777/901
f 705/730/424 66/70/423 1005/1057/905 2007/2131/907
f 2007/2131/907 1005/1057/905 205/217/557 1014/1066/554
f 750/777/901 2007/2131/907 1014/1066/554 206/218/553
f 73/78/419 712/737/418 2008/2132/908 748/775/903
f 712/737/418 72/77/411 746/773/909 2008/2132/908
f 2008/2132/908 746/773/909 202/214/523 1015/1067/544
f 748/775/903 2008/2132/908 1015/1067/544 204/216/543
f 80/85/415 719/744/414 2009/2133/910 747/774/906
f 719/744/414 79/84/407 745/772/911 2009/2133/910
f 2009/2133/910 745/772/911 201/213/513 1016/1068/534
f 747/774/906 2009/2133/910 1016/1068/534 203/215/533
f 72/77/411 711/736/410 2010/2134/912 746/773/909
f 711/736/410 71/75/329 744/770/913 2010/2134/912
f 2010/2134/912 744/770/913 200/211/503 1017/1069/524
f 746/773/909 2010/2134/912 1017/1069/524 202/214/523
f 79/84/407 718/743/406 2011/2135/914 745/772/911
f 718/743/406 78/83/405 743/769/915 2011/2135/914
f 2011/2135/914 743/769/915 199/210/493 1018/1070/514
f 745/772/911 2011/2135/914 1018/1070/514 201/213/513
f 71/76/329 710/735/328 2012/2136/916 744/771/913
f 710/735/328 70/74/327 742/768/917 2012/2136/916
f 2012/2136/916 742/768/917 198/209/483 1019/1071/504
f 744/771/913 2012/2136/916 1019/1071/504 200/212/503
f 78/83/405 717/742/459 2013/2137/918 743/769/915
f 717/742/459 77/82/455 741/767/919 2013/2137/918
f 2013/2137/918 741/767/919 197/208/473 1020/1072/494
f 743/769/915 2013/2137/918 1020/1072/494 199/210/493
f 70/74/327 709/734/457 2014/2138/920 742/768/917
f 709/734/457 69/73/451 740/766/921 2014/2138/920
f 2014/2138/920 740/766/921 196/207/460 1021/1073/484
f 742/768/917 2014/2138/920 1021/1073/484 198/209/483
f 77/82/455 716/741/454 2015/2139/922 741/767/919
f 716/741/454 76/81/447 738/764/923 2015/2139/922
f 2015/2139/922 738/764/923 194/205/389 1022/1074/474
f 741/767/919 2015/2139/922 1022/1074/474 197/208/473
f 69/73/451 708/733/450 2016/2140/924 740/766/921
f 708/733/450 68/72/443 995/1046/895 2016/2140/924
f 2016/2140/924 995/1046/895 195/206/464 1023/1075/461
f 740/766/921 2016/2140/924 1023/1075/461 196/207/460
f 76/81/447 715/740/446 2017/2141/925 738/764/923
f 715/740/446 75/80/439 993/1044/898 2017/2141/925
f 2017/2141/925 993/1044/898 193/204/393 1024/1076/390
f 738/764/923 2017/2141/925 1024/1076/390 194/205/389
f 387/399/926 1347/1425/927 2018/2142/928 1392/1471/929
f 1347/1425/927 224/236/930 1040/1093/931 2018/2142/928
f 2018/2142/928 1040/1093/931 209/221/932 1345/1423/933
f 1392/1471/929 2018/2142/928 1345/1423/933 385/397/934
f 388/400/935 1364/1442/936 2019/2143/937 1391/1470/938
f 1364/1442/936 211/223/939 1027/1080/940 2019/2143/937
f 2019/2143/937 1027/1080/940 212/224/941 1365/1443/942
f 1391/1470/938 2019/2143/937 1365/1443/942 389/401/943
f 389/401/943 1365/1443/942 2020/2144/944 1390/1469/945
f 1365/1443/942 212/224/941 1028/1081/946 2020/2144/944
f 2020/2144/944 1028/1081/946 213/225/947 1366/1444/948
f 1390/1469/945 2020/2144/944 1366/1444/948 390/402/949
f 390/402/949 1366/1444/948 2021/2145/950 1389/1468/951
f 1366/1444/948 213/225/947 1029/1082/952 2021/2145/950
f 2021/2145/950 1029/1082/952 214/226/953 1367/1445/954
f 1389/1468/951 2021/2145/950 1367/1445/954 391/403/955
f 391/403/955 1367/1445/954 2022/2146/956 1388/1467/957
f 1367/1445/954 214/226/953 1030/1083/958 2022/2146/956
f 2022/2146/956 1030/1083/958 215/227/959 1368/1446/960
f 1388/1467/957 2022/2146/956 1368/1446/960 392/404/961
f 392/404/961 1368/1446/960 2023/2147/962 1387/1466/963
f 1368/1446/960 215/227/959 1031/1084/964 2023/2147/962
f 2023/2147/962 1031/1084/964 216/228/965 1369/1447/966
f 1387/1466/963 2023/2147/962 1369/1447/966 393/405/967
f 393/405/967 1369/1447/966 2024/2148/968 1386/1465/969
f 1369/1447/966 216/228/965 1032/1085/970 2024/2148/968
f 2024/2148/968 1032/1085/970 217/229/971 1370/1448/972
f 1386/1465/969 2024/2148/968 1370/1448/972 394/406/973
f 394/406/973 1370/1448/972 2025/2149/974 1385/1464/975
f 1370/1448/972 217/229/971 1033/1086/976 2025/2149/974
f 2025/2149/974 1033/1086/976 218/230/977 1371/1449/978
f 1385/1464/975 2025/2149/974 1371/1449/978 395/407/979
f 395/407/979 1371/1449/978 2026/2150/980 1384/1463/981
f 1371/1449/978 218/230/977 1034/1087/982 2026/2150/980
f 2026/2150/980 1034/1087/982 219/231/983 1372/1450/984
f 1384/1463/981 2026/2150/980 1372/1450/984 396/408/985
f 396/408/985 1372/1450/984 2027/2151/986 1383/1462/987
f 1372/1450/984 219/231/983 1035/1088/988 2027/2151/986
f 2027/2151/986 1035/1088/988 220/232/989 1373/1451/990
f 1383/1462/987 2027/2151/986 1373/1451/990 397/409/991
f 397/409/991 1373/1451/990 2028/2152/992 1382/1461/993
f 1373/1451/990 220/232/989 1036/1089/994 2028/2152/992
f 2028/2152/992 1036/1089/994 221/233/995 1374/1452/996
f 1382/1461/993 2028/2152/992 1374/1452/996 398/410/997
f 398/410/997 1374/1452/996 2029/2153/998 1381/1460/999
f 1374/1452/996 221/233/995 1037/1090/1000 2029/2153/998
f 2029/2153/998 1037/1090/1000 222/234/1001 1375/1453/1002
f 1381/1460/999 2029/2153/998 1375/1453/1002 399/411/1003
f 399/411/1003 1375/1453/1002 2030/2154/1004 1380/1459/1005
f 1375/1453/1002 222/234/1001 1038/1091/1006 2030/2154/1004
f 2030/2154/1004 1038/1091/1006 223/235/1007 1376/1454/1008
f 1380/1459/1005 2030/2154/1004 1376/1454/1008 400/412/1009
f 400/412/1009 1376/1454/1008 2031/2155/1010 1379/1458/1011
f 1376/1454/1008 223/235/1007 1039/1092/1012 2031/2155/1010
f 2031/2155/1010 1039/1092/1012 224/236/930 1347/1425/927
f 1379/1458/1011 2031/2155/1010 1347/1425/927 387/399/926
f 217/229/971 1032/1085/970 2032/2156/1013 1058/1112/1014
f 1032/1085/970 216/228/965 1057/1111/1015 2032/2156/1013
f 2032/2156/1013 1057/1111/1015 232/244/1016 1048/1102/1017
f 1058/1112/1014 2032/2156/1013 1048/1102/1017 233/245/1018
f 386/398/1019 1362/1440/1020 2033/2157/1021 1378/1456/1022
f 1362/1440/1020 210/222/1023 1026/1079/1024 2033/2157/1021
f 2033/2158/1021 1026/1078/1024 211/223/939 1364/1442/936
f 1378/1457/1022 2033/2158/1021 1364/1442/936 388/400/935
f 385/397/934 1345/1423/933 2034/2159/1025 1377/1455/1026
f 1345/1423/933 209/221/932 1025/1077/1027 2034/2159/1025
f 2034/2159/1025 1025/1077/1027 210/222/1023 1362/1440/1020
f 1377/1455/1026 2034/2159/1025 1362/1440/1020 386/398/1019
f 238/250/1028 1053/1107/1029 2035/2160/1030 1090/1145/1031
f 1053/1107/1029 237/249/1032 1089/1144/1033 2035/2160/1030
f 2035/2160/1030 1089/1144/1033 253/265/1034 1085/1140/1035
f 1090/1145/1031 2035/2160/1030 1085/1140/1035 254/266/1036
f 210/222/1023 1025/1077/1027 2036/2161/1037 1060/1114/1038
f 1025/1077/1027 209/221/932 1059/1113/1039 2036/2161/1037
f 2036/2161/1037 1059/1113/1039 226/238/1040 1041/1094/1041
f 1060/1114/1038 2036/2161/1037 1041/1094/1041 225/237/1042
f 222/234/1001 1037/1090/1000 2037/2162/1043 1062/1116/1044
f 1037/1090/1000 221/233/995 1061/1115/1045 2037/2162/1043
f 2037/2162/1043 1061/1115/1045 237/249/1032 1053/1107/1029
f 1062/1116/1044 2037/2162/1043 1053/1107/1029 238/250/1028
f 215/227/959 1030/1083/958 2038/2163/1046 1064/1118/1047
f 1030/1083/958 214/226/953 1063/1117/1048 2038/2163/1046
f 2038/2163/1046 1063/1117/1048 230/242/1049 1046/1100/1050
f 1064/1118/1047 2038/2163/1046 1046/1100/1050 231/243/1051
f 220/232/989 1035/1088/988 2039/2164/1052 1066/1120/1053
f 1035/1088/988 219/231/983 1065/1119/1054 2039/2164/1052
f 2039/2164/1052 1065/1119/1054 235/247/1055 1051/1105/1056
f 1066/1120/1053 2039/2164/1052 1051/1105/1056 236/248/1057
f 209/221/932 1040/1093/931 2040/2165/1058 1059/1113/1039
f 1040/1093/931 224/236/930 1067/1121/1059 2040/2165/1058
f 2040/2165/1058 1067/1121/1059 240/252/1060 1056/1110/1061
f 1059/1113/1039 2040/2165/1058 1056/1110/1061 226/238/1040
f 213/225/947 1028/1081/946 2041/2166/1062 1069/1123/1063
f 1028/1081/946 212/224/941 1068/1122/1064 2041/2166/1062
f 2041/2166/1062 1068/1122/1064 228/240/1065 1044/1098/1066
f 1069/1123/1063 2041/2166/1062 1044/1098/1066 229/241/1067
f 218/230/977 1033/1086/976 2042/2167/1068 1070/1124/1069
f 1033/1086/976 217/229/971 1058/1112/1014 2042/2167/1068
f 2042/2167/1068 1058/1112/1014 233/245/1018 1049/1103/1070
f 1070/1124/1069 2042/2167/1068 1049/1103/1070 234/246/1071
f 223/235/1007 1038/1091/1006 2043/2168/1072 1071/1125/1073
f 1038/1091/1006 222/234/1001 1062/1116/1044 2043/2168/1072
f 2043/2168/1072 1062/1116/1044 238/250/1028 1054/1108/1074
f 1071/1125/1073 2043/2168/1072 1054/1108/1074 239/251/1075
f 211/223/939 1026/1078/1024 2044/2170/1076 1072/1126/1077
f 1026/1079/1024 210/222/1023 1060/1114/1038 2044/2169/1076
f 2044/2169/1076 1060/1114/1038 225/237/1042 1042/1096/1078
f 1072/1126/1077 2044/2170/1076 1042/1095/1078 227/239/1079
f 216/228/965 1031/1084/964 2045/2171/1080 1057/1111/1015
f 1031/1084/964 215/227/959 1064/1118/1047 2045/2171/1080
f 2045/2171/1080 1064/1118/1047 231/243/1051 1047/1101/1081
f 1057/1111/1015 2045/2171/1080 1047/1101/1081 232/244/1016
f 221/233/995 1036/1089/994 2046/2172/1082 1061/1115/1045
f 1036/1089/994 220/232/989 1066/1120/1053 2046/2172/1082
f 2046/2172/1082 1066/1120/1053 236/248/1057 1052/1106/1083
f 1061/1115/1045 2046/2172/1082 1052/1106/1083 237/249/1032
f 214/226/953 1029/1082/952 2047/2173/1084 1063/1117/1048
f 1029/1082/952 213/225/947 1069/1123/1063 2047/2173/1084
f 2047/2173/1084 1069/1123/1063 229/241/1067 1045/1099/1085
f 1063/1117/1048 2047/2173/1084 1045/1099/1085 230/242/1049
f 219/231/983 1034/1087/982 2048/2174/1086 1065/1119/1054
f 1034/1087/982 218/230/977 1070/1124/1069 2048/2174/1086
f 2048/2174/1086 1070/1124/1069 234/246/1071 1050/1104/1087
f 1065/1119/1054 2048/2174/1086 1050/1104/1087 235/247/1055
f 224/236/930 1039/1092/1012 2049/2175/1088 1067/1121/1059
f 1039/1092/1012 223/235/1007 1071/1125/1073 2049/2175/1088
f 2049/2175/1088 1071/1125/1073 239/251/1075 1055/1109/1089
f 1067/1121/1059 2049/2175/1088 1055/1109/1089 240/252/1060
f 212/224/941 1027/1080/940 2050/2176/1090 1068/1122/1064
f 1027/1080/940 211/223/939 1072/1126/1077 2050/2176/1090
f 2050/2176/1090 1072/1126/1077 227/239/1079 1043/1097/1091
f 1068/1122/1064 2050/2176/1090 1043/1097/1091 228/240/1065
f 261/273/1092 1109/1165/1093 1195/1255/1094 301/313/1095
f 1230/1290/1096 1116/1172/1097 269/281/1098 325/337/1099
f 231/243/1051 1046/1100/1050 2051/2177/1100 1092/1147/1101
f 1046/1100/1050 230/242/1049 1091/1146/1102 2051/2177/1100
f 2051/2177/1100 1091/1146/1102 246/258/1103 1078/1133/1104
f 1092/1147/1101 2051/2177/1100 1078/1133/1104 247/259/1105
f 239/251/1075 1054/1108/1074 2052/2178/1106 1093/1148/1107
f 1054/1108/1074 238/250/1028 1090/1145/1031 2052/2178/1106
f 2052/2178/1106 1090/1145/1031 254/266/1036 1086/1141/1108
f 1093/1148/1107 2052/2178/1106 1086/1141/1108 255/267/1109
f 232/244/1016 1047/1101/1081 2053/2179/1110 1094/1149/1111
f 1047/1101/1081 231/243/1051 1092/1147/1101 2053/2179/1110
f 2053/2179/1110 1092/1147/1101 247/259/1105 1079/1134/1112
f 1094/1149/1111 2053/2179/1110 1079/1134/1112 248/260/1113
f 240/252/1060 1055/1109/1089 2054/2180/1114 1095/1150/1115
f 1055/1109/1089 239/251/1075 1093/1148/1107 2054/2180/1114
f 2054/2180/1114 1093/1148/1107 255/267/1109 1087/1142/1116
f 1095/1150/1115 2054/2180/1114 1087/1142/1116 256/268/1117
f 233/245/1018 1048/1102/1017 2055/2181/1118 1096/1151/1119
f 1048/1102/1017 232/244/1016 1094/1149/1111 2055/2181/1118
f 2055/2181/1118 1094/1149/1111 248/260/1113 1080/1135/1120
f 1096/1151/1119 2055/2181/1118 1080/1135/1120 249/261/1121
f 225/237/1042 1041/1094/1041 2056/2182/1122 1098/1153/1123
f 1041/1094/1041 226/238/1040 1097/1152/1124 2056/2182/1122
f 2056/2182/1122 1097/1152/1124 242/254/1125 1073/1127/1126
f 1098/1153/1123 2056/2182/1122 1073/1127/1126 241/253/1127
f 226/238/1040 1056/1110/1061 2057/2183/1128 1097/1152/1124
f 1056/1110/1061 240/252/1060 1095/1150/1115 2057/2183/1128
f 2057/2183/1128 1095/1150/1115 256/268/1117 1088/1143/1129
f 1097/1152/1124 2057/2183/1128 1088/1143/1129 242/254/1125
f 234/246/1071 1049/1103/1070 2058/2184/1130 1099/1154/1131
f 1049/1103/1070 233/245/1018 1096/1151/1119 2058/2184/1130
f 2058/2184/1130 1096/1151/1119 249/261/1121 1081/1136/1132
f 1099/1154/1131 2058/2184/1130 1081/1136/1132 250/262/1133
f 227/239/1079 1042/1095/1078 2059/2186/1134 1100/1155/1135
f 1042/1096/1078 225/237/1042 1098/1153/1123 2059/2185/1134
f 2059/2185/1134 1098/1153/1123 241/253/1127 1074/1129/1136
f 1100/1155/1135 2059/2186/1134 1074/1128/1136 243/255/1137
f 235/247/1055 1050/1104/1087 2060/2187/1138 1101/1156/1139
f 1050/1104/1087 234/246/1071 1099/1154/1131 2060/2187/1138
f 2060/2187/1138 1099/1154/1131 250/262/1133 1082/1137/1140
f 1101/1156/1139 2060/2187/1138 1082/1137/1140 251/263/1141
f 228/240/1065 1043/1097/1091 2061/2188/1142 1102/1157/1143
f 1043/1097/1091 227/239/1079 1100/1155/1135 2061/2188/1142
f 2061/2188/1142 1100/1155/1135 243/255/1137 1075/1130/1144
f 1102/1157/1143 2061/2188/1142 1075/1130/1144 244/256/1145
f 236/248/1057 1051/1105/1056 2062/2189/1146 1103/1158/1147
f 1051/1105/1056 235/247/1055 1101/1156/1139 2062/2189/1146
f 2062/2189/1146 1101/1156/1139 251/263/1141 1083/1138/1148
f 1103/1158/1147 2062/2189/1146 1083/1138/1148 252/264/1149
f 229/241/1067 1044/1098/1066 2063/2190/1150 1104/1159/1151
f 1044/1098/1066 228/240/1065 1102/1157/1143 2063/2190/1150
f 2063/2190/1150 1102/1157/1143 244/256/1145 1076/1131/1152
f 1104/1159/1151 2063/2190/1150 1076/1131/1152 245/257/1153
f 237/249/1032 1052/1106/1083 2064/2191/1154 1089/1144/1033
f 1052/1106/1083 236/248/1057 1103/1158/1147 2064/2191/1154
f 2064/2191/1154 1103/1158/1147 252/264/1149 1084/1139/1155
f 1089/1144/1033 2064/2191/1154 1084/1139/1155 253/265/1034
f 230/242/1049 1045/1099/1085 2065/2192/1156 1091/1146/1102
f 1045/1099/1085 229/241/1067 1104/1159/1151 2065/2192/1156
f 2065/2192/1156 1104/1159/1151 245/257/1153 1077/1132/1157
f 1091/1146/1102 2065/2192/1156 1077/1132/1157 246/258/1103
f 243/255/1137 1074/1128/1136 2066/2194/1158 1251/1311/1159
f 1074/1129/1136 241/253/1127 1249/1309/1160 2066/2193/1158
f 2066/2193/1158 1249/1309/1160 290/302/1161 1177/1235/1162
f 1251/1311/1159 2066/2194/1158 1177/1234/1162 296/308/1163
f 269/281/1098 1117/1173/1164 1235/1295/1165 325/337/1099
f 1195/1255/1094 1109/1165/1093 262/274/1166 304/316/1167
f 262/274/1166 1110/1166/1168 1200/1260/1169 304/316/1167
f 1235/1295/1165 1117/1173/1164 270/282/1170 328/340/1171
f 270/282/1170 1118/1174/1172 1240/1300/1173 328/340/1171
f 1200/1260/1169 1110/1166/1168 263/275/1174 307/319/1175
f 263/275/1174 1111/1167/1176 1205/1265/1177 307/319/1175
f 1240/1300/1173 1118/1174/1172 271/283/1178 331/343/1179
f 271/283/1178 1119/1175/1180 1245/1305/1181 331/343/1179
f 1205/1265/1177 1111/1167/1176 264/276/1182 310/322/1183
f 264/276/1182 1112/1168/1184 1210/1270/1185 310/322/1183
f 1245/1305/1181 1119/1175/1180 272/284/1186 334/346/1187
f 265/277/1188 1113/1169/1189 1215/1275/1190 313/325/1191
f 1210/1270/1185 1112/1168/1184 265/277/1188 313/325/1191
f 289/301/1192 257/269/1193 1106/1162/1194 1180/1239/1195
f 1215/1275/1190 1113/1169/1189 266/278/1196 316/328/1197
f 259/271/1198 1107/1163/1199 1185/1245/1200 295/307/1201
f 1180/1240/1195 1106/1161/1194 259/271/1198 295/307/1201
f 266/278/1196 1114/1170/1202 1220/1280/1203 316/328/1197
f 1185/1245/1200 1107/1163/1199 260/272/1204 298/310/1205
f 334/346/1187 272/284/1186 1120/1176/1206 1248/1308/1207
f 1220/1280/1203 1114/1170/1202 267/279/1208 319/331/1209
f 267/279/1208 1115/1171/1210 1225/1285/1211 319/331/1209
f 1248/1308/1207 1120/1176/1206 258/270/1212 293/305/1213
f 260/272/1204 1108/1164/1214 1190/1250/1215 298/310/1205
f 1225/1285/1211 1115/1171/1210 268/280/1216 322/334/1217
f 293/305/1213 258/270/1212 1105/1160/1218 1175/1232/1219
f 1190/1250/1215 1108/1164/1214 261/273/1092 301/313/1095
f 263/275/1174 1110/1166/1168 2067/2195/1220 1138/1195/1221
f 1110/1166/1168 262/274/1166 1137/1194/1222 2067/2195/1220
f 2067/2195/1220 1137/1194/1222 278/290/1223 1126/1183/1224
f 1138/1195/1221 2067/2195/1220 1126/1183/1224 279/291/1225
f 242/254/1125 1088/1143/1129 2068/2196/1226 1250/1310/1227
f 1088/1143/1129 256/268/1117 1252/1312/1228 2068/2196/1226
f 2068/2196/1226 1252/1312/1228 335/347/1229 1246/1306/1230
f 1250/1310/1227 2068/2196/1226 1246/1306/1230 292/304/1231
f 250/262/1133 1081/1136/1132 2069/2197/1232 1259/1319/1233
f 1081/1136/1132 249/261/1121 1258/1318/1234 2069/2197/1232
f 2069/2197/1232 1258/1318/1234 314/326/1235 1212/1272/1236
f 1259/1319/1233 2069/2197/1232 1212/1272/1236 317/329/1237
f 1175/1232/1219 1105/1160/1218 257/269/1193 289/301/1192
f 251/263/1141 1082/1137/1140 2070/2198/1238 1260/1320/1239
f 1082/1137/1140 250/262/1133 1259/1319/1233 2070/2198/1238
f 2070/2198/1238 1259/1319/1233 317/329/1237 1217/1277/1240
f 1260/1320/1239 2070/2198/1238 1217/1277/1240 320/332/1241
f 244/256/1145 1075/1130/1144 2071/2199/1242 1253/1313/1243
f 1075/1130/1144 243/255/1137 1251/1311/1159 2071/2199/1242
f 2071/2199/1242 1251/1311/1159 296/308/1163 1182/1242/1244
f 1253/1313/1243 2071/2199/1242 1182/1242/1244 299/311/1245
f 252/264/1149 1083/1138/1148 2072/2200/1246 1261/1321/1247
f 1083/1138/1148 251/263/1141 1260/1320/1239 2072/2200/1246
f 2072/2200/1246 1260/1320/1239 320/332/1241 1222/1282/1248
f 1261/1321/1247 2072/2200/1246 1222/1282/1248 323/335/1249
f 245/257/1153 1076/1131/1152 2073/2201/1250 1254/1314/1251
f 1076/1131/1152 244/256/1145 1253/1313/1243 2073/2201/1250
f 2073/2201/1250 1253/1313/1243 299/311/1245 1187/1247/1252
f 1254/1314/1251 2073/2201/1250 1187/1247/1252 302/314/1253
f 253/265/1034 1084/1139/1155 2074/2202/1254 1262/1322/1255
f 1084/1139/1155 252/264/1149 1261/1321/1247 2074/2202/1254
f 2074/2202/1254 1261/1321/1247 323/335/1249 1227/1287/1256
f 1262/1322/1255 2074/2202/1254 1227/1287/1256 326/338/1257
f 246/258/1103 1077/1132/1157 2075/2203/1258 1255/1315/1259
f 1077/1132/1157 245/257/1153 1254/1314/1251 2075/2203/1258
f 2075/2203/1258 1254/1314/1251 302/314/1253 1192/1252/1260
f 1255/1315/1259 2075/2203/1258 1192/1252/1260 305/317/1261
f 254/266/1036 1085/1140/1035 2076/2204/1262 1263/1323/1263
f 1085/1140/1035 253/265/1034 1262/1322/1255 2076/2204/1262
f 2076/2204/1262 1262/1322/1255 326/338/1257 1232/1292/1264
f 1263/1323/1263 2076/2204/1262 1232/1292/1264 329/341/1265
f 247/259/1105 1078/1133/1104 2077/2205/1266 1256/1316/1267
f 1078/1133/1104 246/258/1103 1255/1315/1259 2077/2205/1266
f 2077/2205/1266 1255/1315/1259 305/317/1261 1197/1257/1268
f 1256/1316/1267 2077/2205/1266 1197/1257/1268 308/320/1269
f 255/267/1109 1086/1141/1108 2078/2206/1270 1264/1324/1271
f 1086/1141/1108 254/266/1036 1263/1323/1263 2078/2206/1270
f 2078/2206/1270 1263/1323/1263 329/341/1265 1237/1297/1272
f 1264/1324/1271 2078/2206/1270 1237/1297/1272 332/344/1273
f 248/260/1113 1079/1134/1112 2079/2207/1274 1257/1317/1275
f 1079/1134/1112 247/259/1105 1256/1316/1267 2079/2207/1274
f 2079/2207/1274 1256/1316/1267 308/320/1269 1202/1262/1276
f 1257/1317/1275 2079/2207/1274 1202/1262/1276 311/323/1277
f 256/268/1117 1087/1142/1116 2080/2208/1278 1252/1312/1228
f 1087/1142/1116 255/267/1109 1264/1324/1271 2080/2208/1278
f 2080/2208/1278 1264/1324/1271 332/344/1273 1242/1302/1279
f 1252/1312/1228 2080/2208/1278 1242/1302/1279 335/347/1229
f 249/261/1121 1080/1135/1120 2081/2209/1280 1258/1318/1234
f 1080/1135/1120 248/260/1113 1257/1317/1275 2081/2209/1280
f 2081/2209/1280 1257/1317/1275 311/323/1277 1207/1267/1281
f 1258/1318/1234 2081/2209/1280 1207/1267/1281 314/326/1235
f 402/414/1282 1424/1504/1283 2082/2210/1284 1394/1473/1285
f 1424/1504/1283 401/413/1286 1153/1210/1287 2082/2210/1284
f 1153/1210/1287 2111/2241/1288 5049/5299/1289 4956/5202/1290
f 5054/5304/1291 4957/5203/1292 5150/5430/1293 5245/5579/1294
f 271/283/1178 1118/1174/1172 2083/2211/1295 1140/1197/1296
f 1118/1174/1172 270/282/1170 1139/1196/1297 2083/2211/1295
f 2083/2211/1295 1139/1196/1297 286/298/1298 1134/1191/1299
f 1140/1197/1296 2083/2211/1295 1134/1191/1299 287/299/1300
f 264/276/1182 1111/1167/1176 2084/2212/1301 1141/1198/1302
f 1111/1167/1176 263/275/1174 1138/1195/1221 2084/2212/1301
f 2084/2212/1301 1138/1195/1221 279/291/1225 1127/1184/1303
f 1141/1198/1302 2084/2212/1301 1127/1184/1303 280/292/1304
f 272/284/1186 1119/1175/1180 2085/2213/1305 1142/1199/1306
f 1119/1175/1180 271/283/1178 1140/1197/1296 2085/2213/1305
f 2085/2213/1305 1140/1197/1296 287/299/1300 1135/1192/1307
f 1142/1199/1306 2085/2213/1305 1135/1192/1307 288/300/1308
f 265/277/1188 1112/1168/1184 2086/2214/1309 1143/1200/1310
f 1112/1168/1184 264/276/1182 1141/1198/1302 2086/2214/1309
f 2086/2214/1309 1141/1198/1302 280/292/1304 1128/1185/1311
f 1143/1200/1310 2086/2214/1309 1128/1185/1311 281/293/1312
f 257/269/1193 1105/1160/1218 2087/2215/1313 1145/1202/1314
f 1105/1160/1218 258/270/1212 1144/1201/1315 2087/2215/1313
f 2087/2215/1313 1144/1201/1315 274/286/1316 1121/1177/1317
f 1145/1202/1314 2087/2215/1313 1121/1177/1317 273/285/1318
f 258/270/1212 1120/1176/1206 2088/2216/1319 1144/1201/1315
f 1120/1176/1206 272/284/1186 1142/1199/1306 2088/2216/1319
f 2088/2216/1319 1142/1199/1306 288/300/1308 1136/1193/1320
f 1144/1201/1315 2088/2216/1319 1136/1193/1320 274/286/1316
f 266/278/1196 1113/1169/1189 2089/2217/1321 1146/1203/1322
f 1113/1169/1189 265/277/1188 1143/1200/1310 2089/2217/1321
f 2089/2217/1321 1143/1200/1310 281/293/1312 1129/1186/1323
f 1146/1203/1322 2089/2217/1321 1129/1186/1323 282/294/1324
f 259/271/1198 1106/1161/1194 2090/2219/1325 1147/1204/1326
f 1106/1162/1194 257/269/1193 1145/1202/1314 2090/2218/1325
f 2090/2218/1325 1145/1202/1314 273/285/1318 1122/1179/1327
f 1147/1204/1326 2090/2219/1325 1122/1178/1327 275/287/1328
f 267/279/1208 1114/1170/1202 2091/2220/1329 1148/1205/1330
f 1114/1170/1202 266/278/1196 1146/1203/1322 2091/2220/1329
f 2091/2220/1329 1146/1203/1322 282/294/1324 1130/1187/1331
f 1148/1205/1330 2091/2220/1329 1130/1187/1331 283/295/1332
f 260/272/1204 1107/1163/1199 2092/2221/1333 1149/1206/1334
f 1107/1163/1199 259/271/1198 1147/1204/1326 2092/2221/1333
f 2092/2221/1333 1147/1204/1326 275/287/1328 1123/1180/1335
f 1149/1206/1334 2092/2221/1333 1123/1180/1335 276/288/1336
f 268/280/1216 1115/1171/1210 2093/2222/1337 1150/1207/1338
f 1115/1171/1210 267/279/1208 1148/1205/1330 2093/2222/1337
f 2093/2222/1337 1148/1205/1330 283/295/1332 1131/1188/1339
f 1150/1207/1338 2093/2222/1337 1131/1188/1339 284/296/1340
f 261/273/1092 1108/1164/1214 2094/2223/1341 1151/1208/1342
f 1108/1164/1214 260/272/1204 1149/1206/1334 2094/2223/1341
f 2094/2223/1341 1149/1206/1334 276/288/1336 1124/1181/1343
f 1151/1208/1342 2094/2223/1341 1124/1181/1343 277/289/1344
f 269/281/1098 1116/1172/1097 2095/2224/1345 1152/1209/1346
f 1116/1172/1097 268/280/1216 1150/1207/1338 2095/2224/1345
f 2095/2224/1345 1150/1207/1338 284/296/1340 1132/1189/1347
f 1152/1209/1346 2095/2224/1345 1132/1189/1347 285/297/1348
f 262/274/1166 1109/1165/1093 2096/2225/1349 1137/1194/1222
f 1109/1165/1093 261/273/1092 1151/1208/1342 2096/2225/1349
f 2096/2225/1349 1151/1208/1342 277/289/1344 1125/1182/1350
f 1137/1194/1222 2096/2225/1349 1125/1182/1350 278/290/1223
f 270/282/1170 1117/1173/1164 2097/2226/1351 1139/1196/1297
f 1117/1173/1164 269/281/1098 1152/1209/1346 2097/2226/1351
f 2097/2226/1351 1152/1209/1346 285/297/1348 1133/1190/1352
f 1139/1196/1297 2097/2226/1351 1133/1190/1352 286/298/1298
f 404/416/1353 1423/1503/1354 2098/2227/1355 1396/1475/1356
f 1423/1503/1354 403/415/1357 1155/1212/1358 2098/2227/1355
f 1155/1212/1358 2112/2242/1359 5035/5285/1360 4942/5188/1361
f 5040/5290/1362 4943/5189/1363 5136/5409/1364 5231/5558/1365
f 405/417/1366 1422/1502/1367 2099/2228/1368 1397/1476/1369
f 1422/1502/1367 402/414/1282 1394/1473/1285 2099/2228/1368
f 1394/1473/1285 2082/2210/1284 5051/5301/1370 4958/5204/1371
f 5056/5306/1372 4959/5205/1373 5152/5433/1374 5247/5582/1375
f 406/418/1376 1421/1501/1377 2100/2229/1378 1398/1477/1379
f 1421/1501/1377 404/416/1353 1396/1475/1356 2100/2229/1378
f 1396/1475/1356 2098/2227/1355 5037/5287/1380 4944/5190/1381
f 5042/5292/1382 4945/5191/1383 5138/5412/1384 5233/5561/1385
f 407/419/1386 1420/1500/1387 2101/2230/1388 1399/1478/1389
f 1420/1500/1387 405/417/1366 1397/1476/1369 2101/2230/1388
f 1397/1476/1369 2099/2228/1368 5053/5303/1390 4960/5206/1391
f 5058/5308/1392 4961/5207/1393 5154/5436/1394 5249/5585/1395
f 408/420/1396 1419/1499/1397 2102/2231/1398 1400/1479/1399
f 1419/1499/1397 406/418/1376 1398/1477/1379 2102/2231/1398
f 1398/1477/1379 2100/2229/1378 5039/5289/1400 4946/5192/1401
f 5044/5294/1402 4947/5193/1403 5140/5415/1404 5235/5564/1405
f 409/421/1406 1418/1498/1407 2103/2232/1408 1401/1480/1409
f 1418/1498/1407 407/419/1386 1399/1478/1389 2103/2232/1408
f 1399/1478/1389 2101/2230/1388 5055/5305/1410 4962/5208/1411
f 5060/5310/1412 4963/5209/1413 5156/5439/1414 5251/5588/1415
f 410/422/1416 1417/1497/1417 2104/2233/1418 1402/1481/1419
f 1417/1497/1417 408/420/1396 1400/1479/1399 2104/2233/1418
f 1400/1479/1399 2102/2231/1398 5041/5291/1420 4948/5194/1421
f 5046/5296/1422 4949/5195/1423 5142/5418/1424 5237/5567/1425
f 411/423/1426 1416/1496/1427 2105/2234/1428 1403/1482/1429
f 1416/1496/1427 409/421/1406 1401/1480/1409 2105/2234/1428
f 1401/1480/1409 2103/2232/1408 5057/5307/1430 4964/5210/1431
f 5062/5312/1432 4965/5211/1433 5158/5442/1434 5253/5591/1435
f 412/424/1436 1415/1495/1437 2106/2235/1438 1404/1483/1439
f 1415/1495/1437 410/422/1416 1402/1481/1419 2106/2235/1438
f 1402/1481/1419 2104/2233/1418 5043/5293/1440 4950/5196/1441
f 5048/5298/1442 4951/5197/1443 5144/5421/1444 5239/5570/1445
f 414/426/1446 1414/1494/1447 2107/2236/1448 1406/1485/1449
f 1414/1494/1447 413/425/1450 1165/1222/1451 2107/2236/1448
f 4938/5184/1452 5062/5312/1432 5253/5591/1435 5129/5399/1453
f 5034/5284/1454 4935/5181/1455 5128/5397/1456 5225/5546/1457
f 413/425/1450 1413/1493/1458 2108/2237/1459 1165/1222/1451
f 1413/1493/1458 411/423/1426 1403/1482/1429 2108/2237/1459
f 1403/1482/1429 2105/2234/1428 5059/5309/1460 4966/5212/1461
f 4939/5185/1462 5034/5283/1454 5225/5547/1457 5132/5403/1463
f 415/427/1464 1412/1492/1465 2109/2238/1466 1407/1486/1467
f 1412/1492/1465 412/424/1436 1404/1483/1439 2109/2238/1466
f 1404/1483/1439 2106/2235/1438 5045/5295/1468 4952/5198/1469
f 5050/5300/1470 4953/5199/1471 5146/5424/1472 5241/5573/1473
f 416/428/1474 1411/1491/1475 2110/2239/1476 1408/1487/1477
f 1411/1490/1475 414/426/1446 1406/1485/1449 2110/2240/1476
f 1406/1485/1449 2107/2236/1448 5031/5279/1478 4936/5182/1479
f 5036/5286/1480 4939/5185/1462 5132/5403/1463 5227/5552/1481
f 401/413/1286 1410/1489/1482 2111/2241/1288 1153/1210/1287
f 1410/1489/1482 415/427/1464 1407/1486/1467 2111/2241/1288
f 1407/1486/1467 2109/2238/1466 5047/5297/1483 4954/5200/1484
f 5052/5302/1485 4955/5201/1486 5148/5427/1487 5243/5576/1488
f 403/415/1357 1409/1488/1489 2112/2242/1359 1155/1212/1358
f 1409/1488/1489 416/428/1474 1408/1487/1477 2112/2242/1359
f 1408/1487/1477 2110/2239/1476 5033/5281/1490 4940/5186/1491
f 5038/5288/1492 4941/5187/1493 5134/5406/1494 5229/5555/1495
f 290/302/1161 1170/1227/1496 2113/2243/1497 1169/1226/1498
f 1170/1227/1496 292/304/1231 1171/1228/1499 2113/2243/1497
f 2113/2243/1497 1171/1228/1499 294/306/1500 1172/1229/1501
f 1169/1226/1498 2113/2243/1497 1172/1229/1501 291/303/1502
f 291/303/1502 1172/1229/1501 2114/2244/1503 1173/1230/1504
f 1172/1229/1501 294/306/1500 1174/1231/1505 2114/2244/1503
f 2114/2244/1503 1174/1231/1505 293/305/1213 1175/1232/1219
f 1173/1230/1504 2114/2244/1503 1175/1232/1219 289/301/1192
f 296/308/1163 1177/1234/1162 2115/2246/1506 1176/1233/1507
f 1177/1235/1162 290/302/1161 1169/1226/1498 2115/2245/1506
f 2115/2245/1506 1169/1226/1498 291/303/1502 1178/1237/1508
f 1176/1233/1507 2115/2246/1506 1178/1236/1508 297/309/1509
f 297/309/1509 1178/1236/1508 2116/2248/1510 1179/1238/1511
f 1178/1237/1508 291/303/1502 1173/1230/1504 2116/2247/1510
f 2116/2247/1510 1173/1230/1504 289/301/1192 1180/1239/1195
f 1179/1238/1511 2116/2248/1510 1180/1240/1195 295/307/1201
f 299/311/1245 1182/1242/1244 2117/2249/1512 1181/1241/1513
f 1182/1242/1244 296/308/1163 1176/1233/1507 2117/2249/1512
f 2117/2249/1512 1176/1233/1507 297/309/1509 1183/1243/1514
f 1181/1241/1513 2117/2249/1512 1183/1243/1514 300/312/1515
f 300/312/1515 1183/1243/1514 2118/2250/1516 1184/1244/1517
f 1183/1243/1514 297/309/1509 1179/1238/1511 2118/2250/1516
f 2118/2250/1516 1179/1238/1511 295/307/1201 1185/1245/1200
f 1184/1244/1517 2118/2250/1516 1185/1245/1200 298/310/1205
f 302/314/1253 1187/1247/1252 2119/2251/1518 1186/1246/1519
f 1187/1247/1252 299/311/1245 1181/1241/1513 2119/2251/1518
f 2119/2251/1518 1181/1241/1513 300/312/1515 1188/1248/1520
f 1186/1246/1519 2119/2251/1518 1188/1248/1520 303/315/1521
f 303/315/1521 1188/1248/1520 2120/2252/1522 1189/1249/1523
f 1188/1248/1520 300/312/1515 1184/1244/1517 2120/2252/1522
f 2120/2252/1522 1184/1244/1517 298/310/1205 1190/1250/1215
f 1189/1249/1523 2120/2252/1522 1190/1250/1215 301/313/1095
f 305/317/1261 1192/1252/1260 2121/2253/1524 1191/1251/1525
f 1192/1252/1260 302/314/1253 1186/1246/1519 2121/2253/1524
f 2121/2253/1524 1186/1246/1519 303/315/1521 1193/1253/1526
f 1191/1251/1525 2121/2253/1524 1193/1253/1526 306/318/1527
f 306/318/1527 1193/1253/1526 2122/2254/1528 1194/1254/1529
f 1193/1253/1526 303/315/1521 1189/1249/1523 2122/2254/1528
f 2122/2254/1528 1189/1249/1523 301/313/1095 1195/1255/1094
f 1194/1254/1529 2122/2254/1528 1195/1255/1094 304/316/1167
f 308/320/1269 1197/1257/1268 2123/2255/1530 1196/1256/1531
f 1197/1257/1268 305/317/1261 1191/1251/1525 2123/2255/1530
f 2123/2255/1530 1191/1251/1525 306/318/1527 1198/1258/1532
f 1196/1256/1531 2123/2255/1530 1198/1258/1532 309/321/1533
f 309/321/1533 1198/1258/1532 2124/2256/1534 1199/1259/1535
f 1198/1258/1532 306/318/1527 1194/1254/1529 2124/2256/1534
f 2124/2256/1534 1194/1254/1529 304/316/1167 1200/1260/1169
f 1199/1259/1535 2124/2256/1534 1200/1260/1169 307/319/1175
f 311/323/1277 1202/1262/1276 2125/2257/1536 1201/1261/1537
f 1202/1262/1276 308/320/1269 1196/1256/1531 2125/2257/1536
f 2125/2257/1536 1196/1256/1531 309/321/1533 1203/1263/1538
f 1201/1261/1537 2125/2257/1536 1203/1263/1538 312/324/1539
f 312/324/1539 1203/1263/1538 2126/2258/1540 1204/1264/1541
f 1203/1263/1538 309/321/1533 1199/1259/1535 2126/2258/1540
f 2126/2258/1540 1199/1259/1535 307/319/1175 1205/1265/1177
f 1204/1264/1541 2126/2258/1540 1205/1265/1177 310/322/1183
f 314/326/1235 1207/1267/1281 2127/2259/1542 1206/1266/1543
f 1207/1267/1281 311/323/1277 1201/1261/1537 2127/2259/1542
f 2127/2259/1542 1201/1261/1537 312/324/1539 1208/1268/1544
f 1206/1266/1543 2127/2259/1542 1208/1268/1544 315/327/1545
f 315/327/1545 1208/1268/1544 2128/2260/1546 1209/1269/1547
f 1208/1268/1544 312/324/1539 1204/1264/1541 2128/2260/1546
f 2128/2260/1546 1204/1264/1541 310/322/1183 1210/1270/1185
f 1209/1269/1547 2128/2260/1546 1210/1270/1185 313/325/1191
f 317/329/1237 1212/1272/1236 2129/2261/1548 1211/1271/1549
f 1212/1272/1236 314/326/1235 1206/1266/1543 2129/2261/1548
f 2129/2261/1548 1206/1266/1543 315/327/1545 1213/1273/1550
f 1211/1271/1549 2129/2261/1548 1213/1273/1550 318/330/1551
f 318/330/1551 1213/1273/1550 2130/2262/1552 1214/1274/1553
f 1213/1273/1550 315/327/1545 1209/1269/1547 2130/2262/1552
f 2130/2262/1552 1209/1269/1547 313/325/1191 1215/1275/1190
f 1214/1274/1553 2130/2262/1552 1215/1275/1190 316/328/1197
f 320/332/1241 1217/1277/1240 2131/2263/1554 1216/1276/1555
f 1217/1277/1240 317/329/1237 1211/1271/1549 2131/2263/1554
f 2131/2263/1554 1211/1271/1549 318/330/1551 1218/1278/1556
f 1216/1276/1555 2131/2263/1554 1218/1278/1556 321/333/1557
f 321/333/1557 1218/1278/1556 2132/2264/1558 1219/1279/1559
f 1218/1278/1556 318/330/1551 1214/1274/1553 2132/2264/1558
f 2132/2264/1558 1214/1274/1553 316/328/1197 1220/1280/1203
f 1219/1279/1559 2132/2264/1558 1220/1280/1203 319/331/1209
f 323/335/1249 1222/1282/1248 2133/2265/1560 1221/1281/1561
f 1222/1282/1248 320/332/1241 1216/1276/1555 2133/2265/1560
f 2133/2265/1560 1216/1276/1555 321/333/1557 1223/1283/1562
f 1221/1281/1561 2133/2265/1560 1223/1283/1562 324/336/1563
f 324/336/1563 1223/1283/1562 2134/2266/1564 1224/1284/1565
f 1223/1283/1562 321/333/1557 1219/1279/1559 2134/2266/1564
f 2134/2266/1564 1219/1279/1559 319/331/1209 1225/1285/1211
f 1224/1284/1565 2134/2266/1564 1225/1285/1211 322/334/1217
f 326/338/1257 1227/1287/1256 2135/2267/1566 1226/1286/1567
f 1227/1287/1256 323/335/1249 1221/1281/1561 2135/2267/1566
f 2135/2267/1566 1221/1281/1561 324/336/1563 1228/1288/1568
f 1226/1286/1567 2135/2267/1566 1228/1288/1568 327/339/1569
f 327/339/1569 1228/1288/1568 2136/2268/1570 1229/1289/1571
f 1228/1288/1568 324/336/1563 1224/1284/1565 2136/2268/1570
f 2136/2268/1570 1224/1284/1565 322/334/1217 1230/1290/1096
f 1229/1289/1571 2136/2268/1570 1230/1290/1096 325/337/1099
f 329/341/1265 1232/1292/1264 2137/2269/1572 1231/1291/1573
f 1232/1292/1264 326/338/1257 1226/1286/1567 2137/2269/1572
f 2137/2269/1572 1226/1286/1567 327/339/1569 1233/1293/1574
f 1231/1291/1573 2137/2269/1572 1233/1293/1574 330/342/1575
f 330/342/1575 1233/1293/1574 2138/2270/1576 1234/1294/1577
f 1233/1293/1574 327/339/1569 1229/1289/1571 2138/2270/1576
f 2138/2270/1576 1229/1289/1571 325/337/1099 1235/1295/1165
f 1234/1294/1577 2138/2270/1576 1235/1295/1165 328/340/1171
f 332/344/1273 1237/1297/1272 2139/2271/1578 1236/1296/1579
f 1237/1297/1272 329/341/1265 1231/1291/1573 2139/2271/1578
f 2139/2271/1578 1231/1291/1573 330/342/1575 1238/1298/1580
f 1236/1296/1579 2139/2271/1578 1238/1298/1580 333/345/1581
f 333/345/1581 1238/1298/1580 2140/2272/1582 1239/1299/1583
f 1238/1298/1580 330/342/1575 1234/1294/1577 2140/2272/1582
f 2140/2272/1582 1234/1294/1577 328/340/1171 1240/1300/1173
f 1239/1299/1583 2140/2272/1582 1240/1300/1173 331/343/1179
f 335/347/1229 1242/1302/1279 2141/2273/1584 1241/1301/1585
f 1242/1302/1279 332/344/1273 1236/1296/1579 2141/2273/1584
f 2141/2273/1584 1236/1296/1579 333/345/1581 1243/1303/1586
f 1241/1301/1585 2141/2273/1584 1243/1303/1586 336/348/1587
f 336/348/1587 1243/1303/1586 2142/2274/1588 1244/1304/1589
f 1243/1303/1586 333/345/1581 1239/1299/1583 2142/2274/1588
f 2142/2274/1588 1239/1299/1583 331/343/1179 1245/1305/1181
f 1244/1304/1589 2142/2274/1588 1245/1305/1181 334/346/1187
f 292/304/1231 1246/1306/1230 2143/2275/1590 1171/1228/1499
f 1246/1306/1230 335/347/1229 1241/1301/1585 2143/2275/1590
f 2143/2275/1590 1241/1301/1585 336/348/1587 1247/1307/1591
f 1171/1228/1499 2143/2275/1590 1247/1307/1591 294/306/1500
f 294/306/1500 1247/1307/1591 2144/2276/1592 1174/1231/1505
f 1247/1307/1591 336/348/1587 1244/1304/1589 2144/2276/1592
f 2144/2276/1592 1244/1304/1589 334/346/1187 1248/1308/1207
f 1174/1231/1505 2144/2276/1592 1248/1308/1207 293/305/1213
f 241/253/1127 1073/1127/1126 2145/2277/1593 1249/1309/1160
f 1073/1127/1126 242/254/1125 1250/1310/1227 2145/2277/1593
f 2145/2277/1593 1250/1310/1227 292/304/1231 1170/1227/1496
f 1249/1309/1160 2145/2277/1593 1170/1227/1496 290/302/1161
f 338/350/1594 1266/1326/1595 2146/2278/1596 1265/1325/1597
f 1266/1326/1595 341/353/1598 1267/1327/1599 2146/2278/1596
f 2146/2278/1596 1267/1327/1599 342/354/1600 1268/1328/1601
f 1265/1325/1597 2146/2278/1596 1268/1328/1601 339/351/1602
f 339/351/1602 1268/1328/1601 2147/2279/1603 1269/1329/1604
f 1268/1328/1601 342/354/1600 1270/1331/1605 2147/2279/1603
f 2147/2280/1603 1270/1332/1605 340/352/1606 1271/1333/1607
f 1269/1330/1604 2147/2280/1603 1271/1333/1607 337/349/1608
f 341/353/1598 1272/1334/1609 2148/2282/1610 1267/1327/1599
f 1272/1335/1609 344/356/1611 1273/1336/1612 2148/2281/1610
f 2148/2281/1610 1273/1336/1612 345/357/1613 1274/1338/1614
f 1267/1327/1599 2148/2282/1610 1274/1337/1614 342/354/1600
f 342/354/1600 1274/1337/1614 2149/2283/1615 1270/1331/1605
f 1274/1338/1614 345/357/1613 1275/1339/1616 2149/2284/1615
f 2149/2285/1615 1275/1340/1616 343/355/1617 1276/1341/1618
f 1270/1332/1605 2149/2285/1615 1276/1341/1618 340/352/1606
f 344/356/1611 1277/1342/1619 2150/2286/1620 1273/1336/1612
f 1277/1342/1619 347/359/1621 1278/1343/1622 2150/2286/1620
f 2150/2286/1620 1278/1343/1622 348/360/1623 1279/1344/1624
f 1273/1336/1612 2150/2286/1620 1279/1344/1624 345/357/1613
f 345/357/1613 1279/1344/1624 2151/2287/1625 1275/1339/1616
f 1279/1344/1624 348/360/1623 1280/1345/1626 2151/2287/1625
f 2151/2288/1625 1280/1346/1626 346/358/1627 1281/1347/1628
f 1275/1340/1616 2151/2288/1625 1281/1347/1628 343/355/1617
f 347/359/1621 1282/1348/1629 2152/2289/1630 1278/1343/1622
f 1282/1348/1629 350/362/1631 1283/1349/1632 2152/2289/1630
f 2152/2289/1630 1283/1349/1632 351/363/1633 1284/1350/1634
f 1278/1343/1622 2152/2289/1630 1284/1350/1634 348/360/1623
f 348/360/1623 1284/1350/1634 2153/2290/1635 1280/1345/1626
f 1284/1350/1634 351/363/1633 1285/1351/1636 2153/2290/1635
f 2153/2291/1635 1285/1352/1636 349/361/1637 1286/1353/1638
f 1280/1346/1626 2153/2291/1635 1286/1353/1638 346/358/1627
f 350/362/1631 1287/1354/1639 2154/2292/1640 1283/1349/1632
f 1287/1354/1639 353/365/1641 1288/1355/1642 2154/2292/1640
f 2154/2292/1640 1288/1355/1642 354/366/1643 1289/1356/1644
f 1283/1349/1632 2154/2292/1640 1289/1356/1644 351/363/1633
f 351/363/1633 1289/1356/1644 2155/2293/1645 1285/1351/1636
f 1289/1356/1644 354/366/1643 1290/1357/1646 2155/2293/1645
f 2155/2294/1645 1290/1358/1646 352/364/1647 1291/1359/1648
f 1285/1352/1636 2155/2294/1645 1291/1359/1648 349/361/1637
f 353/365/1641 1292/1360/1649 2156/2295/1650 1288/1355/1642
f 1292/1360/1649 356/368/1651 1293/1361/1652 2156/2295/1650
f 2156/2295/1650 1293/1361/1652 357/369/1653 1294/1362/1654
f 1288/1355/1642 2156/2295/1650 1294/1362/1654 354/366/1643
f 354/366/1643 1294/1362/1654 2157/2296/1655 1290/1357/1646
f 1294/1362/1654 357/369/1653 1295/1363/1656 2157/2296/1655
f 2157/2297/1655 1295/1364/1656 355/367/1657 1296/1365/1658
f 1290/1358/1646 2157/2297/1655 1296/1365/1658 352/364/1647
f 356/368/1651 1297/1366/1659 2158/2298/1660 1293/1361/1652
f 1297/1366/1659 359/371/1661 1298/1367/1662 2158/2298/1660
f 2158/2298/1660 1298/1367/1662 360/372/1663 1299/1368/1664
f 1293/1361/1652 2158/2298/1660 1299/1368/1664 357/369/1653
f 357/369/1653 1299/1368/1664 2159/2299/1665 1295/1363/1656
f 1299/1368/1664 360/372/1663 1300/1369/1666 2159/2299/1665
f 2159/2300/1665 1300/1370/1666 358/370/1667 1301/1371/1668
f 1295/1364/1656 2159/2300/1665 1301/1371/1668 355/367/1657
f 359/371/1661 1302/1372/1669 2160/2301/1670 1298/1367/1662
f 1302/1372/1669 362/374/1671 1303/1373/1672 2160/2301/1670
f 2160/2301/1670 1303/1373/1672 363/375/1673 1304/1374/1674
f 1298/1367/1662 2160/2301/1670 1304/1374/1674 360/372/1663
f 360/372/1663 1304/1374/1674 2161/2302/1675 1300/1369/1666
f 1304/1374/1674 363/375/1673 1305/1375/1676 2161/2302/1675
f 2161/2303/1675 1305/1376/1676 361/373/1677 1306/1377/1678
f 1300/1370/1666 2161/2303/1675 1306/1377/1678 358/370/1667
f 362/374/1671 1307/1378/1679 2162/2304/1680 1303/1373/1672
f 1307/1378/1679 365/377/1681 1308/1379/1682 2162/2304/1680
f 2162/2304/1680 1308/1379/1682 366/378/1683 1309/1380/1684
f 1303/1373/1672 2162/2304/1680 1309/1380/1684 363/375/1673
f 363/375/1673 1309/1380/1684 2163/2305/1685 1305/1375/1676
f 1309/1380/1684 366/378/1683 1310/1381/1686 2163/2305/1685
f 2163/2306/1685 1310/1382/1686 364/376/1687 1311/1383/1688
f 1305/1376/1676 2163/2306/1685 1311/1383/1688 361/373/1677
f 365/377/1681 1312/1384/1689 2164/2307/1690 1308/1379/1682
f 1312/1384/1689 368/380/1691 1313/1385/1692 2164/2307/1690
f 2164/2307/1690 1313/1385/1692 369/381/1693 1314/1386/1694
f 1308/1379/1682 2164/2307/1690 1314/1386/1694 366/378/1683
f 366/378/1683 1314/1386/1694 2165/2308/1695 1310/1381/1686
f 1314/1386/1694 369/381/1693 1315/1387/1696 2165/2308/1695
f 2165/2309/1695 1315/1388/1696 367/379/1697 1316/1389/1698
f 1310/1382/1686 2165/2309/1695 1316/1389/1698 364/376/1687
f 368/380/1691 1317/1390/1699 2166/2310/1700 1313/1385/1692
f 1317/1390/1699 371/383/1701 1318/1391/1702 2166/2310/1700
f 2166/2310/1700 1318/1391/1702 372/384/1703 1319/1392/1704
f 1313/1385/1692 2166/2310/1700 1319/1392/1704 369/381/1693
f 369/381/1693 1319/1392/1704 2167/2311/1705 1315/1387/1696
f 1319/1392/1704 372/384/1703 1320/1393/1706 2167/2311/1705
f 2167/2312/1705 1320/1394/1706 370/382/1707 1321/1395/1708
f 1315/1388/1696 2167/2312/1705 1321/1395/1708 367/379/1697
f 371/383/1701 1322/1396/1709 2168/2313/1710 1318/1391/1702
f 1322/1396/1709 374/386/1711 1323/1397/1712 2168/2313/1710
f 2168/2313/1710 1323/1397/1712 375/387/1713 1324/1398/1714
f 1318/1391/1702 2168/2313/1710 1324/1398/1714 372/384/1703
f 372/384/1703 1324/1398/1714 2169/2314/1715 1320/1393/1706
f 1324/1398/1714 375/387/1713 1325/1399/1716 2169/2314/1715
f 2169/2315/1715 1325/1400/1716 373/385/1717 1326/1401/1718
f 1320/1394/1706 2169/2315/1715 1326/1401/1718 370/382/1707
f 374/386/1711 1327/1402/1719 2170/2316/1720 1323/1397/1712
f 1327/1402/1719 377/389/1721 1328/1403/1722 2170/2316/1720
f 2170/2316/1720 1328/1403/1722 378/390/1723 1329/1404/1724
f 1323/1397/1712 2170/2316/1720 1329/1404/1724 375/387/1713
f 375/387/1713 1329/1404/1724 2171/2317/1725 1325/1399/1716
f 1329/1404/1724 378/390/1723 1330/1405/1726 2171/2317/1725
f 2171/2318/1725 1330/1406/1726 376/388/1727 1331/1407/1728
f 1325/1400/1716 2171/2318/1725 1331/1407/1728 373/385/1717
f 377/389/1721 1332/1408/1729 2172/2319/1730 1328/1403/1722
f 1332/1408/1729 380/392/1731 1333/1409/1732 2172/2319/1730
f 2172/2319/1730 1333/1409/1732 381/393/1733 1334/1410/1734
f 1328/1403/1722 2172/2319/1730 1334/1410/1734 378/390/1723
f 378/390/1723 1334/1410/1734 2173/2320/1735 1330/1405/1726
f 1334/1410/1734 381/393/1733 1335/1411/1736 2173/2320/1735
f 2173/2321/1735 1335/1412/1736 379/391/1737 1336/1413/1738
f 1330/1406/1726 2173/2321/1735 1336/1413/1738 376/388/1727
f 380/392/1731 1337/1414/1739 2174/2322/1740 1333/1409/1732
f 1337/1414/1739 383/395/1741 1338/1415/1742 2174/2322/1740
f 2174/2322/1740 1338/1415/1742 384/396/1743 1339/1416/1744
f 1333/1409/1732 2174/2322/1740 1339/1416/1744 381/393/1733
f 381/393/1733 1339/1416/1744 2175/2323/1745 1335/1411/1736
f 1339/1416/1744 384/396/1743 1340/1417/1746 2175/2323/1745
f 2175/2324/1745 1340/1418/1746 382/394/1747 1341/1419/1748
f 1335/1412/1736 2175/2324/1745 1341/1419/1748 379/391/1737
f 383/395/1741 1342/1420/1749 2176/2325/1750 1338/1415/1742
f 1342/1420/1749 338/350/1594 1265/1325/1597 2176/2325/1750
f 2176/2325/1750 1265/1325/1597 339/351/1602 1343/1421/1751
f 1338/1415/1742 2176/2325/1750 1343/1421/1751 384/396/1743
f 384/396/1743 1343/1421/1751 2177/2326/1752 1340/1417/1746
f 1343/1421/1751 339/351/1602 1269/1329/1604 2177/2326/1752
f 2177/2327/1752 1269/1330/1604 337/349/1608 1344/1422/1753
f 1340/1418/1746 2177/2327/1752 1344/1422/1753 382/394/1747
f 337/349/1608 1271/1333/1607 2178/2328/861 1344/1422/1753
f 340/352/1606 1276/1341/1618 2178/2328/861 1271/1333/1607
f 343/355/1617 1281/1347/1628 2178/2328/861 1276/1341/1618
f 346/358/1627 1286/1353/1638 2178/2328/861 1281/1347/1628
f 349/361/1637 1291/1359/1648 2178/2328/861 1286/1353/1638
f 352/364/1647 1296/1365/1658 2178/2328/861 1291/1359/1648
f 355/367/1657 1301/1371/1668 2178/2328/861 1296/1365/1658
f 358/370/1667 1306/1377/1678 2178/2328/861 1301/1371/1668
f 361/373/1677 1311/1383/1688 2178/2328/861 1306/1377/1678
f 364/376/1687 1316/1389/1698 2178/2328/861 1311/1383/1688
f 367/379/1697 1321/1395/1708 2178/2328/861 1316/1389/1698
f 370/382/1707 1326/1401/1718 2178/2328/861 1321/1395/1708
f 373/385/1717 1331/1407/1728 2178/2328/861 1326/1401/1718
f 376/388/1727 1336/1413/1738 2178/2328/861 1331/1407/1728
f 379/391/1737 1341/1419/1748 2178/2328/861 1336/1413/1738
f 382/394/1747 1344/1422/1753 2178/2328/861 1341/1419/1748
f 338/350/1594 1361/1439/1754 2179/2329/1755 1266/1326/1595
f 1361/1439/1754 385/397/934 1377/1455/1026 2179/2329/1755
f 2179/2329/1755 1377/1455/1026 386/398/1019 1346/1424/1756
f 1266/1326/1595 2179/2329/1755 1346/1424/1756 341/353/1598
f 341/353/1598 1346/1424/1756 2180/2330/1757 1272/1334/1609
f 1346/1424/1756 386/398/1019 1378/1456/1022 2180/2330/1757
f 2180/2331/1757 1378/1457/1022 388/400/935 1348/1426/1758
f 1272/1335/1609 2180/2331/1757 1348/1426/1758 344/356/1611
f 380/392/1731 1360/1438/1759 2181/2332/1760 1337/1414/1739
f 1360/1438/1759 400/412/1009 1379/1458/1011 2181/2332/1760
f 2181/2332/1760 1379/1458/1011 387/399/926 1363/1441/1761
f 1337/1414/1739 2181/2332/1760 1363/1441/1761 383/395/1741
f 377/389/1721 1359/1437/1762 2182/2333/1763 1332/1408/1729
f 1359/1437/1762 399/411/1003 1380/1459/1005 2182/2333/1763
f 2182/2333/1763 1380/1459/1005 400/412/1009 1360/1438/1759
f 1332/1408/1729 2182/2333/1763 1360/1438/1759 380/392/1731
f 374/386/1711 1358/1436/1764 2183/2334/1765 1327/1402/1719
f 1358/1436/1764 398/410/997 1381/1460/999 2183/2334/1765
f 2183/2334/1765 1381/1460/999 399/411/1003 1359/1437/1762
f 1327/1402/1719 2183/2334/1765 1359/1437/1762 377/389/1721
f 371/383/1701 1357/1435/1766 2184/2335/1767 1322/1396/1709
f 1357/1435/1766 397/409/991 1382/1461/993 2184/2335/1767
f 2184/2335/1767 1382/1461/993 398/410/997 1358/1436/1764
f 1322/1396/1709 2184/2335/1767 1358/1436/1764 374/386/1711
f 368/380/1691 1356/1434/1768 2185/2336/1769 1317/1390/1699
f 1356/1434/1768 396/408/985 1383/1462/987 2185/2336/1769
f 2185/2336/1769 1383/1462/987 397/409/991 1357/1435/1766
f 1317/1390/1699 2185/2336/1769 1357/1435/1766 371/383/1701
f 365/377/1681 1355/1433/1770 2186/2337/1771 1312/1384/1689
f 1355/1433/1770 395/407/979 1384/1463/981 2186/2337/1771
f 2186/2337/1771 1384/1463/981 396/408/985 1356/1434/1768
f 1312/1384/1689 2186/2337/1771 1356/1434/1768 368/380/1691
f 362/374/1671 1354/1432/1772 2187/2338/1773 1307/1378/1679
f 1354/1432/1772 394/406/973 1385/1464/975 2187/2338/1773
f 2187/2338/1773 1385/1464/975 395/407/979 1355/1433/1770
f 1307/1378/1679 2187/2338/1773 1355/1433/1770 365/377/1681
f 359/371/1661 1353/1431/1774 2188/2339/1775 1302/1372/1669
f 1353/1431/1774 393/405/967 1386/1465/969 2188/2339/1775
f 2188/2339/1775 1386/1465/969 394/406/973 1354/1432/1772
f 1302/1372/1669 2188/2339/1775 1354/1432/1772 362/374/1671
f 356/368/1651 1352/1430/1776 2189/2340/1777 1297/1366/1659
f 1352/1430/1776 392/404/961 1387/1466/963 2189/2340/1777
f 2189/2340/1777 1387/1466/963 393/405/967 1353/1431/1774
f 1297/1366/1659 2189/2340/1777 1353/1431/1774 359/371/1661
f 353/365/1641 1351/1429/1778 2190/2341/1779 1292/1360/1649
f 1351/1429/1778 391/403/955 1388/1467/957 2190/2341/1779
f 2190/2341/1779 1388/1467/957 392/404/961 1352/1430/1776
f 1292/1360/1649 2190/2341/1779 1352/1430/1776 356/368/1651
f 350/362/1631 1350/1428/1780 2191/2342/1781 1287/1354/1639
f 1350/1428/1780 390/402/949 1389/1468/951 2191/2342/1781
f 2191/2342/1781 1389/1468/951 391/403/955 1351/1429/1778
f 1287/1354/1639 2191/2342/1781 1351/1429/1778 353/365/1641
f 347/359/1621 1349/1427/1782 2192/2343/1783 1282/1348/1629
f 1349/1427/1782 389/401/943 1390/1469/945 2192/2343/1783
f 2192/2343/1783 1390/1469/945 390/402/949 1350/1428/1780
f 1282/1348/1629 2192/2343/1783 1350/1428/1780 350/362/1631
f 344/356/1611 1348/1426/1758 2193/2344/1784 1277/1342/1619
f 1348/1426/1758 388/400/935 1391/1470/938 2193/2344/1784
f 2193/2344/1784 1391/1470/938 389/401/943 1349/1427/1782
f 1277/1342/1619 2193/2344/1784 1349/1427/1782 347/359/1621
f 383/395/1741 1363/1441/1761 2194/2345/1785 1342/1420/1749
f 1363/1441/1761 387/399/926 1392/1471/929 2194/2345/1785
f 2194/2345/1785 1392/1471/929 385/397/934 1361/1439/1754
f 1342/1420/1749 2194/2345/1785 1361/1439/1754 338/350/1594
f 276/288/1336 1123/1180/1335 2195/2346/1786 1395/1474/1787
f 1123/1180/1335 275/287/1328 1168/1225/1788 2195/2346/1786
f 2195/2346/1786 1168/1225/1788 416/428/1474 1409/1488/1489
f 1395/1474/1787 2195/2346/1786 1409/1488/1489 403/415/1357
f 283/295/1332 1130/1187/1331 2196/2347/1789 1393/1472/1790
f 1130/1187/1331 282/294/1324 1167/1224/1791 2196/2347/1789
f 2196/2347/1789 1167/1224/1791 415/427/1464 1410/1489/1482
f 1393/1472/1790 2196/2347/1789 1410/1489/1482 401/413/1286
f 275/287/1328 1122/1178/1327 2197/2349/1792 1168/1225/1788
f 1122/1179/1327 273/285/1318 1166/1223/1793 2197/2348/1792
f 2197/2348/1792 1166/1223/1793 414/426/1446 1411/1490/1475
f 1168/1225/1788 2197/2349/1792 1411/1491/1475 416/428/1474
f 282/294/1324 1129/1186/1323 2198/2350/1794 1167/1224/1791
f 1129/1186/1323 281/293/1312 1164/1221/1795 2198/2350/1794
f 2198/2350/1794 1164/1221/1795 412/424/1436 1412/1492/1465
f 1167/1224/1791 2198/2350/1794 1412/1492/1465 415/427/1464
f 274/286/1316 1136/1193/1320 2199/2351/1796 1405/1484/1797
f 1136/1193/1320 288/300/1308 1163/1220/1798 2199/2351/1796
f 2199/2351/1796 1163/1220/1798 411/423/1426 1413/1493/1458
f 1405/1484/1797 2199/2351/1796 1413/1493/1458 413/425/1450
f 273/285/1318 1121/1177/1317 2200/2352/1799 1166/1223/1793
f 1121/1177/1317 274/286/1316 1405/1484/1797 2200/2352/1799
f 2200/2352/1799 1405/1484/1797 413/425/1450 1414/1494/1447
f 1166/1223/1793 2200/2352/1799 1414/1494/1447 414/426/1446
f 281/293/1312 1128/1185/1311 2201/2353/1800 1164/1221/1795
f 1128/1185/1311 280/292/1304 1162/1219/1801 2201/2353/1800
f 2201/2353/1800 1162/1219/1801 410/422/1416 1415/1495/1437
f 1164/1221/1795 2201/2353/1800 1415/1495/1437 412/424/1436
f 288/300/1308 1135/1192/1307 2202/2354/1802 1163/1220/1798
f 1135/1192/1307 287/299/1300 1161/1218/1803 2202/2354/1802
f 2202/2354/1802 1161/1218/1803 409/421/1406 1416/1496/1427
f 1163/1220/1798 2202/2354/1802 1416/1496/1427 411/423/1426
f 280/292/1304 1127/1184/1303 2203/2355/1804 1162/1219/1801
f 1127/1184/1303 279/291/1225 1160/1217/1805 2203/2355/1804
f 2203/2355/1804 1160/1217/1805 408/420/1396 1417/1497/1417
f 1162/1219/1801 2203/2355/1804 1417/1497/1417 410/422/1416
f 287/299/1300 1134/1191/1299 2204/2356/1806 1161/1218/1803
f 1134/1191/1299 286/298/1298 1159/1216/1807 2204/2356/1806
f 2204/2356/1806 1159/1216/1807 407/419/1386 1418/1498/1407
f 1161/1218/1803 2204/2356/1806 1418/1498/1407 409/421/1406
f 279/291/1225 1126/1183/1224 2205/2357/1808 1160/1217/1805
f 1126/1183/1224 278/290/1223 1158/1215/1809 2205/2357/1808
f 2205/2357/1808 1158/1215/1809 406/418/1376 1419/1499/1397
f 1160/1217/1805 2205/2357/1808 1419/1499/1397 408/420/1396
f 286/298/1298 1133/1190/1352 2206/2358/1810 1159/1216/1807
f 1133/1190/1352 285/297/1348 1157/1214/1811 2206/2358/1810
f 2206/2358/1810 1157/1214/1811 405/417/1366 1420/1500/1387
f 1159/1216/1807 2206/2358/1810 1420/1500/1387 407/419/1386
f 278/290/1223 1125/1182/1350 2207/2359/1812 1158/1215/1809
f 1125/1182/1350 277/289/1344 1156/1213/1813 2207/2359/1812
f 2207/2359/1812 1156/1213/1813 404/416/1353 1421/1501/1377
f 1158/1215/1809 2207/2359/1812 1421/1501/1377 406/418/1376
f 285/297/1348 1132/1189/1347 2208/2360/1814 1157/1214/1811
f 1132/1189/1347 284/296/1340 1154/1211/1815 2208/2360/1814
f 2208/2360/1814 1154/1211/1815 402/414/1282 1422/1502/1367
f 1157/1214/1811 2208/2360/1814 1422/1502/1367 405/417/1366
f 277/289/1344 1124/1181/1343 2209/2361/1816 1156/1213/1813
f 1124/1181/1343 276/288/1336 1395/1474/1787 2209/2361/1816
f 2209/2361/1816 1395/1474/1787 403/415/1357 1423/1503/1354
f 1156/1213/1813 2209/2361/1816 1423/1503/1354 404/416/1353
f 284/296/1340 1131/1188/1339 2210/2362/1817 1154/1211/1815
f 1131/1188/1339 283/295/1332 1393/1472/1790 2210/2362/1817
f 2210/2362/1817 1393/1472/1790 401/413/1286 1424/1504/1283
f 1154/1211/1815 2210/2362/1817 1424/1504/1283 402/414/1282
f 579/601/1 1731/1837/2 2211/2363/3 1776/1883/4
f 1731/1837/2 432/445/1818 1440/1520/1819 2211/2363/3
f 2211/2363/3 1440/1520/1819 417/429/1820 1729/1834/8
f 1776/1883/4 2211/2363/3 1729/1834/8 577/598/9
f 580/602/10 1748/1855/11 2212/2364/12 1775/1882/13
f 1748/1855/11 419/432/1821 1427/1507/1822 2212/2364/12
f 2212/2364/12 1427/1507/1822 420/433/1823 1749/1856/17
f 1775/1882/13 2212/2364/12 1749/1856/17 581/603/18
f 581/603/18 1749/1856/17 2213/2365/19 1774/1881/20
f 1749/1856/17 420/433/1823 1428/1508/1824 2213/2365/19
f 2213/2365/19 1428/1508/1824 421/434/1825 1750/1857/23
f 1774/1881/20 2213/2365/19 1750/1857/23 582/604/24
f 582/604/24 1750/1857/23 2214/2366/25 1773/1880/26
f 1750/1857/23 421/434/1825 1429/1509/1826 2214/2366/25
f 2214/2366/25 1429/1509/1826 422/435/1827 1751/1858/29
f 1773/1880/26 2214/2366/25 1751/1858/29 583/605/30
f 583/605/30 1751/1858/29 2215/2367/31 1772/1879/32
f 1751/1858/29 422/435/1827 1430/1510/1828 2215/2367/31
f 2215/2367/31 1430/1510/1828 423/436/1829 1752/1859/35
f 1772/1879/32 2215/2367/31 1752/1859/35 584/606/36
f 584/606/36 1752/1859/35 2216/2368/37 1771/1878/38
f 1752/1859/35 423/436/1829 1431/1511/1830 2216/2368/37
f 2216/2368/37 1431/1511/1830 424/437/1831 1753/1860/41
f 1771/1878/38 2216/2368/37 1753/1860/41 585/607/42
f 585/607/42 1753/1860/41 2217/2369/43 1770/1877/44
f 1753/1860/41 424/437/1831 1432/1512/1832 2217/2369/43
f 2217/2369/43 1432/1512/1832 425/438/1833 1754/1861/47
f 1770/1877/44 2217/2369/43 1754/1861/47 586/608/48
f 586/608/48 1754/1861/47 2218/2370/49 1769/1876/50
f 1754/1861/47 425/438/1833 1433/1513/1834 2218/2370/49
f 2218/2370/49 1433/1513/1834 426/439/1835 1755/1862/53
f 1769/1876/50 2218/2370/49 1755/1862/53 587/609/54
f 587/609/54 1755/1862/53 2219/2371/55 1768/1875/56
f 1755/1862/53 426/439/1835 1434/1514/1836 2219/2371/55
f 2219/2371/55 1434/1514/1836 427/440/1837 1756/1863/59
f 1768/1875/56 2219/2371/55 1756/1863/59 588/610/60
f 588/610/60 1756/1863/59 2220/2372/61 1767/1874/62
f 1756/1863/59 427/440/1837 1435/1515/1838 2220/2372/61
f 2220/2372/61 1435/1515/1838 428/441/1839 1757/1864/65
f 1767/1874/62 2220/2372/61 1757/1864/65 589/611/66
f 589/611/66 1757/1864/65 2221/2373/67 1766/1873/68
f 1757/1864/65 428/441/1839 1436/1516/1840 2221/2373/67
f 2221/2373/67 1436/1516/1840 429/442/1841 1758/1865/71
f 1766/1873/68 2221/2373/67 1758/1865/71 590/612/72
f 590/612/72 1758/1865/71 2222/2374/73 1765/1872/74
f 1758/1865/71 429/442/1841 1437/1517/1842 2222/2374/73
f 2222/2374/73 1437/1517/1842 430/443/1843 1759/1866/77
f 1765/1872/74 2222/2374/73 1759/1866/77 591/613/78
f 591/613/78 1759/1866/77 2223/2375/79 1764/1871/80
f 1759/1866/77 430/443/1843 1438/1518/1844 2223/2375/79
f 2223/2375/79 1438/1518/1844 431/444/1845 1760/1867/83
f 1764/1871/80 2223/2375/79 1760/1867/83 592/614/84
f 592/614/84 1760/1867/83 2224/2376/85 1763/1870/86
f 1760/1867/83 431/444/1845 1439/1519/1846 2224/2376/85
f 2224/2376/85 1439/1519/1846 432/445/1818 1731/1837/2
f 1763/1870/86 2224/2376/85 1731/1837/2 579/601/1
f 425/438/1833 1432/1512/1832 2225/2377/1847 1458/1538/1848
f 1432/1512/1832 424/437/1831 1457/1537/1849 2225/2377/1847
f 2225/2377/1847 1457/1537/1849 440/454/1850 1448/1528/1851
f 1458/1538/1848 2225/2377/1847 1448/1528/1851 441/455/1852
f 578/600/94 1746/1852/95 2226/2378/96 1762/1869/97
f 1746/1852/95 418/431/1853 1426/1506/1854 2226/2378/96
f 2226/2378/96 1426/1506/1854 419/432/1821 1748/1855/11
f 1762/1869/97 2226/2378/96 1748/1855/11 580/602/10
f 577/598/9 1729/1834/8 2227/2379/100 1761/1868/101
f 1729/1834/8 417/429/1820 1425/1505/1855 2227/2379/100
f 2227/2379/100 1425/1505/1855 418/430/1853 1746/1853/95
f 1761/1868/101 2227/2379/100 1746/1853/95 578/599/94
f 446/460/1856 1453/1533/1857 2228/2380/1858 1490/1571/1859
f 1453/1533/1857 445/459/1860 1489/1570/1861 2228/2380/1858
f 2228/2380/1858 1489/1570/1861 461/476/1862 1485/1566/1863
f 1490/1571/1859 2228/2380/1858 1485/1566/1863 462/477/1864
f 418/430/1853 1425/1505/1855 2229/2381/1865 1460/1540/1866
f 1425/1505/1855 417/429/1820 1459/1539/1867 2229/2381/1865
f 2229/2381/1865 1459/1539/1867 434/448/1868 1441/1521/1869
f 1460/1540/1866 2229/2381/1865 1441/1521/1869 433/446/1870
f 430/443/1843 1437/1517/1842 2230/2382/1871 1462/1543/1872
f 1437/1517/1842 429/442/1841 1461/1542/1873 2230/2382/1871
f 2230/2382/1871 1461/1542/1873 445/459/1860 1453/1533/1857
f 1462/1543/1872 2230/2382/1871 1453/1533/1857 446/460/1856
f 423/436/1829 1430/1510/1828 2231/2383/1874 1464/1545/1875
f 1430/1510/1828 422/435/1827 1463/1544/1876 2231/2383/1874
f 2231/2383/1874 1463/1544/1876 438/452/1877 1446/1526/1878
f 1464/1545/1875 2231/2383/1874 1446/1526/1878 439/453/1879
f 428/441/1839 1435/1515/1838 2232/2384/1880 1466/1547/1881
f 1435/1515/1838 427/440/1837 1465/1546/1882 2232/2384/1880
f 2232/2384/1880 1465/1546/1882 443/457/1883 1451/1531/1884
f 1466/1547/1881 2232/2384/1880 1451/1531/1884 444/458/1885
f 417/429/1820 1440/1520/1819 2233/2385/1886 1459/1539/1867
f 1440/1520/1819 432/445/1818 1467/1548/1887 2233/2385/1886
f 2233/2385/1886 1467/1548/1887 448/462/1888 1456/1536/1889
f 1459/1539/1867 2233/2385/1886 1456/1536/1889 434/448/1868
f 421/434/1825 1428/1508/1824 2234/2386/1890 1469/1550/1891
f 1428/1508/1824 420/433/1823 1468/1549/1892 2234/2386/1890
f 2234/2386/1890 1468/1549/1892 436/450/1893 1444/1524/1894
f 1469/1550/1891 2234/2386/1890 1444/1524/1894 437/451/1895
f 426/439/1835 1433/1513/1834 2235/2387/1896 1470/1551/1897
f 1433/1513/1834 425/438/1833 1458/1538/1848 2235/2387/1896
f 2235/2387/1896 1458/1538/1848 441/455/1852 1449/1529/1898
f 1470/1551/1897 2235/2387/1896 1449/1529/1898 442/456/1899
f 431/444/1845 1438/1518/1844 2236/2388/1900 1471/1552/1901
f 1438/1518/1844 430/443/1843 1462/1543/1872 2236/2388/1900
f 2236/2388/1900 1462/1543/1872 446/460/1856 1454/1534/1902
f 1471/1552/1901 2236/2388/1900 1454/1534/1902 447/461/1903
f 419/432/1821 1426/1506/1854 2237/2389/1904 1472/1553/1905
f 1426/1506/1854 418/431/1853 1460/1541/1866 2237/2389/1904
f 2237/2389/1904 1460/1541/1866 433/447/1870 1442/1522/1906
f 1472/1553/1905 2237/2389/1904 1442/1522/1906 435/449/1907
f 424/437/1831 1431/1511/1830 2238/2390/1908 1457/1537/1849
f 1431/1511/1830 423/436/1829 1464/1545/1875 2238/2390/1908
f 2238/2390/1908 1464/1545/1875 439/453/1879 1447/1527/1909
f 1457/1537/1849 2238/2390/1908 1447/1527/1909 440/454/1850
f 429/442/1841 1436/1516/1840 2239/2391/1910 1461/1542/1873
f 1436/1516/1840 428/441/1839 1466/1547/1881 2239/2391/1910
f 2239/2391/1910 1466/1547/1881 444/458/1885 1452/1532/1911
f 1461/1542/1873 2239/2391/1910 1452/1532/1911 445/459/1860
f 422/435/1827 1429/1509/1826 2240/2392/1912 1463/1544/1876
f 1429/1509/1826 421/434/1825 1469/1550/1891 2240/2392/1912
f 2240/2392/1912 1469/1550/1891 437/451/1895 1445/1525/1913
f 1463/1544/1876 2240/2392/1912 1445/1525/1913 438/452/1877
f 427/440/1837 1434/1514/1836 2241/2393/1914 1465/1546/1882
f 1434/1514/1836 426/439/1835 1470/1551/1897 2241/2393/1914
f 2241/2393/1914 1470/1551/1897 442/456/1899 1450/1530/1915
f 1465/1546/1882 2241/2393/1914 1450/1530/1915 443/457/1883
f 432/445/1818 1439/1519/1846 2242/2394/1916 1467/1548/1887
f 1439/1519/1846 431/444/1845 1471/1552/1901 2242/2394/1916
f 2242/2394/1916 1471/1552/1901 447/461/1903 1455/1535/1917
f 1467/1548/1887 2242/2394/1916 1455/1535/1917 448/462/1888
f 420/433/1823 1427/1507/1822 2243/2395/1918 1468/1549/1892
f 1427/1507/1822 419/432/1821 1472/1553/1905 2243/2395/1918
f 2243/2395/1918 1472/1553/1905 435/449/1907 1443/1523/1919
f 1468/1549/1892 2243/2395/1918 1443/1523/1919 436/450/1893
f 1535/1618/1920 2289/2441/1921 1579/1665/1922 493/512/1923
f 1614/1700/1924 2288/2440/1925 1536/1619/1926 517/536/1927
f 439/453/1879 1446/1526/1878 2244/2396/1928 1492/1573/1929
f 1446/1526/1878 438/452/1877 1491/1572/1930 2244/2396/1928
f 2244/2396/1928 1491/1572/1930 454/469/1931 1478/1559/1932
f 1492/1573/1929 2244/2396/1928 1478/1559/1932 455/470/1933
f 447/461/1903 1454/1534/1902 2245/2397/1934 1493/1574/1935
f 1454/1534/1902 446/460/1856 1490/1571/1859 2245/2397/1934
f 2245/2397/1934 1490/1571/1859 462/477/1864 1486/1567/1936
f 1493/1574/1935 2245/2397/1934 1486/1567/1936 463/478/1937
f 440/454/1850 1447/1527/1909 2246/2398/1938 1494/1575/1939
f 1447/1527/1909 439/453/1879 1492/1573/1929 2246/2398/1938
f 2246/2398/1938 1492/1573/1929 455/470/1933 1479/1560/1940
f 1494/1575/1939 2246/2398/1938 1479/1560/1940 456/471/1941
f 448/462/1888 1455/1535/1917 2247/2399/1942 1495/1576/1943
f 1455/1535/1917 447/461/1903 1493/1574/1935 2247/2399/1942
f 2247/2399/1942 1493/1574/1935 463/478/1937 1487/1568/1944
f 1495/1576/1943 2247/2399/1942 1487/1568/1944 464/479/1945
f 441/455/1852 1448/1528/1851 2248/2400/1946 1496/1577/1947
f 1448/1528/1851 440/454/1850 1494/1575/1939 2248/2400/1946
f 2248/2400/1946 1494/1575/1939 456/471/1941 1480/1561/1948
f 1496/1577/1947 2248/2400/1946 1480/1561/1948 457/472/1949
f 433/446/1870 1441/1521/1869 2249/2401/1950 1498/1579/1951
f 1441/1521/1869 434/448/1868 1497/1578/1952 2249/2401/1950
f 2249/2401/1950 1497/1578/1952 450/465/1953 1473/1554/1954
f 1498/1579/1951 2249/2401/1950 1473/1554/1954 449/464/1955
f 434/448/1868 1456/1536/1889 2250/2402/1956 1497/1578/1952
f 1456/1536/1889 448/462/1888 1495/1576/1943 2250/2402/1956
f 2250/2402/1956 1495/1576/1943 464/479/1945 1488/1569/1957
f 1497/1578/1952 2250/2402/1956 1488/1569/1957 450/465/1953
f 442/456/1899 1449/1529/1898 2251/2403/1958 1499/1581/1959
f 1449/1529/1898 441/455/1852 1496/1577/1947 2251/2403/1958
f 2251/2403/1958 1496/1577/1947 457/472/1949 1481/1562/1960
f 1499/1581/1959 2251/2403/1958 1481/1562/1960 458/473/1961
f 435/449/1907 1442/1522/1906 2252/2404/1962 1500/1582/1963
f 1442/1522/1906 433/447/1870 1498/1580/1951 2252/2404/1962
f 2252/2404/1962 1498/1580/1951 449/463/1955 1474/1555/1964
f 1500/1582/1963 2252/2404/1962 1474/1555/1964 451/466/1965
f 443/457/1883 1450/1530/1915 2253/2405/1966 1501/1583/1967
f 1450/1530/1915 442/456/1899 1499/1581/1959 2253/2405/1966
f 2253/2405/1966 1499/1581/1959 458/473/1961 1482/1563/1968
f 1501/1583/1967 2253/2405/1966 1482/1563/1968 459/474/1969
f 436/450/1893 1443/1523/1919 2254/2406/1970 1502/1584/1971
f 1443/1523/1919 435/449/1907 1500/1582/1963 2254/2406/1970
f 2254/2406/1970 1500/1582/1963 451/466/1965 1475/1556/1972
f 1502/1584/1971 2254/2406/1970 1475/1556/1972 452/467/1973
f 444/458/1885 1451/1531/1884 2255/2407/1974 1503/1585/1975
f 1451/1531/1884 443/457/1883 1501/1583/1967 2255/2407/1974
f 2255/2407/1974 1501/1583/1967 459/474/1969 1483/1564/1976
f 1503/1585/1975 2255/2407/1974 1483/1564/1976 460/475/1977
f 437/451/1895 1444/1524/1894 2256/2408/1978 1504/1586/1979
f 1444/1524/1894 436/450/1893 1502/1584/1971 2256/2408/1978
f 2256/2408/1978 1502/1584/1971 452/467/1973 1476/1557/1980
f 1504/1586/1979 2256/2408/1978 1476/1557/1980 453/468/1981
f 445/459/1860 1452/1532/1911 2257/2409/1982 1489/1570/1861
f 1452/1532/1911 444/458/1885 1503/1585/1975 2257/2409/1982
f 2257/2409/1982 1503/1585/1975 460/475/1977 1484/1565/1983
f 1489/1570/1861 2257/2409/1982 1484/1565/1983 461/476/1862
f 438/452/1877 1445/1525/1913 2258/2410/1984 1491/1572/1930
f 1445/1525/1913 437/451/1895 1504/1586/1979 2258/2410/1984
f 2258/2410/1984 1504/1586/1979 453/468/1981 1477/1558/1985
f 1491/1572/1930 2258/2410/1984 1477/1558/1985 454/469/1931
f 451/466/1965 1474/1555/1964 2259/2411/1986 1635/1722/1987
f 1474/1555/1964 449/463/1955 1633/1719/1988 2259/2411/1986
f 2259/2411/1986 1633/1719/1988 482/499/1989 1561/1647/1990
f 1635/1722/1987 2259/2411/1986 1561/1647/1990 488/507/1991
f 1536/1619/1926 2290/2442/1992 1619/1705/1993 517/536/1927
f 1579/1665/1922 2289/2441/1921 1521/1603/1994 496/515/1995
f 1521/1603/1994 2260/2412/1996 1584/1670/1997 496/515/1995
f 1619/1705/1993 2290/2442/1992 1523/1605/1998 520/539/1999
f 1523/1605/1998 2276/2428/2000 1624/1710/2001 520/539/1999
f 1584/1670/1997 2260/2412/1996 1522/1604/2002 499/518/2003
f 1522/1604/2002 2277/2429/2004 1589/1675/2005 499/518/2003
f 1624/1710/2001 2276/2428/2000 1524/1606/2006 523/542/2007
f 1524/1606/2006 2278/2430/2008 1629/1715/2009 523/542/2007
f 1589/1675/2005 2277/2429/2004 1525/1607/2010 502/521/2011
f 1525/1607/2010 2279/2431/2012 1594/1680/2013 502/521/2011
f 1629/1715/2009 2278/2430/2008 1526/1608/2014 526/545/2015
f 1527/1609/2016 2282/2434/2017 1599/1685/2018 505/524/2019
f 1594/1680/2013 2279/2431/2012 1527/1609/2016 505/524/2019
f 1529/1612/2020 2283/2435/2021 1564/1650/2022 481/498/2023
f 1599/1685/2018 2282/2434/2017 1530/1613/2024 508/527/2025
f 1531/1614/2026 2285/2437/2027 1569/1655/2028 487/506/2029
f 1564/1650/2022 2283/2435/2021 1531/1614/2026 487/506/2029
f 1530/1613/2024 2284/2436/2030 1604/1690/2031 508/527/2025
f 1569/1655/2028 2285/2437/2027 1533/1616/2032 490/509/2033
f 1526/1608/2014 2281/2433/2034 1632/1718/2035 526/545/2015
f 1604/1690/2031 2284/2436/2030 1532/1615/2036 511/530/2037
f 1532/1615/2036 2286/2438/2038 1609/1695/2039 511/530/2037
f 1632/1718/2035 2281/2433/2034 1528/1610/2040 485/504/2041
f 1534/1617/2042 2288/2440/1925 1614/1700/1924 514/533/2043
f 1533/1616/2032 2287/2439/2044 1574/1660/2045 490/509/2033
f 1609/1695/2039 2286/2438/2038 1534/1617/2042 514/533/2043
f 1528/1610/2040 2280/2432/2046 1559/1645/2047 485/504/2041
f 1574/1660/2045 2287/2439/2044 1535/1618/1920 493/512/1923
f 2260/2412/1996 1521/1603/1994 470/486/1223 1510/1592/1224
f 1522/1604/2002 2260/2412/1996 1510/1592/1224 471/487/1225
f 450/465/1953 1488/1569/1957 2261/2413/2048 1634/1721/2049
f 1488/1569/1957 464/479/1945 1636/1723/2050 2261/2413/2048
f 2261/2413/2048 1636/1723/2050 527/546/2051 1630/1716/2052
f 1634/1721/2049 2261/2413/2048 1630/1716/2052 484/503/2053
f 458/473/1961 1481/1562/1960 2262/2414/2054 1643/1730/2055
f 1481/1562/1960 457/472/1949 1642/1729/2056 2262/2414/2054
f 2262/2414/2054 1642/1729/2056 506/525/2057 1596/1682/2058
f 1643/1730/2055 2262/2414/2054 1596/1682/2058 509/528/2059
f 1559/1645/2047 2280/2432/2046 1529/1611/2020 481/497/2023
f 459/474/1969 1482/1563/1968 2263/2415/2060 1644/1731/2061
f 1482/1563/1968 458/473/1961 1643/1730/2055 2263/2415/2060
f 2263/2415/2060 1643/1730/2055 509/528/2059 1601/1687/2062
f 1644/1731/2061 2263/2415/2060 1601/1687/2062 512/531/2063
f 452/467/1973 1475/1556/1972 2264/2416/2064 1637/1724/2065
f 1475/1556/1972 451/466/1965 1635/1722/1987 2264/2416/2064
f 2264/2416/2064 1635/1722/1987 488/507/1991 1566/1652/2066
f 1637/1724/2065 2264/2416/2064 1566/1652/2066 491/510/2067
f 460/475/1977 1483/1564/1976 2265/2417/2068 1645/1732/2069
f 1483/1564/1976 459/474/1969 1644/1731/2061 2265/2417/2068
f 2265/2417/2068 1644/1731/2061 512/531/2063 1606/1692/2070
f 1645/1732/2069 2265/2417/2068 1606/1692/2070 515/534/2071
f 453/468/1981 1476/1557/1980 2266/2418/2072 1638/1725/2073
f 1476/1557/1980 452/467/1973 1637/1724/2065 2266/2418/2072
f 2266/2418/2072 1637/1724/2065 491/510/2067 1571/1657/2074
f 1638/1725/2073 2266/2418/2072 1571/1657/2074 494/513/2075
f 461/476/1862 1484/1565/1983 2267/2419/2076 1646/1733/2077
f 1484/1565/1983 460/475/1977 1645/1732/2069 2267/2419/2076
f 2267/2419/2076 1645/1732/2069 515/534/2071 1611/1697/2078
f 1646/1733/2077 2267/2419/2076 1611/1697/2078 518/537/2079
f 454/469/1931 1477/1558/1985 2268/2420/2080 1639/1726/2081
f 1477/1558/1985 453/468/1981 1638/1725/2073 2268/2420/2080
f 2268/2420/2080 1638/1725/2073 494/513/2075 1576/1662/2082
f 1639/1726/2081 2268/2420/2080 1576/1662/2082 497/516/2083
f 462/477/1864 1485/1566/1863 2269/2421/2084 1647/1734/2085
f 1485/1566/1863 461/476/1862 1646/1733/2077 2269/2421/2084
f 2269/2421/2084 1646/1733/2077 518/537/2079 1616/1702/2086
f 1647/1734/2085 2269/2421/2084 1616/1702/2086 521/540/2087
f 455/470/1933 1478/1559/1932 2270/2422/2088 1640/1727/2089
f 1478/1559/1932 454/469/1931 1639/1726/2081 2270/2422/2088
f 2270/2422/2088 1639/1726/2081 497/516/2083 1581/1667/2090
f 1640/1727/2089 2270/2422/2088 1581/1667/2090 500/519/2091
f 463/478/1937 1486/1567/1936 2271/2423/2092 1648/1735/2093
f 1486/1567/1936 462/477/1864 1647/1734/2085 2271/2423/2092
f 2271/2423/2092 1647/1734/2085 521/540/2087 1621/1707/2094
f 1648/1735/2093 2271/2423/2092 1621/1707/2094 524/543/2095
f 456/471/1941 1479/1560/1940 2272/2424/2096 1641/1728/2097
f 1479/1560/1940 455/470/1933 1640/1727/2089 2272/2424/2096
f 2272/2424/2096 1640/1727/2089 500/519/2091 1586/1672/2098
f 1641/1728/2097 2272/2424/2096 1586/1672/2098 503/522/2099
f 464/479/1945 1487/1568/1944 2273/2425/2100 1636/1723/2050
f 1487/1568/1944 463/478/1937 1648/1735/2093 2273/2425/2100
f 2273/2425/2100 1648/1735/2093 524/543/2095 1626/1712/2101
f 1636/1723/2050 2273/2425/2100 1626/1712/2101 527/546/2051
f 457/472/1949 1480/1561/1948 2274/2426/2102 1642/1729/2056
f 1480/1561/1948 456/471/1941 1641/1728/2097 2274/2426/2102
f 2274/2426/2102 1641/1728/2097 503/522/2099 1591/1677/2103
f 1642/1729/2056 2274/2426/2102 1591/1677/2103 506/525/2057
f 594/616/1282 1808/1916/1283 2275/2427/1284 1778/1885/1285
f 1808/1916/1283 593/615/1286 1537/1620/2104 2275/2427/1284
f 1537/1620/2104 2304/2456/1288 5081/5331/1289 4988/5236/1290
f 5086/5336/1291 4989/5237/1292 5182/5481/2105 5277/5627/1294
f 2276/2428/2000 1523/1605/1998 478/494/1298 1518/1600/1299
f 1524/1606/2006 2276/2428/2000 1518/1600/1299 479/495/1300
f 2277/2429/2004 1522/1604/2002 471/487/1225 1511/1593/1303
f 1525/1607/2010 2277/2429/2004 1511/1593/1303 472/488/1304
f 2278/2430/2008 1524/1606/2006 479/495/1300 1519/1601/1307
f 1526/1608/2014 2278/2430/2008 1519/1601/1307 480/496/1308
f 2279/2431/2012 1525/1607/2010 472/488/1304 1512/1594/1311
f 1527/1609/2016 2279/2431/2012 1512/1594/1311 473/489/1312
f 2280/2432/2046 1528/1610/2040 466/482/1316 1505/1587/1317
f 1529/1611/2020 2280/2432/2046 1505/1587/1317 465/481/1318
f 2281/2433/2034 1526/1608/2014 480/496/1308 1520/1602/1320
f 1528/1610/2040 2281/2433/2034 1520/1602/1320 466/482/1316
f 2282/2434/2017 1527/1609/2016 473/489/1312 1513/1595/1323
f 1530/1613/2024 2282/2434/2017 1513/1595/1323 474/490/1324
f 2283/2435/2021 1529/1612/2020 465/480/1318 1506/1588/1327
f 1531/1614/2026 2283/2435/2021 1506/1588/1327 467/483/1328
f 2284/2436/2030 1530/1613/2024 474/490/1324 1514/1596/1331
f 1532/1615/2036 2284/2436/2030 1514/1596/1331 475/491/1332
f 2285/2437/2027 1531/1614/2026 467/483/1328 1507/1589/1335
f 1533/1616/2032 2285/2437/2027 1507/1589/1335 468/484/1336
f 2286/2438/2038 1532/1615/2036 475/491/1332 1515/1597/1339
f 1534/1617/2042 2286/2438/2038 1515/1597/1339 476/492/1340
f 2287/2439/2044 1533/1616/2032 468/484/1336 1508/1590/1343
f 1535/1618/1920 2287/2439/2044 1508/1590/1343 469/485/1344
f 2288/2440/1925 1534/1617/2042 476/492/1340 1516/1598/1347
f 1536/1619/1926 2288/2440/1925 1516/1598/1347 477/493/1348
f 2289/2441/1921 1535/1618/1920 469/485/1344 1509/1591/1350
f 1521/1603/1994 2289/2441/1921 1509/1591/1350 470/486/1223
f 2290/2442/1992 1536/1619/1926 477/493/1348 1517/1599/1352
f 1523/1605/1998 2290/2442/1992 1517/1599/1352 478/494/1298
f 596/618/1353 1807/1915/1354 2291/2443/1355 1780/1887/1356
f 1807/1915/1354 595/617/1357 1539/1622/1358 2291/2443/1355
f 1539/1622/1358 2305/2457/1359 5067/5317/1360 4974/5222/1361
f 5072/5322/1362 4975/5223/2106 5168/5460/1364 5263/5606/1365
f 597/619/1366 1806/1914/1367 2292/2444/1368 1781/1888/1369
f 1806/1914/1367 594/616/1282 1778/1885/1285 2292/2444/1368
f 1778/1885/1285 2275/2427/1284 5083/5333/1370 4990/5238/1371
f 5088/5338/1372 4991/5239/2107 5184/5484/1374 5279/5630/1375
f 598/620/1376 1805/1913/1377 2293/2445/1378 1782/1889/1379
f 1805/1913/1377 596/618/1353 1780/1887/1356 2293/2445/1378
f 1780/1887/1356 2291/2443/1355 5069/5319/1380 4976/5224/1381
f 5074/5324/1382 4977/5225/1383 5170/5463/2108 5265/5609/1385
f 599/621/1386 1804/1912/1387 2294/2446/1388 1783/1890/1389
f 1804/1912/1387 597/619/1366 1781/1888/1369 2294/2446/1388
f 1781/1888/1369 2292/2444/1368 5085/5335/1390 4992/5240/1391
f 5090/5340/1392 4993/5241/2109 5186/5487/2110 5281/5633/1395
f 600/622/1396 1803/1911/1397 2295/2447/2111 1784/1891/2112
f 1803/1911/1397 598/620/1376 1782/1889/1379 2295/2447/2111
f 1782/1889/1379 2293/2445/1378 5071/5321/1400 4978/5226/1401
f 5076/5326/1402 4979/5227/1403 5172/5466/1404 5267/5612/1405
f 601/623/1406 1802/1910/1407 2296/2448/1408 1785/1892/2113
f 1802/1910/1407 599/621/1386 1783/1890/1389 2296/2448/1408
f 1783/1890/1389 2294/2446/1388 5087/5337/1410 4994/5242/1411
f 5092/5342/1412 4995/5243/1413 5188/5490/1414 5283/5636/1415
f 602/624/1416 1801/1909/1417 2297/2449/1418 1786/1893/1419
f 1801/1909/1417 600/622/1396 1784/1891/2112 2297/2449/1418
f 1784/1891/2112 2295/2447/2111 5073/5323/1420 4980/5228/2114
f 5078/5328/1422 4981/5229/1423 5174/5469/1424 5269/5615/1425
f 603/625/1426 1800/1908/1427 2298/2450/1428 1787/1894/1429
f 1800/1908/1427 601/623/1406 1785/1892/2113 2298/2450/1428
f 1785/1892/2113 2296/2448/1408 5089/5339/1430 4996/5244/2115
f 5094/5344/1432 4997/5245/1433 5190/5493/2116 5285/5639/1435
f 604/626/2117 1799/1907/1437 2299/2451/1438 1788/1895/1439
f 1799/1907/1437 602/624/1416 1786/1893/1419 2299/2451/1438
f 1786/1893/1419 2297/2449/1418 5075/5325/1440 4982/5230/1441
f 5080/5330/1442 4983/5231/1443 5176/5472/1444 5271/5618/1445
f 606/629/1446 1798/1906/1447 2300/2452/1448 1790/1897/1449
f 1798/1906/1447 605/627/1450 1549/1632/1451 2300/2452/1448
f 4970/5218/2118 5094/5344/1432 5285/5639/1435 5161/5450/1453
f 5066/5316/1454 4967/5214/1455 5160/5446/1456 5257/5597/1457
f 605/627/1450 1797/1905/1458 2301/2453/1459 1549/1632/1451
f 1797/1905/1458 603/625/1426 1787/1894/1429 2301/2453/1459
f 1787/1894/1429 2298/2450/1428 5091/5341/1460 4998/5246/1461
f 4971/5219/1462 5066/5316/1454 5257/5597/1457 5164/5454/1463
f 607/630/1464 1796/1904/1465 2302/2454/1466 1791/1899/1467
f 1796/1904/1465 604/626/2117 1788/1895/1439 2302/2454/1466
f 1788/1895/1439 2299/2451/1438 5077/5327/1468 4984/5232/1469
f 5082/5332/1470 4985/5233/1471 5178/5475/1472 5273/5621/1473
f 608/631/1474 1795/1903/1475 2303/2455/1476 1792/1900/2119
f 1795/1903/1475 606/628/1446 1790/1898/1449 2303/2455/1476
f 1790/1897/1449 2300/2452/1448 5063/5313/1478 4968/5215/1479
f 5068/5318/1480 4971/5219/1462 5164/5454/1463 5259/5600/1481
f 593/615/1286 1794/1902/1482 2304/2456/1288 1537/1620/2104
f 1794/1902/1482 607/630/1464 1791/1899/1467 2304/2456/1288
f 1791/1899/1467 2302/2454/1466 5079/5329/1483 4986/5234/1484
f 5084/5334/1485 4987/5235/1486 5180/5478/1487 5275/5624/1488
f 595/617/1357 1793/1901/1489 2305/2457/1359 1539/1622/1358
f 1793/1901/1489 608/631/1474 1792/1900/2119 2305/2457/1359
f 1792/1900/2119 2303/2455/1476 5065/5315/1490 4972/5220/1491
f 5070/5320/1492 4973/5221/2120 5166/5457/1494 5261/5603/1495
f 482/500/1989 1554/1639/2121 2306/2458/2122 1553/1637/2123
f 1554/1639/2121 484/503/2053 1555/1640/2124 2306/2458/2122
f 2306/2458/2122 1555/1640/2124 486/505/2125 1556/1641/2126
f 1553/1637/2123 2306/2458/2122 1556/1641/2126 483/501/2127
f 483/501/2127 1556/1641/2126 2307/2459/2128 1557/1642/2129
f 1556/1641/2126 486/505/2125 1558/1644/2130 2307/2459/2128
f 2307/2459/2128 1558/1644/2130 485/504/2041 1559/1645/2047
f 1557/1642/2129 2307/2459/2128 1559/1645/2047 481/497/2023
f 488/507/1991 1561/1647/1990 2308/2460/2131 1560/1646/2132
f 1561/1647/1990 482/499/1989 1553/1638/2123 2308/2460/2131
f 2308/2460/2131 1553/1638/2123 483/502/2127 1562/1648/2133
f 1560/1646/2132 2308/2460/2131 1562/1648/2133 489/508/2134
f 489/508/2134 1562/1648/2133 2309/2461/2135 1563/1649/2136
f 1562/1648/2133 483/502/2127 1557/1643/2129 2309/2461/2135
f 2309/2461/2135 1557/1643/2129 481/498/2023 1564/1650/2022
f 1563/1649/2136 2309/2461/2135 1564/1650/2022 487/506/2029
f 491/510/2067 1566/1652/2066 2310/2462/2137 1565/1651/2138
f 1566/1652/2066 488/507/1991 1560/1646/2132 2310/2462/2137
f 2310/2462/2137 1560/1646/2132 489/508/2134 1567/1653/2139
f 1565/1651/2138 2310/2462/2137 1567/1653/2139 492/511/2140
f 492/511/2140 1567/1653/2139 2311/2463/2141 1568/1654/2142
f 1567/1653/2139 489/508/2134 1563/1649/2136 2311/2463/2141
f 2311/2463/2141 1563/1649/2136 487/506/2029 1569/1655/2028
f 1568/1654/2142 2311/2463/2141 1569/1655/2028 490/509/2033
f 494/513/2075 1571/1657/2074 2312/2464/2143 1570/1656/2144
f 1571/1657/2074 491/510/2067 1565/1651/2138 2312/2464/2143
f 2312/2464/2143 1565/1651/2138 492/511/2140 1572/1658/2145
f 1570/1656/2144 2312/2464/2143 1572/1658/2145 495/514/2146
f 495/514/2146 1572/1658/2145 2313/2465/2147 1573/1659/2148
f 1572/1658/2145 492/511/2140 1568/1654/2142 2313/2465/2147
f 2313/2465/2147 1568/1654/2142 490/509/2033 1574/1660/2045
f 1573/1659/2148 2313/2465/2147 1574/1660/2045 493/512/1923
f 497/516/2083 1576/1662/2082 2314/2466/2149 1575/1661/2150
f 1576/1662/2082 494/513/2075 1570/1656/2144 2314/2466/2149
f 2314/2466/2149 1570/1656/2144 495/514/2146 1577/1663/2151
f 1575/1661/2150 2314/2466/2149 1577/1663/2151 498/517/2152
f 498/517/2152 1577/1663/2151 2315/2467/2153 1578/1664/2154
f 1577/1663/2151 495/514/2146 1573/1659/2148 2315/2467/2153
f 2315/2467/2153 1573/1659/2148 493/512/1923 1579/1665/1922
f 1578/1664/2154 2315/2467/2153 1579/1665/1922 496/515/1995
f 500/519/2091 1581/1667/2090 2316/2468/2155 1580/1666/2156
f 1581/1667/2090 497/516/2083 1575/1661/2150 2316/2468/2155
f 2316/2468/2155 1575/1661/2150 498/517/2152 1582/1668/2157
f 1580/1666/2156 2316/2468/2155 1582/1668/2157 501/520/2158
f 501/520/2158 1582/1668/2157 2317/2469/2159 1583/1669/2160
f 1582/1668/2157 498/517/2152 1578/1664/2154 2317/2469/2159
f 2317/2469/2159 1578/1664/2154 496/515/1995 1584/1670/1997
f 1583/1669/2160 2317/2469/2159 1584/1670/1997 499/518/2003
f 503/522/2099 1586/1672/2098 2318/2470/2161 1585/1671/2162
f 1586/1672/2098 500/519/2091 1580/1666/2156 2318/2470/2161
f 2318/2470/2161 1580/1666/2156 501/520/2158 1587/1673/2163
f 1585/1671/2162 2318/2470/2161 1587/1673/2163 504/523/2164
f 504/523/2164 1587/1673/2163 2319/2471/2165 1588/1674/2166
f 1587/1673/2163 501/520/2158 1583/1669/2160 2319/2471/2165
f 2319/2471/2165 1583/1669/2160 499/518/2003 1589/1675/2005
f 1588/1674/2166 2319/2471/2165 1589/1675/2005 502/521/2011
f 506/525/2057 1591/1677/2103 2320/2472/2167 1590/1676/2168
f 1591/1677/2103 503/522/2099 1585/1671/2162 2320/2472/2167
f 2320/2472/2167 1585/1671/2162 504/523/2164 1592/1678/2169
f 1590/1676/2168 2320/2472/2167 1592/1678/2169 507/526/2170
f 507/526/2170 1592/1678/2169 2321/2473/2171 1593/1679/2172
f 1592/1678/2169 504/523/2164 1588/1674/2166 2321/2473/2171
f 2321/2473/2171 1588/1674/2166 502/521/2011 1594/1680/2013
f 1593/1679/2172 2321/2473/2171 1594/1680/2013 505/524/2019
f 509/528/2059 1596/1682/2058 2322/2474/2173 1595/1681/2174
f 1596/1682/2058 506/525/2057 1590/1676/2168 2322/2474/2173
f 2322/2474/2173 1590/1676/2168 507/526/2170 1597/1683/2175
f 1595/1681/2174 2322/2474/2173 1597/1683/2175 510/529/2176
f 510/529/2176 1597/1683/2175 2323/2475/2177 1598/1684/2178
f 1597/1683/2175 507/526/2170 1593/1679/2172 2323/2475/2177
f 2323/2475/2177 1593/1679/2172 505/524/2019 1599/1685/2018
f 1598/1684/2178 2323/2475/2177 1599/1685/2018 508/527/2025
f 512/531/2063 1601/1687/2062 2324/2476/2179 1600/1686/2180
f 1601/1687/2062 509/528/2059 1595/1681/2174 2324/2476/2179
f 2324/2476/2179 1595/1681/2174 510/529/2176 1602/1688/2181
f 1600/1686/2180 2324/2476/2179 1602/1688/2181 513/532/2182
f 513/532/2182 1602/1688/2181 2325/2477/2183 1603/1689/2184
f 1602/1688/2181 510/529/2176 1598/1684/2178 2325/2477/2183
f 2325/2477/2183 1598/1684/2178 508/527/2025 1604/1690/2031
f 1603/1689/2184 2325/2477/2183 1604/1690/2031 511/530/2037
f 515/534/2071 1606/1692/2070 2326/2478/2185 1605/1691/2186
f 1606/1692/2070 512/531/2063 1600/1686/2180 2326/2478/2185
f 2326/2478/2185 1600/1686/2180 513/532/2182 1607/1693/2187
f 1605/1691/2186 2326/2478/2185 1607/1693/2187 516/535/2188
f 516/535/2188 1607/1693/2187 2327/2479/2189 1608/1694/2190
f 1607/1693/2187 513/532/2182 1603/1689/2184 2327/2479/2189
f 2327/2479/2189 1603/1689/2184 511/530/2037 1609/1695/2039
f 1608/1694/2190 2327/2479/2189 1609/1695/2039 514/533/2043
f 518/537/2079 1611/1697/2078 2328/2480/2191 1610/1696/2192
f 1611/1697/2078 515/534/2071 1605/1691/2186 2328/2480/2191
f 2328/2480/2191 1605/1691/2186 516/535/2188 1612/1698/2193
f 1610/1696/2192 2328/2480/2191 1612/1698/2193 519/538/2194
f 519/538/2194 1612/1698/2193 2329/2481/2195 1613/1699/2196
f 1612/1698/2193 516/535/2188 1608/1694/2190 2329/2481/2195
f 2329/2481/2195 1608/1694/2190 514/533/2043 1614/1700/1924
f 1613/1699/2196 2329/2481/2195 1614/1700/1924 517/536/1927
f 521/540/2087 1616/1702/2086 2330/2482/2197 1615/1701/2198
f 1616/1702/2086 518/537/2079 1610/1696/2192 2330/2482/2197
f 2330/2482/2197 1610/1696/2192 519/538/2194 1617/1703/2199
f 1615/1701/2198 2330/2482/2197 1617/1703/2199 522/541/2200
f 522/541/2200 1617/1703/2199 2331/2483/2201 1618/1704/2202
f 1617/1703/2199 519/538/2194 1613/1699/2196 2331/2483/2201
f 2331/2483/2201 1613/1699/2196 517/536/1927 1619/1705/1993
f 1618/1704/2202 2331/2483/2201 1619/1705/1993 520/539/1999
f 524/543/2095 1621/1707/2094 2332/2484/2203 1620/1706/2204
f 1621/1707/2094 521/540/2087 1615/1701/2198 2332/2484/2203
f 2332/2484/2203 1615/1701/2198 522/541/2200 1622/1708/2205
f 1620/1706/2204 2332/2484/2203 1622/1708/2205 525/544/2206
f 525/544/2206 1622/1708/2205 2333/2485/2207 1623/1709/2208
f 1622/1708/2205 522/541/2200 1618/1704/2202 2333/2485/2207
f 2333/2485/2207 1618/1704/2202 520/539/1999 1624/1710/2001
f 1623/1709/2208 2333/2485/2207 1624/1710/2001 523/542/2007
f 527/546/2051 1626/1712/2101 2334/2486/2209 1625/1711/2210
f 1626/1712/2101 524/543/2095 1620/1706/2204 2334/2486/2209
f 2334/2486/2209 1620/1706/2204 525/544/2206 1627/1713/2211
f 1625/1711/2210 2334/2486/2209 1627/1713/2211 528/547/2212
f 528/547/2212 1627/1713/2211 2335/2487/2213 1628/1714/2214
f 1627/1713/2211 525/544/2206 1623/1709/2208 2335/2487/2213
f 2335/2487/2213 1623/1709/2208 523/542/2007 1629/1715/2009
f 1628/1714/2214 2335/2487/2213 1629/1715/2009 526/545/2015
f 484/503/2053 1630/1716/2052 2336/2488/2215 1555/1640/2124
f 1630/1716/2052 527/546/2051 1625/1711/2210 2336/2488/2215
f 2336/2488/2215 1625/1711/2210 528/547/2212 1631/1717/2216
f 1555/1640/2124 2336/2488/2215 1631/1717/2216 486/505/2125
f 486/505/2125 1631/1717/2216 2337/2489/2217 1558/1644/2130
f 1631/1717/2216 528/547/2212 1628/1714/2214 2337/2489/2217
f 2337/2489/2217 1628/1714/2214 526/545/2015 1632/1718/2035
f 1558/1644/2130 2337/2489/2217 1632/1718/2035 485/504/2041
f 449/464/1955 1473/1554/1954 2338/2490/2218 1633/1720/1988
f 1473/1554/1954 450/465/1953 1634/1721/2049 2338/2490/2218
f 2338/2490/2218 1634/1721/2049 484/503/2053 1554/1639/2121
f 1633/1720/1988 2338/2490/2218 1554/1639/2121 482/500/1989
f 530/549/701 1650/1737/702 2339/2491/703 1649/1736/704
f 1650/1737/702 533/552/705 1651/1738/2219 2339/2491/703
f 2339/2491/703 1651/1738/2219 534/554/707 1652/1740/708
f 1649/1736/704 2339/2491/703 1652/1740/708 531/550/709
f 531/550/709 1652/1740/708 2340/2492/710 1653/1741/711
f 1652/1740/708 534/554/707 1654/1743/712 2340/2492/710
f 2340/2493/710 1654/1745/712 532/551/713 1655/1746/714
f 1653/1742/711 2340/2493/710 1655/1746/714 529/548/715
f 533/553/705 1656/1747/716 2341/2494/717 1651/1739/2219
f 1656/1747/716 536/557/718 1657/1748/719 2341/2494/717
f 2341/2494/717 1657/1748/719 537/558/720 1658/1749/721
f 1651/1739/2219 2341/2494/717 1658/1749/721 534/555/707
f 534/555/707 1658/1749/721 2342/2495/722 1654/1744/712
f 1658/1749/721 537/558/720 1659/1750/723 2342/2495/722
f 2342/2496/722 1659/1751/723 535/556/724 1660/1752/725
f 1654/1745/712 2342/2496/722 1660/1752/725 532/551/713
f 536/557/718 1661/1753/726 2343/2497/727 1657/1748/719
f 1661/1753/726 539/560/728 1662/1754/2220 2343/2497/727
f 2343/2497/727 1662/1754/2220 540/561/730 1663/1755/731
f 1657/1748/719 2343/2497/727 1663/1755/731 537/558/720
f 537/558/720 1663/1755/731 2344/2498/732 1659/1750/723
f 1663/1755/731 540/561/730 1664/1756/733 2344/2498/732
f 2344/2499/732 1664/1757/733 538/559/734 1665/1758/735
f 1659/1751/723 2344/2499/732 1665/1758/735 535/556/724
f 539/560/728 1666/1759/736 2345/2500/737 1662/1754/2220
f 1666/1759/736 542/563/738 1667/1760/739 2345/2500/737
f 2345/2500/737 1667/1760/739 543/564/740 1668/1761/741
f 1662/1754/2220 2345/2500/737 1668/1761/741 540/561/730
f 540/561/730 1668/1761/741 2346/2501/742 1664/1756/733
f 1668/1761/741 543/564/740 1669/1762/743 2346/2501/742
f 2346/2502/742 1669/1763/743 541/562/744 1670/1764/745
f 1664/1757/733 2346/2502/742 1670/1764/745 538/559/734
f 542/563/738 1671/1765/746 2347/2503/747 1667/1760/739
f 1671/1765/746 545/566/748 1672/1766/2221 2347/2503/747
f 2347/2503/747 1672/1766/2221 546/567/750 1673/1767/751
f 1667/1760/739 2347/2503/747 1673/1767/751 543/564/740
f 543/564/740 1673/1767/751 2348/2504/752 1669/1762/743
f 1673/1767/751 546/567/750 1674/1768/753 2348/2504/752
f 2348/2505/752 1674/1769/753 544/565/754 1675/1770/755
f 1669/1763/743 2348/2505/752 1675/1770/755 541/562/744
f 545/566/748 1676/1771/756 2349/2506/757 1672/1766/2221
f 1676/1771/756 548/569/758 1677/1772/759 2349/2506/757
f 2349/2506/757 1677/1772/759 549/570/760 1678/1773/761
f 1672/1766/2221 2349/2506/757 1678/1773/761 546/567/750
f 546/567/750 1678/1773/761 2350/2507/762 1674/1768/753
f 1678/1773/761 549/570/760 1679/1774/763 2350/2507/762
f 2350/2508/762 1679/1775/763 547/568/764 1680/1776/765
f 1674/1769/753 2350/2508/762 1680/1776/765 544/565/754
f 548/569/758 1681/1777/766 2351/2509/767 1677/1772/759
f 1681/1777/766 551/572/768 1682/1778/769 2351/2509/767
f 2351/2509/767 1682/1778/769 552/573/770 1683/1779/771
f 1677/1772/759 2351/2509/767 1683/1779/771 549/570/760
f 549/570/760 1683/1779/771 2352/2510/772 1679/1774/763
f 1683/1779/771 552/573/770 1684/1780/773 2352/2510/772
f 2352/2511/772 1684/1781/773 550/571/774 1685/1782/775
f 1679/1775/763 2352/2511/772 1685/1782/775 547/568/764
f 551/572/768 1686/1783/776 2353/2512/777 1682/1778/769
f 1686/1783/776 554/575/778 1687/1784/779 2353/2512/777
f 2353/2512/777 1687/1784/779 555/576/780 1688/1785/781
f 1682/1778/769 2353/2512/777 1688/1785/781 552/573/770
f 552/573/770 1688/1785/781 2354/2513/782 1684/1780/773
f 1688/1785/781 555/576/780 1689/1786/783 2354/2513/782
f 2354/2514/782 1689/1787/783 553/574/784 1690/1788/785
f 1684/1781/773 2354/2514/782 1690/1788/785 550/571/774
f 554/575/778 1691/1789/786 2355/2515/787 1687/1784/779
f 1691/1789/786 557/578/788 1692/1790/789 2355/2515/787
f 2355/2515/787 1692/1790/789 558/579/790 1693/1791/791
f 1687/1784/779 2355/2515/787 1693/1791/791 555/576/780
f 555/576/780 1693/1791/791 2356/2516/792 1689/1786/783
f 1693/1791/791 558/579/790 1694/1792/793 2356/2516/792
f 2356/2517/792 1694/1793/793 556/577/794 1695/1794/795
f 1689/1787/783 2356/2517/792 1695/1794/795 553/574/784
f 557/578/788 1696/1795/796 2357/2518/797 1692/1790/789
f 1696/1795/796 560/581/798 1697/1796/799 2357/2518/797
f 2357/2518/797 1697/1796/799 561/582/800 1698/1797/801
f 1692/1790/789 2357/2518/797 1698/1797/801 558/579/790
f 558/579/790 1698/1797/801 2358/2519/802 1694/1792/793
f 1698/1797/801 561/582/800 1699/1798/803 2358/2519/802
f 2358/2520/802 1699/1799/803 559/580/804 1700/1800/805
f 1694/1793/793 2358/2520/802 1700/1800/805 556/577/794
f 560/581/798 1701/1801/806 2359/2521/807 1697/1796/799
f 1701/1801/806 563/584/808 1702/1802/2222 2359/2521/807
f 2359/2521/807 1702/1802/2222 564/585/810 1703/1803/811
f 1697/1796/799 2359/2521/807 1703/1803/811 561/582/800
f 561/582/800 1703/1803/811 2360/2522/812 1699/1798/803
f 1703/1803/811 564/585/810 1704/1804/813 2360/2522/812
f 2360/2523/812 1704/1805/813 562/583/814 1705/1806/815
f 1699/1799/803 2360/2523/812 1705/1806/815 559/580/804
f 563/584/808 1706/1807/816 2361/2524/817 1702/1802/2222
f 1706/1807/816 566/587/818 1707/1808/819 2361/2524/817
f 2361/2524/817 1707/1808/819 567/588/820 1708/1809/821
f 1702/1802/2222 2361/2524/817 1708/1809/821 564/585/810
f 564/585/810 1708/1809/821 2362/2525/822 1704/1804/813
f 1708/1809/821 567/588/820 1709/1810/823 2362/2525/822
f 2362/2526/822 1709/1811/823 565/586/824 1710/1812/825
f 1704/1805/813 2362/2526/822 1710/1812/825 562/583/814
f 566/587/818 1711/1813/826 2363/2527/827 1707/1808/819
f 1711/1813/826 569/590/828 1712/1814/2223 2363/2527/827
f 2363/2527/827 1712/1814/2223 570/591/830 1713/1815/831
f 1707/1808/819 2363/2527/827 1713/1815/831 567/588/820
f 567/588/820 1713/1815/831 2364/2528/832 1709/1810/823
f 1713/1815/831 570/591/830 1714/1816/833 2364/2528/832
f 2364/2529/832 1714/1817/833 568/589/834 1715/1818/835
f 1709/1811/823 2364/2529/832 1715/1818/835 565/586/824
f 569/590/828 1716/1819/836 2365/2530/837 1712/1814/2223
f 1716/1819/836 572/593/838 1717/1820/839 2365/2530/837
f 2365/2530/837 1717/1820/839 573/594/840 1718/1821/841
f 1712/1814/2223 2365/2530/837 1718/1821/841 570/591/830
f 570/591/830 1718/1821/841 2366/2531/842 1714/1816/833
f 1718/1821/841 573/594/840 1719/1822/843 2366/2531/842
f 2366/2532/842 1719/1823/843 571/592/844 1720/1824/845
f 1714/1817/833 2366/2532/842 1720/1824/845 568/589/834
f 572/593/838 1721/1825/846 2367/2533/847 1717/1820/839
f 1721/1825/846 575/596/848 1722/1826/849 2367/2533/847
f 2367/2533/847 1722/1826/849 576/597/850 1723/1827/851
f 1717/1820/839 2367/2533/847 1723/1827/851 573/594/840
f 573/594/840 1723/1827/851 2368/2534/852 1719/1822/843
f 1723/1827/851 576/597/850 1724/1828/853 2368/2534/852
f 2368/2535/852 1724/1829/853 574/595/854 1725/1830/855
f 1719/1823/843 2368/2535/852 1725/1830/855 571/592/844
f 575/596/848 1726/1831/856 2369/2536/857 1722/1826/849
f 1726/1831/856 530/549/701 1649/1736/704 2369/2536/857
f 2369/2536/857 1649/1736/704 531/550/709 1727/1832/858
f 1722/1826/849 2369/2536/857 1727/1832/858 576/597/850
f 576/597/850 1727/1832/858 2370/2537/859 1724/1828/853
f 1727/1832/858 531/550/709 1653/1741/711 2370/2537/859
f 2370/2538/859 1653/1742/711 529/548/715 1728/1833/860
f 1724/1829/853 2370/2538/859 1728/1833/860 574/595/854
f 529/548/715 1655/1746/714 2371/2539/861 1728/1833/860
f 532/551/713 1660/1752/725 2371/2539/861 1655/1746/714
f 535/556/724 1665/1758/735 2371/2539/861 1660/1752/725
f 538/559/734 1670/1764/745 2371/2539/861 1665/1758/735
f 541/562/744 1675/1770/755 2371/2539/861 1670/1764/745
f 544/565/754 1680/1776/765 2371/2539/861 1675/1770/755
f 547/568/764 1685/1782/775 2371/2539/861 1680/1776/765
f 550/571/774 1690/1788/785 2371/2539/861 1685/1782/775
f 553/574/784 1695/1794/795 2371/2539/861 1690/1788/785
f 556/577/794 1700/1800/805 2371/2539/861 1695/1794/795
f 559/580/804 1705/1806/815 2371/2539/861 1700/1800/805
f 562/583/814 1710/1812/825 2371/2539/861 1705/1806/815
f 565/586/824 1715/1818/835 2371/2539/861 1710/1812/825
f 568/589/834 1720/1824/845 2371/2539/861 1715/1818/835
f 571/592/844 1725/1830/855 2371/2539/861 1720/1824/845
f 574/595/854 1728/1833/860 2371/2539/861 1725/1830/855
f 530/549/701 1745/1851/862 2372/2540/863 1650/1737/702
f 1745/1851/862 577/598/9 1761/1868/101 2372/2540/863
f 2372/2540/863 1761/1868/101 578/599/94 1730/1835/864
f 1650/1737/702 2372/2540/863 1730/1835/864 533/552/705
f 533/553/705 1730/1836/864 2373/2541/865 1656/1747/716
f 1730/1836/864 578/600/94 1762/1869/97 2373/2541/865
f 2373/2541/865 1762/1869/97 580/602/10 1732/1838/866
f 1656/1747/716 2373/2541/865 1732/1838/866 536/557/718
f 572/593/838 1744/1850/867 2374/2542/868 1721/1825/846
f 1744/1850/867 592/614/84 1763/1870/86 2374/2542/868
f 2374/2542/868 1763/1870/86 579/601/1 1747/1854/869
f 1721/1825/846 2374/2542/868 1747/1854/869 575/596/848
f 569/590/828 1743/1849/870 2375/2543/871 1716/1819/836
f 1743/1849/870 591/613/78 1764/1871/80 2375/2543/871
f 2375/2543/871 1764/1871/80 592/614/84 1744/1850/867
f 1716/1819/836 2375/2543/871 1744/1850/867 572/593/838
f 566/587/818 1742/1848/872 2376/2544/873 1711/1813/826
f 1742/1848/872 590/612/72 1765/1872/74 2376/2544/873
f 2376/2544/873 1765/1872/74 591/613/78 1743/1849/870
f 1711/1813/826 2376/2544/873 1743/1849/870 569/590/828
f 563/584/808 1741/1847/874 2377/2545/875 1706/1807/816
f 1741/1847/874 589/611/66 1766/1873/68 2377/2545/875
f 2377/2545/875 1766/1873/68 590/612/72 1742/1848/872
f 1706/1807/816 2377/2545/875 1742/1848/872 566/587/818
f 560/581/798 1740/1846/876 2378/2546/877 1701/1801/806
f 1740/1846/876 588/610/60 1767/1874/62 2378/2546/877
f 2378/2546/877 1767/1874/62 589/611/66 1741/1847/874
f 1701/1801/806 2378/2546/877 1741/1847/874 563/584/808
f 557/578/788 1739/1845/878 2379/2547/879 1696/1795/796
f 1739/1845/878 587/609/54 1768/1875/56 2379/2547/879
f 2379/2547/879 1768/1875/56 588/610/60 1740/1846/876
f 1696/1795/796 2379/2547/879 1740/1846/876 560/581/798
f 554/575/778 1738/1844/880 2380/2548/881 1691/1789/786
f 1738/1844/880 586/608/48 1769/1876/50 2380/2548/881
f 2380/2548/881 1769/1876/50 587/609/54 1739/1845/878
f 1691/1789/786 2380/2548/881 1739/1845/878 557/578/788
f 551/572/768 1737/1843/882 2381/2549/883 1686/1783/776
f 1737/1843/882 585/607/42 1770/1877/44 2381/2549/883
f 2381/2549/883 1770/1877/44 586/608/48 1738/1844/880
f 1686/1783/776 2381/2549/883 1738/1844/880 554/575/778
f 548/569/758 1736/1842/884 2382/2550/885 1681/1777/766
f 1736/1842/884 584/606/36 1771/1878/38 2382/2550/885
f 2382/2550/885 1771/1878/38 585/607/42 1737/1843/882
f 1681/1777/766 2382/2550/885 1737/1843/882 551/572/768
f 545/566/748 1735/1841/886 2383/2551/887 1676/1771/756
f 1735/1841/886 583/605/30 1772/1879/32 2383/2551/887
f 2383/2551/887 1772/1879/32 584/606/36 1736/1842/884
f 1676/1771/756 2383/2551/887 1736/1842/884 548/569/758
f 542/563/738 1734/1840/888 2384/2552/889 1671/1765/746
f 1734/1840/888 582/604/24 1773/1880/26 2384/2552/889
f 2384/2552/889 1773/1880/26 583/605/30 1735/1841/886
f 1671/1765/746 2384/2552/889 1735/1841/886 545/566/748
f 539/560/728 1733/1839/890 2385/2553/891 1666/1759/736
f 1733/1839/890 581/603/18 1774/1881/20 2385/2553/891
f 2385/2553/891 1774/1881/20 582/604/24 1734/1840/888
f 1666/1759/736 2385/2553/891 1734/1840/888 542/563/738
f 536/557/718 1732/1838/866 2386/2554/892 1661/1753/726
f 1732/1838/866 580/602/10 1775/1882/13 2386/2554/892
f 2386/2554/892 1775/1882/13 581/603/18 1733/1839/890
f 1661/1753/726 2386/2554/892 1733/1839/890 539/560/728
f 575/596/848 1747/1854/869 2387/2555/893 1726/1831/856
f 1747/1854/869 579/601/1 1776/1883/4 2387/2555/893
f 2387/2555/893 1776/1883/4 577/598/9 1745/1851/862
f 1726/1831/856 2387/2555/893 1745/1851/862 530/549/701
f 468/484/1336 1507/1589/1335 2388/2556/1786 1779/1886/1787
f 1507/1589/1335 467/483/1328 1552/1636/1788 2388/2556/1786
f 2388/2556/1786 1552/1636/1788 608/631/1474 1793/1901/1489
f 1779/1886/1787 2388/2556/1786 1793/1901/1489 595/617/1357
f 475/491/1332 1514/1596/1331 2389/2557/1789 1777/1884/1790
f 1514/1596/1331 474/490/1324 1551/1635/1791 2389/2557/1789
f 2389/2557/1789 1551/1635/1791 607/630/1464 1794/1902/1482
f 1777/1884/1790 2389/2557/1789 1794/1902/1482 593/615/1286
f 467/483/1328 1506/1588/1327 2390/2558/1792 1552/1636/1788
f 1506/1588/1327 465/480/1318 1550/1633/1793 2390/2558/1792
f 2390/2558/1792 1550/1633/1793 606/628/1446 1795/1903/1475
f 1552/1636/1788 2390/2558/1792 1795/1903/1475 608/631/1474
f 474/490/1324 1513/1595/1323 2391/2559/1794 1551/1635/1791
f 1513/1595/1323 473/489/1312 1548/1631/1795 2391/2559/1794
f 2391/2559/1794 1548/1631/1795 604/626/2117 1796/1904/1465
f 1551/1635/1791 2391/2559/1794 1796/1904/1465 607/630/1464
f 466/482/1316 1520/1602/1320 2392/2560/1796 1789/1896/1797
f 1520/1602/1320 480/496/1308 1547/1630/1798 2392/2560/1796
f 2392/2560/1796 1547/1630/1798 603/625/1426 1797/1905/1458
f 1789/1896/1797 2392/2560/1796 1797/1905/1458 605/627/1450
f 465/481/1318 1505/1587/1317 2393/2561/1799 1550/1634/1793
f 1505/1587/1317 466/482/1316 1789/1896/1797 2393/2561/1799
f 2393/2561/1799 1789/1896/1797 605/627/1450 1798/1906/1447
f 1550/1634/1793 2393/2561/1799 1798/1906/1447 606/629/1446
f 473/489/1312 1512/1594/1311 2394/2562/1800 1548/1631/1795
f 1512/1594/1311 472/488/1304 1546/1629/1801 2394/2562/1800
f 2394/2562/1800 1546/1629/1801 602/624/1416 1799/1907/1437
f 1548/1631/1795 2394/2562/1800 1799/1907/1437 604/626/2117
f 480/496/1308 1519/1601/1307 2395/2563/1802 1547/1630/1798
f 1519/1601/1307 479/495/1300 1545/1628/1803 2395/2563/1802
f 2395/2563/1802 1545/1628/1803 601/623/1406 1800/1908/1427
f 1547/1630/1798 2395/2563/1802 1800/1908/1427 603/625/1426
f 472/488/1304 1511/1593/1303 2396/2564/1804 1546/1629/1801
f 1511/1593/1303 471/487/1225 1544/1627/1805 2396/2564/1804
f 2396/2564/1804 1544/1627/1805 600/622/1396 1801/1909/1417
f 1546/1629/1801 2396/2564/1804 1801/1909/1417 602/624/1416
f 479/495/1300 1518/1600/1299 2397/2565/1806 1545/1628/1803
f 1518/1600/1299 478/494/1298 1543/1626/1807 2397/2565/1806
f 2397/2565/1806 1543/1626/1807 599/621/1386 1802/1910/1407
f 1545/1628/1803 2397/2565/1806 1802/1910/1407 601/623/1406
f 471/487/1225 1510/1592/1224 2398/2566/1808 1544/1627/1805
f 1510/1592/1224 470/486/1223 1542/1625/1809 2398/2566/1808
f 2398/2566/1808 1542/1625/1809 598/620/1376 1803/1911/1397
f 1544/1627/1805 2398/2566/1808 1803/1911/1397 600/622/1396
f 478/494/1298 1517/1599/1352 2399/2567/1810 1543/1626/1807
f 1517/1599/1352 477/493/1348 1541/1624/1811 2399/2567/1810
f 2399/2567/1810 1541/1624/1811 597/619/1366 1804/1912/1387
f 1543/1626/1807 2399/2567/1810 1804/1912/1387 599/621/1386
f 470/486/1223 1509/1591/1350 2400/2568/1812 1542/1625/1809
f 1509/1591/1350 469/485/1344 1540/1623/1813 2400/2568/1812
f 2400/2568/1812 1540/1623/1813 596/618/1353 1805/1913/1377
f 1542/1625/1809 2400/2568/1812 1805/1913/1377 598/620/1376
f 477/493/1348 1516/1598/1347 2401/2569/1814 1541/1624/1811
f 1516/1598/1347 476/492/1340 1538/1621/1815 2401/2569/1814
f 2401/2569/1814 1538/1621/1815 594/616/1282 1806/1914/1367
f 1541/1624/1811 2401/2569/1814 1806/1914/1367 597/619/1366
f 469/485/1344 1508/1590/1343 2402/2570/1816 1540/1623/1813
f 1508/1590/1343 468/484/1336 1779/1886/1787 2402/2570/1816
f 2402/2570/1816 1779/1886/1787 595/617/1357 1807/1915/1354
f 1540/1623/1813 2402/2570/1816 1807/1915/1354 596/618/1353
f 476/492/1340 1515/1597/1339 2403/2571/1817 1538/1621/1815
f 1515/1597/1339 475/491/1332 1777/1884/1790 2403/2571/1817
f 2403/2571/1817 1777/1884/1790 593/615/1286 1808/1916/1283
f 1538/1621/1815 2403/2571/1817 1808/1916/1283 594/616/1282
f 2582/2760/2224 3411/3615/2225 4276/4507/2226 3366/3568/2227
f 3366/3568/2227 4276/4507/2226 3043/3235/2228 2419/2588/2229
f 4276/4507/2226 3364/3566/2230 2404/2572/2231 3043/3235/2228
f 3411/3615/2225 2580/2758/2232 3364/3566/2230 4276/4507/2226
f 2583/2761/2233 3410/3614/2234 4277/4508/2235 3383/3586/2236
f 3383/3586/2236 4277/4508/2235 3030/3222/2237 2406/2574/2238
f 4277/4508/2235 3384/3587/2239 2407/2575/2240 3030/3222/2237
f 3410/3614/2234 2584/2762/2241 3384/3587/2239 4277/4508/2235
f 2584/2762/2241 3409/3613/2242 4278/4509/2243 3384/3587/2239
f 3384/3587/2239 4278/4509/2243 3031/3223/2244 2407/2575/2240
f 4278/4509/2243 3385/3588/2245 2408/2576/2246 3031/3223/2244
f 3409/3613/2242 2585/2763/2247 3385/3588/2245 4278/4509/2243
f 2585/2763/2247 3408/3612/2248 4279/4510/2249 3385/3588/2245
f 3385/3588/2245 4279/4510/2249 3032/3224/2250 2408/2576/2246
f 4279/4510/2249 3386/3589/2251 2409/2577/2252 3032/3224/2250
f 3408/3612/2248 2586/2764/2253 3386/3589/2251 4279/4510/2249
f 2586/2764/2253 3407/3611/2254 4280/4511/2255 3386/3589/2251
f 3386/3589/2251 4280/4511/2255 3033/3225/2256 2409/2577/2252
f 4280/4511/2255 3387/3590/2257 2410/2578/2258 3033/3225/2256
f 3407/3611/2254 2587/2766/2259 3387/3590/2257 4280/4511/2255
f 2587/2765/2259 3406/3610/2260 4281/4512/2261 3387/3591/2257
f 3387/3591/2257 4281/4512/2261 3034/3226/2262 2410/2579/2258
f 4281/4512/2261 3388/3592/2263 2411/2580/2264 3034/3226/2262
f 3406/3610/2260 2588/2767/2265 3388/3592/2263 4281/4512/2261
f 2588/2767/2265 3405/3609/2266 4282/4513/2267 3388/3592/2263
f 3388/3592/2263 4282/4513/2267 3035/3227/2268 2411/2580/2264
f 4282/4513/2267 3389/3593/2269 2412/2581/2270 3035/3227/2268
f 3405/3609/2266 2589/2768/2271 3389/3593/2269 4282/4513/2267
f 2589/2768/2271 3404/3608/2272 4283/4514/2273 3389/3593/2269
f 3389/3593/2269 4283/4514/2273 3036/3228/2274 2412/2581/2270
f 4283/4514/2273 3390/3594/2275 2413/2582/2276 3036/3228/2274
f 3404/3608/2272 2590/2769/2277 3390/3594/2275 4283/4514/2273
f 2590/2769/2277 3403/3607/2278 4284/4515/2279 3390/3594/2275
f 3390/3594/2275 4284/4515/2279 3037/3229/2280 2413/2582/2276
f 4284/4515/2279 3391/3595/2281 2414/2583/2282 3037/3229/2280
f 3403/3607/2278 2591/2770/2283 3391/3595/2281 4284/4515/2279
f 2591/2770/2283 3402/3606/2284 4285/4516/2285 3391/3595/2281
f 3391/3595/2281 4285/4516/2285 3038/3230/2286 2414/2583/2282
f 4285/4516/2285 3392/3596/2287 2415/2584/2288 3038/3230/2286
f 3402/3606/2284 2592/2771/2289 3392/3596/2287 4285/4516/2285
f 2592/2771/2289 3401/3605/2290 4286/4517/2291 3392/3596/2287
f 3392/3596/2287 4286/4517/2291 3039/3231/2292 2415/2584/2288
f 4286/4517/2291 3393/3597/2293 2416/2585/2294 3039/3231/2292
f 3401/3605/2290 2593/2772/2295 3393/3597/2293 4286/4517/2291
f 2593/2772/2295 3400/3604/2296 4287/4518/2297 3393/3597/2293
f 3393/3597/2293 4287/4518/2297 3040/3232/2298 2416/2585/2294
f 4287/4518/2297 3394/3598/2299 2417/2586/2300 3040/3232/2298
f 3400/3604/2296 2594/2773/2301 3394/3598/2299 4287/4518/2297
f 2594/2773/2301 3399/3603/2302 4288/4519/2303 3394/3598/2299
f 3394/3598/2299 4288/4519/2303 3041/3233/2304 2417/2586/2300
f 4288/4519/2303 3395/3599/2305 2418/2587/2306 3041/3233/2304
f 3399/3603/2302 2595/2774/2307 3395/3599/2305 4288/4519/2303
f 2595/2774/2307 3398/3602/2308 4289/4520/2309 3395/3599/2305
f 3395/3599/2305 4289/4520/2309 3042/3234/2310 2418/2587/2306
f 4289/4520/2309 3366/3568/2227 2419/2588/2229 3042/3234/2310
f 3398/3602/2308 2582/2760/2224 3366/3568/2227 4289/4520/2309
f 2412/2581/2270 3061/3253/2311 4290/4521/2312 3035/3227/2268
f 3035/3227/2268 4290/4521/2312 3060/3252/2313 2411/2580/2264
f 4290/4521/2312 3051/3243/2314 2427/2597/2315 3060/3252/2313
f 3061/3253/2311 2428/2598/2316 3051/3243/2314 4290/4521/2312
f 2581/2759/2317 3397/3601/2318 4291/4522/2319 3381/3584/2320
f 3381/3584/2320 4291/4522/2319 3029/3221/2321 2405/2573/2322
f 4291/4522/2319 3383/3586/2236 2406/2574/2238 3029/3221/2321
f 3397/3601/2318 2583/2761/2233 3383/3586/2236 4291/4522/2319
f 2580/2758/2232 3396/3600/2323 4292/4523/2324 3364/3566/2230
f 3364/3566/2230 4292/4523/2324 3028/3220/2325 2404/2572/2231
f 4292/4523/2324 3381/3584/2320 2405/2573/2322 3028/3220/2325
f 3396/3600/2323 2581/2759/2317 3381/3584/2320 4292/4523/2324
f 2433/2603/2326 3093/3286/2327 4293/4524/2328 3056/3248/2329
f 3056/3248/2329 4293/4524/2328 3092/3285/2330 2432/2602/2331
f 4293/4524/2328 3088/3281/2332 2448/2619/2333 3092/3285/2330
f 3093/3286/2327 2449/2620/2334 3088/3281/2332 4293/4524/2328
f 2405/2573/2322 3063/3255/2335 4294/4525/2336 3028/3220/2325
f 3028/3220/2325 4294/4525/2336 3062/3254/2337 2404/2572/2231
f 4294/4525/2336 3044/3236/2338 2421/2590/2339 3062/3254/2337
f 3063/3255/2335 2420/2589/2340 3044/3236/2338 4294/4525/2336
f 2417/2586/2300 3065/3257/2341 4295/4526/2342 3040/3232/2298
f 3040/3232/2298 4295/4526/2342 3064/3256/2343 2416/2585/2294
f 4295/4526/2342 3056/3248/2329 2432/2602/2331 3064/3256/2343
f 3065/3257/2341 2433/2603/2326 3056/3248/2329 4295/4526/2342
f 2410/2578/2258 3067/3259/2344 4296/4527/2345 3033/3225/2256
f 3033/3225/2256 4296/4527/2345 3066/3258/2346 2409/2577/2252
f 4296/4527/2345 3049/3241/2347 2425/2594/2348 3066/3258/2346
f 3067/3259/2344 2426/2595/2349 3049/3241/2347 4296/4527/2345
f 2415/2584/2288 3069/3262/2350 4297/4528/2351 3038/3230/2286
f 3038/3230/2286 4297/4528/2351 3068/3261/2352 2414/2583/2282
f 4297/4528/2351 3054/3246/2353 2430/2600/2354 3068/3261/2352
f 3069/3262/2350 2431/2601/2355 3054/3246/2353 4297/4528/2351
f 2404/2572/2231 3062/3254/2337 4298/4529/2356 3043/3235/2228
f 3043/3235/2228 4298/4529/2356 3070/3263/2357 2419/2588/2229
f 4298/4529/2356 3059/3251/2358 2435/2605/2359 3070/3263/2357
f 3062/3254/2337 2421/2590/2339 3059/3251/2358 4298/4529/2356
f 2408/2576/2246 3072/3265/2360 4299/4530/2361 3031/3223/2244
f 3031/3223/2244 4299/4530/2361 3071/3264/2362 2407/2575/2240
f 4299/4530/2361 3047/3239/2363 2423/2592/2364 3071/3264/2362
f 3072/3265/2360 2424/2593/2365 3047/3239/2363 4299/4530/2361
f 2413/2582/2276 3073/3266/2366 4300/4531/2367 3036/3228/2274
f 3036/3228/2274 4300/4531/2367 3061/3253/2311 2412/2581/2270
f 4300/4531/2367 3052/3244/2368 2428/2598/2316 3061/3253/2311
f 3073/3266/2366 2429/2599/2369 3052/3244/2368 4300/4531/2367
f 2418/2587/2306 3074/3267/2370 4301/4532/2371 3041/3233/2304
f 3041/3233/2304 4301/4532/2371 3065/3257/2341 2417/2586/2300
f 4301/4532/2371 3057/3249/2372 2433/2603/2326 3065/3257/2341
f 3074/3267/2370 2434/2604/2373 3057/3249/2372 4301/4532/2371
f 2406/2574/2238 3075/3268/2374 4302/4533/2375 3029/3221/2321
f 3029/3221/2321 4302/4533/2375 3063/3255/2335 2405/2573/2322
f 4302/4533/2375 3045/3237/2376 2420/2589/2340 3063/3255/2335
f 3075/3268/2374 2422/2591/2377 3045/3237/2376 4302/4533/2375
f 2411/2580/2264 3060/3252/2313 4303/4534/2378 3034/3226/2262
f 3034/3226/2262 4303/4534/2378 3067/3260/2344 2410/2579/2258
f 4303/4534/2378 3050/3242/2379 2426/2596/2349 3067/3260/2344
f 3060/3252/2313 2427/2597/2315 3050/3242/2379 4303/4534/2378
f 2416/2585/2294 3064/3256/2343 4304/4535/2380 3039/3231/2292
f 3039/3231/2292 4304/4535/2380 3069/3262/2350 2415/2584/2288
f 4304/4535/2380 3055/3247/2381 2431/2601/2355 3069/3262/2350
f 3064/3256/2343 2432/2602/2331 3055/3247/2381 4304/4535/2380
f 2409/2577/2252 3066/3258/2346 4305/4536/2382 3032/3224/2250
f 3032/3224/2250 4305/4536/2382 3072/3265/2360 2408/2576/2246
f 4305/4536/2382 3048/3240/2383 2424/2593/2365 3072/3265/2360
f 3066/3258/2346 2425/2594/2348 3048/3240/2383 4305/4536/2382
f 2414/2583/2282 3068/3261/2352 4306/4537/2384 3037/3229/2280
f 3037/3229/2280 4306/4537/2384 3073/3266/2366 2413/2582/2276
f 4306/4537/2384 3053/3245/2385 2429/2599/2369 3073/3266/2366
f 3068/3261/2352 2430/2600/2354 3053/3245/2385 4306/4537/2384
f 2419/2588/2229 3070/3263/2357 4307/4538/2386 3042/3234/2310
f 3042/3234/2310 4307/4538/2386 3074/3267/2370 2418/2587/2306
f 4307/4538/2386 3058/3250/2387 2434/2604/2373 3074/3267/2370
f 3070/3263/2357 2435/2605/2359 3058/3250/2387 4307/4538/2386
f 2407/2575/2240 3071/3264/2362 4308/4539/2388 3030/3222/2237
f 3030/3222/2237 4308/4539/2388 3075/3268/2374 2406/2574/2238
f 4308/4539/2388 3046/3238/2389 2422/2591/2377 3075/3268/2374
f 3071/3264/2362 2423/2592/2364 3046/3238/2389 4308/4539/2388
f 2520/2696/2390 3278/3478/2391 4309/4540/2392 3233/3431/2393
f 3233/3431/2393 4309/4540/2392 3276/3476/2394 2517/2693/2395
f 4309/4540/2392 3119/3313/2396 2463/2635/2397 3276/3476/2394
f 3278/3478/2391 2464/2636/2398 3119/3313/2396 4309/4540/2392
f 2426/2595/2349 3095/3288/2399 4310/4541/2400 3049/3241/2347
f 3049/3241/2347 4310/4541/2400 3094/3287/2401 2425/2594/2348
f 4310/4541/2400 3081/3274/2402 2441/2611/2403 3094/3287/2401
f 3095/3288/2399 2442/2612/2404 3081/3274/2402 4310/4541/2400
f 2434/2604/2373 3096/3290/2405 4311/4542/2406 3057/3249/2372
f 3057/3249/2372 4311/4542/2406 3093/3286/2327 2433/2603/2326
f 4311/4542/2406 3089/3282/2407 2449/2620/2334 3093/3286/2327
f 3096/3290/2405 2450/2621/2408 3089/3282/2407 4311/4542/2406
f 2427/2597/2315 3097/3291/2409 4312/4543/2410 3050/3242/2379
f 3050/3242/2379 4312/4543/2410 3095/3289/2399 2426/2596/2349
f 4312/4543/2410 3082/3275/2411 2442/2613/2404 3095/3289/2399
f 3097/3291/2409 2443/2614/2412 3082/3275/2411 4312/4543/2410
f 2435/2605/2359 3098/3292/2413 4313/4544/2414 3058/3250/2387
f 3058/3250/2387 4313/4544/2414 3096/3290/2405 2434/2604/2373
f 4313/4544/2414 3090/3283/2415 2450/2621/2408 3096/3290/2405
f 3098/3292/2413 2451/2622/2416 3090/3283/2415 4313/4544/2414
f 2428/2598/2316 3099/3293/2417 4314/4545/2418 3051/3243/2314
f 3051/3243/2314 4314/4545/2418 3097/3291/2409 2427/2597/2315
f 4314/4545/2418 3083/3276/2419 2443/2614/2412 3097/3291/2409
f 3099/3293/2417 2444/2615/2420 3083/3276/2419 4314/4545/2418
f 2420/2589/2340 3101/3295/2421 4315/4546/2422 3044/3236/2338
f 3044/3236/2338 4315/4546/2422 3100/3294/2423 2421/2590/2339
f 4315/4546/2422 3076/3269/2424 2437/2607/2425 3100/3294/2423
f 3101/3295/2421 2436/2606/2426 3076/3269/2424 4315/4546/2422
f 2421/2590/2339 3100/3294/2423 4316/4547/2427 3059/3251/2358
f 3059/3251/2358 4316/4547/2427 3098/3292/2413 2435/2605/2359
f 4316/4547/2427 3091/3284/2428 2451/2622/2416 3098/3292/2413
f 3100/3294/2423 2437/2607/2425 3091/3284/2428 4316/4547/2427
f 2429/2599/2369 3102/3296/2429 4317/4548/2430 3052/3244/2368
f 3052/3244/2368 4317/4548/2430 3099/3293/2417 2428/2598/2316
f 4317/4548/2430 3084/3277/2431 2444/2615/2420 3099/3293/2417
f 3102/3296/2429 2445/2616/2432 3084/3277/2431 4317/4548/2430
f 2422/2591/2377 3103/3297/2433 4318/4549/2434 3045/3237/2376
f 3045/3237/2376 4318/4549/2434 3101/3295/2421 2420/2589/2340
f 4318/4549/2434 3077/3270/2435 2436/2606/2426 3101/3295/2421
f 3103/3297/2433 2438/2608/2436 3077/3270/2435 4318/4549/2434
f 2430/2600/2354 3104/3298/2437 4319/4550/2438 3053/3245/2385
f 3053/3245/2385 4319/4550/2438 3102/3296/2429 2429/2599/2369
f 4319/4550/2438 3085/3278/2439 2445/2616/2432 3102/3296/2429
f 3104/3298/2437 2446/2617/2440 3085/3278/2439 4319/4550/2438
f 2423/2592/2364 3105/3299/2441 4320/4551/2442 3046/3238/2389
f 3046/3238/2389 4320/4551/2442 3103/3297/2433 2422/2591/2377
f 4320/4551/2442 3078/3271/2443 2438/2608/2436 3103/3297/2433
f 3105/3299/2441 2439/2609/2444 3078/3271/2443 4320/4551/2442
f 2431/2601/2355 3106/3300/2445 4321/4552/2446 3054/3246/2353
f 3054/3246/2353 4321/4552/2446 3104/3298/2437 2430/2600/2354
f 4321/4552/2446 3086/3279/2447 2446/2617/2440 3104/3298/2437
f 3106/3300/2445 2447/2618/2448 3086/3279/2447 4321/4552/2446
f 2424/2593/2365 3107/3301/2449 4322/4553/2450 3047/3239/2363
f 3047/3239/2363 4322/4553/2450 3105/3299/2441 2423/2592/2364
f 4322/4553/2450 3079/3272/2451 2439/2609/2444 3105/3299/2441
f 3107/3301/2449 2440/2610/2452 3079/3272/2451 4322/4553/2450
f 2432/2602/2331 3092/3285/2330 4323/4554/2453 3055/3247/2381
f 3055/3247/2381 4323/4554/2453 3106/3300/2445 2431/2601/2355
f 4323/4554/2453 3087/3280/2454 2447/2618/2448 3106/3300/2445
f 3092/3285/2330 2448/2619/2333 3087/3280/2454 4323/4554/2453
f 2425/2594/2348 3094/3287/2401 4324/4555/2455 3048/3240/2383
f 3048/3240/2383 4324/4555/2455 3107/3301/2449 2424/2593/2365
f 4324/4555/2455 3080/3273/2456 2440/2610/2452 3107/3301/2449
f 3094/3287/2401 2441/2611/2403 3080/3273/2456 4324/4555/2455
f 2438/2608/2436 3257/3455/2457 4325/4556/2458 3077/3270/2435
f 3077/3270/2435 4325/4556/2458 3252/3450/2459 2436/2606/2426
f 4325/4556/2458 3180/3376/2460 2485/2658/2461 3252/3450/2459
f 3257/3455/2457 2491/2664/2462 3180/3376/2460 4325/4556/2458
f 2499/2672/2463 3264/3462/2464 4326/4557/2465 3198/3394/2466
f 3198/3394/2466 4326/4557/2465 3262/3460/2467 2496/2669/2468
f 4326/4557/2465 3112/3306/2469 2456/2627/2470 3262/3460/2467
f 3264/3462/2464 2457/2628/2471 3112/3306/2469 4326/4557/2465
f 2523/2699/2472 3280/3480/2473 4327/4558/2474 3238/3436/2475
f 3238/3436/2475 4327/4558/2474 3278/3478/2391 2520/2696/2390
f 4327/4558/2474 3120/3314/2476 2464/2636/2398 3278/3478/2391
f 3280/3480/2473 2465/2637/2477 3120/3314/2476 4327/4558/2474
f 2502/2675/2478 3266/3464/2479 4328/4559/2480 3203/3401/2481
f 3203/3401/2481 4328/4559/2480 3264/3462/2464 2499/2672/2463
f 4328/4559/2480 3113/3307/2482 2457/2628/2471 3264/3462/2464
f 3266/3464/2479 2458/2629/2483 3113/3307/2482 4328/4559/2480
f 2526/2702/2484 3282/3482/2485 4329/4560/2486 3243/3441/2487
f 3243/3441/2487 4329/4560/2486 3280/3480/2473 2523/2699/2472
f 4329/4560/2486 3121/3315/2488 2465/2637/2477 3280/3480/2473
f 3282/3482/2485 2466/2638/2489 3121/3315/2488 4329/4560/2486
f 2505/2681/2490 3268/3468/2491 4330/4561/2492 3208/3406/2493
f 3208/3406/2493 4330/4561/2492 3266/3465/2479 2502/2676/2478
f 4330/4561/2492 3114/3308/2494 2458/2630/2483 3266/3465/2479
f 3268/3468/2491 2459/2631/2495 3114/3308/2494 4330/4561/2492
f 2529/2705/2496 3258/3456/2497 4331/4562/2498 3248/3446/2499
f 3248/3446/2499 4331/4562/2498 3282/3482/2485 2526/2702/2484
f 4331/4562/2498 3122/3316/2500 2466/2638/2489 3282/3482/2485
f 3258/3456/2497 2467/2639/2501 3122/3316/2500 4331/4562/2498
f 2508/2684/2502 3270/3470/2503 4332/4563/2504 3213/3411/2505
f 3213/3411/2505 4332/4563/2504 3268/3468/2491 2505/2681/2490
f 4332/4563/2504 3115/3309/2506 2459/2631/2495 3268/3468/2491
f 3270/3470/2503 2460/2632/2507 3115/3309/2506 4332/4563/2504
f 2511/2687/2508 3272/3472/2509 4333/4564/2510 3218/3416/2511
f 3218/3416/2511 4333/4564/2510 3270/3470/2503 2508/2684/2502
f 4333/4564/2510 3116/3310/2512 2460/2632/2507 3270/3470/2503
f 3272/3472/2509 2461/2633/2513 3116/3310/2512 4333/4564/2510
f 2490/2663/2514 3254/3452/2515 4334/4565/2516 3183/3379/2517
f 3183/3379/2517 4334/4565/2516 3255/3453/2518 2484/2657/2519
f 4334/4565/2516 3109/3303/2520 2452/2623/2521 3255/3453/2518
f 3254/3452/2515 2454/2625/2522 3109/3303/2520 4334/4565/2516
f 2493/2666/2523 3260/3458/2524 4335/4566/2525 3188/3384/2526
f 3188/3384/2526 4335/4566/2525 3254/3452/2515 2490/2663/2514
f 4335/4566/2525 3110/3304/2527 2454/2625/2522 3254/3452/2515
f 3260/3458/2524 2455/2626/2528 3110/3304/2527 4335/4566/2525
f 2514/2690/2529 3274/3474/2530 4336/4567/2531 3223/3421/2532
f 3223/3421/2532 4336/4567/2531 3272/3472/2509 2511/2687/2508
f 4336/4567/2531 3117/3311/2533 2461/2633/2513 3272/3472/2509
f 3274/3474/2530 2462/2634/2534 3117/3311/2533 4336/4567/2531
f 2488/2661/2535 3256/3454/2536 4337/4568/2537 3251/3449/2538
f 3251/3449/2538 4337/4568/2537 3258/3456/2497 2529/2705/2496
f 4337/4568/2537 3123/3317/2539 2467/2639/2501 3258/3456/2497
f 3256/3454/2536 2453/2624/2540 3123/3317/2539 4337/4568/2537
f 2517/2693/2395 3276/3476/2394 4338/4569/2541 3228/3426/2542
f 3228/3426/2542 4338/4569/2541 3274/3474/2530 2514/2690/2529
f 4338/4569/2541 3118/3312/2543 2462/2634/2534 3274/3474/2530
f 3276/3476/2394 2463/2635/2397 3118/3312/2543 4338/4569/2541
f 2496/2669/2468 3262/3460/2467 4339/4570/2544 3193/3389/2545
f 3193/3389/2545 4339/4570/2544 3260/3458/2524 2493/2666/2523
f 4339/4570/2544 3111/3305/2546 2455/2626/2528 3260/3458/2524
f 3262/3460/2467 2456/2627/2470 3111/3305/2546 4339/4570/2544
f 2458/2629/2483 3141/3335/2547 4340/4571/2548 3113/3307/2482
f 3113/3307/2482 4340/4571/2548 3140/3334/2549 2457/2628/2471
f 4340/4571/2548 3129/3323/2550 2473/2645/2551 3140/3334/2549
f 3141/3335/2547 2474/2647/2552 3129/3323/2550 4340/4571/2548
f 2437/2607/2425 3253/3451/2553 4341/4572/2554 3091/3284/2428
f 3091/3284/2428 4341/4572/2554 3259/3457/2555 2451/2622/2416
f 4341/4572/2554 3249/3447/2556 2530/2706/2557 3259/3457/2555
f 3253/3451/2553 2487/2660/2558 3249/3447/2556 4341/4572/2554
f 2445/2616/2432 3273/3473/2559 4342/4573/2560 3084/3277/2431
f 3084/3277/2431 4342/4573/2560 3271/3471/2561 2444/2615/2420
f 4342/4573/2560 3215/3413/2562 2509/2685/2563 3271/3471/2561
f 3273/3473/2559 2512/2688/2564 3215/3413/2562 4342/4573/2560
f 2484/2657/2519 3255/3453/2518 4343/4574/2565 3178/3374/2566
f 3178/3374/2566 4343/4574/2565 3256/3454/2536 2488/2661/2535
f 4343/4574/2565 3108/3302/2567 2453/2624/2540 3256/3454/2536
f 3255/3453/2518 2452/2623/2521 3108/3302/2567 4343/4574/2565
f 2446/2617/2440 3275/3475/2568 4344/4575/2569 3085/3278/2439
f 3085/3278/2439 4344/4575/2569 3273/3473/2559 2445/2616/2432
f 4344/4575/2569 3220/3418/2570 2512/2688/2564 3273/3473/2559
f 3275/3475/2568 2515/2691/2571 3220/3418/2570 4344/4575/2569
f 2439/2609/2444 3261/3459/2572 4345/4576/2573 3078/3271/2443
f 3078/3271/2443 4345/4576/2573 3257/3455/2457 2438/2608/2436
f 4345/4576/2573 3185/3381/2574 2491/2664/2462 3257/3455/2457
f 3261/3459/2572 2494/2667/2575 3185/3381/2574 4345/4576/2573
f 2447/2618/2448 3277/3477/2576 4346/4577/2577 3086/3279/2447
f 3086/3279/2447 4346/4577/2577 3275/3475/2568 2446/2617/2440
f 4346/4577/2577 3225/3423/2578 2515/2691/2571 3275/3475/2568
f 3277/3477/2576 2518/2694/2579 3225/3423/2578 4346/4577/2577
f 2440/2610/2452 3263/3461/2580 4347/4578/2581 3079/3272/2451
f 3079/3272/2451 4347/4578/2581 3261/3459/2572 2439/2609/2444
f 4347/4578/2581 3190/3386/2582 2494/2667/2575 3261/3459/2572
f 3263/3461/2580 2497/2670/2583 3190/3386/2582 4347/4578/2581
f 2448/2619/2333 3279/3479/2584 4348/4579/2585 3087/3280/2454
f 3087/3280/2454 4348/4579/2585 3277/3477/2576 2447/2618/2448
f 4348/4579/2585 3230/3428/2586 2518/2694/2579 3277/3477/2576
f 3279/3479/2584 2521/2697/2587 3230/3428/2586 4348/4579/2585
f 2441/2611/2403 3265/3463/2588 4349/4580/2589 3080/3273/2456
f 3080/3273/2456 4349/4580/2589 3263/3461/2580 2440/2610/2452
f 4349/4580/2589 3195/3391/2590 2497/2670/2583 3263/3461/2580
f 3265/3463/2588 2500/2673/2591 3195/3391/2590 4349/4580/2589
f 2449/2620/2334 3281/3481/2592 4350/4581/2593 3088/3281/2332
f 3088/3281/2332 4350/4581/2593 3279/3479/2584 2448/2619/2333
f 4350/4581/2593 3235/3433/2594 2521/2697/2587 3279/3479/2584
f 3281/3481/2592 2524/2700/2595 3235/3433/2594 4350/4581/2593
f 2442/2612/2404 3267/3466/2596 4351/4582/2597 3081/3274/2402
f 3081/3274/2402 4351/4582/2597 3265/3463/2588 2441/2611/2403
f 4351/4582/2597 3200/3397/2598 2500/2673/2591 3265/3463/2588
f 3267/3466/2596 2503/2677/2599 3200/3397/2598 4351/4582/2597
f 2450/2621/2408 3283/3483/2600 4352/4583/2601 3089/3282/2407
f 3089/3282/2407 4352/4583/2601 3281/3481/2592 2449/2620/2334
f 4352/4583/2601 3240/3438/2602 2524/2700/2595 3281/3481/2592
f 3283/3483/2600 2527/2703/2603 3240/3438/2602 4352/4583/2601
f 2443/2614/2412 3269/3469/2604 4353/4584/2605 3082/3275/2411
f 3082/3275/2411 4353/4584/2605 3267/3467/2596 2442/2613/2404
f 4353/4584/2605 3205/3403/2606 2503/2678/2599 3267/3467/2596
f 3269/3469/2604 2506/2682/2607 3205/3403/2606 4353/4584/2605
f 2451/2622/2416 3259/3457/2555 4354/4585/2608 3090/3283/2415
f 3090/3283/2415 4354/4585/2608 3283/3483/2600 2450/2621/2408
f 4354/4585/2608 3245/3443/2609 2527/2703/2603 3283/3483/2600
f 3259/3457/2555 2530/2706/2557 3245/3443/2609 4354/4585/2608
f 2444/2615/2420 3271/3471/2561 4355/4586/2610 3083/3276/2419
f 3083/3276/2419 4355/4586/2610 3269/3469/2604 2443/2614/2412
f 4355/4586/2610 3210/3408/2611 2506/2682/2607 3269/3469/2604
f 3271/3471/2561 2509/2685/2563 3210/3408/2611 4355/4586/2610
f 2597/2776/2612 3413/3617/2613 4356/4587/2614 3443/3648/2615
f 3443/3648/2615 4356/4587/2614 3156/3351/2616 2596/2775/2617
f 3413/3617/2613 5117/5381/2618 5212/5527/2619 4356/4587/2614
f 4373/4604/2620 5214/5530/2621 5117/5381/2618 3413/3617/2613
f 2466/2638/2489 3143/3338/2622 4357/4588/2623 3121/3315/2488
f 3121/3315/2488 4357/4588/2623 3142/3337/2624 2465/2637/2477
f 4357/4588/2623 3137/3331/2625 2481/2654/2626 3142/3337/2624
f 3143/3338/2622 2482/2655/2627 3137/3331/2625 4357/4588/2623
f 2459/2631/2495 3144/3339/2628 4358/4589/2629 3114/3308/2494
f 3114/3308/2494 4358/4589/2629 3141/3336/2547 2458/2630/2483
f 4358/4589/2629 3130/3324/2630 2474/2646/2552 3141/3336/2547
f 3144/3339/2628 2475/2648/2631 3130/3324/2630 4358/4589/2629
f 2467/2639/2501 3145/3340/2632 4359/4590/2633 3122/3316/2500
f 3122/3316/2500 4359/4590/2633 3143/3338/2622 2466/2638/2489
f 4359/4590/2633 3138/3332/2634 2482/2655/2627 3143/3338/2622
f 3145/3340/2632 2483/2656/2635 3138/3332/2634 4359/4590/2633
f 2460/2632/2507 3146/3341/2636 4360/4591/2637 3115/3309/2506
f 3115/3309/2506 4360/4591/2637 3144/3339/2628 2459/2631/2495
f 4360/4591/2637 3131/3325/2638 2475/2648/2631 3144/3339/2628
f 3146/3341/2636 2476/2649/2639 3131/3325/2638 4360/4591/2637
f 2452/2623/2521 3148/3343/2640 4361/4592/2641 3108/3302/2567
f 3108/3302/2567 4361/4592/2641 3147/3342/2642 2453/2624/2540
f 4361/4592/2641 3124/3318/2643 2469/2641/2644 3147/3342/2642
f 3148/3343/2640 2468/2640/2645 3124/3318/2643 4361/4592/2641
f 2453/2624/2540 3147/3342/2642 4362/4593/2646 3123/3317/2539
f 3123/3317/2539 4362/4593/2646 3145/3340/2632 2467/2639/2501
f 4362/4593/2646 3139/3333/2647 2483/2656/2635 3145/3340/2632
f 3147/3342/2642 2469/2641/2644 3139/3333/2647 4362/4593/2646
f 2461/2633/2513 3149/3344/2648 4363/4594/2649 3116/3310/2512
f 3116/3310/2512 4363/4594/2649 3146/3341/2636 2460/2632/2507
f 4363/4594/2649 3132/3326/2650 2476/2649/2639 3146/3341/2636
f 3149/3344/2648 2477/2650/2651 3132/3326/2650 4363/4594/2649
f 2454/2625/2522 3150/3345/2652 4364/4595/2653 3109/3303/2520
f 3109/3303/2520 4364/4595/2653 3148/3343/2640 2452/2623/2521
f 4364/4595/2653 3125/3319/2654 2468/2640/2645 3148/3343/2640
f 3150/3345/2652 2470/2642/2655 3125/3319/2654 4364/4595/2653
f 2462/2634/2534 3151/3346/2656 4365/4596/2657 3117/3311/2533
f 3117/3311/2533 4365/4596/2657 3149/3344/2648 2461/2633/2513
f 4365/4596/2657 3133/3327/2658 2477/2650/2651 3149/3344/2648
f 3151/3346/2656 2478/2651/2659 3133/3327/2658 4365/4596/2657
f 2455/2626/2528 3152/3347/2660 4366/4597/2661 3110/3304/2527
f 3110/3304/2527 4366/4597/2661 3150/3345/2652 2454/2625/2522
f 4366/4597/2661 3126/3320/2662 2470/2642/2655 3150/3345/2652
f 3152/3347/2660 2471/2643/2663 3126/3320/2662 4366/4597/2661
f 2463/2635/2397 3153/3348/2664 4367/4598/2665 3118/3312/2543
f 3118/3312/2543 4367/4598/2665 3151/3346/2656 2462/2634/2534
f 4367/4598/2665 3134/3328/2666 2478/2651/2659 3151/3346/2656
f 3153/3348/2664 2479/2652/2667 3134/3328/2666 4367/4598/2665
f 2456/2627/2470 3154/3349/2668 4368/4599/2669 3111/3305/2546
f 3111/3305/2546 4368/4599/2669 3152/3347/2660 2455/2626/2528
f 4368/4599/2669 3127/3321/2670 2471/2643/2663 3152/3347/2660
f 3154/3349/2668 2472/2644/2671 3127/3321/2670 4368/4599/2669
f 2464/2636/2398 3155/3350/2672 4369/4600/2673 3119/3313/2396
f 3119/3313/2396 4369/4600/2673 3153/3348/2664 2463/2635/2397
f 4369/4600/2673 3135/3329/2674 2479/2652/2667 3153/3348/2664
f 3155/3350/2672 2480/2653/2675 3135/3329/2674 4369/4600/2673
f 2457/2628/2471 3140/3334/2549 4370/4601/2676 3112/3306/2469
f 3112/3306/2469 4370/4601/2676 3154/3349/2668 2456/2627/2470
f 4370/4601/2676 3128/3322/2677 2472/2644/2671 3154/3349/2668
f 3140/3334/2549 2473/2645/2551 3128/3322/2677 4370/4601/2676
f 2465/2637/2477 3142/3337/2624 4371/4602/2678 3120/3314/2476
f 3120/3314/2476 4371/4602/2678 3155/3350/2672 2464/2636/2398
f 4371/4602/2678 3136/3330/2679 2480/2653/2675 3155/3350/2672
f 3142/3337/2624 2481/2654/2626 3136/3330/2679 4371/4602/2678
f 2599/2778/2680 3415/3619/2681 4372/4603/2682 3442/3647/2683
f 3442/3647/2683 4372/4603/2682 3158/3353/2684 2598/2777/2685
f 3415/3619/2681 5103/5357/2686 5198/5506/2687 4372/4603/2682
f 4374/4605/2688 5200/5509/2689 5103/5357/2686 3415/3619/2681
f 2600/2779/2690 3416/3620/2691 4373/4604/2620 3441/3646/2692
f 3441/3646/2692 4373/4604/2620 3413/3617/2613 2597/2776/2612
f 3416/3620/2691 5119/5384/2693 5214/5530/2621 4373/4604/2620
f 4375/4606/2694 5216/5533/2695 5119/5384/2693 3416/3620/2691
f 2601/2780/2696 3417/3621/2697 4374/4605/2688 3440/3645/2698
f 3440/3645/2698 4374/4605/2688 3415/3619/2681 2599/2778/2680
f 3417/3621/2697 5105/5360/2699 5200/5509/2689 4374/4605/2688
f 4376/4607/2700 5202/5512/2701 5105/5360/2699 3417/3621/2697
f 2602/2781/2702 3418/3622/2703 4375/4606/2694 3439/3644/2704
f 3439/3644/2704 4375/4606/2694 3416/3620/2691 2600/2779/2690
f 3418/3622/2703 5121/5387/2705 5216/5533/2695 4375/4606/2694
f 4377/4608/2706 5218/5536/2707 5121/5387/2705 3418/3622/2703
f 2603/2783/2708 3419/3623/2709 4376/4607/2700 3438/3643/2710
f 3438/3643/2710 4376/4607/2700 3417/3621/2697 2601/2780/2696
f 3419/3623/2709 5107/5363/2711 5202/5512/2701 4376/4607/2700
f 4378/4609/2712 5204/5515/2713 5107/5364/2711 3419/3624/2709
f 2604/2784/2714 3420/3625/2715 4377/4608/2706 3437/3642/2716
f 3437/3642/2716 4377/4608/2706 3418/3622/2703 2602/2781/2702
f 3420/3625/2715 5123/5390/2717 5218/5536/2707 4377/4608/2706
f 4379/4610/2718 5220/5539/2719 5123/5390/2717 3420/3625/2715
f 2605/2785/2720 3421/3626/2721 4378/4609/2712 3436/3641/2722
f 3436/3641/2722 4378/4609/2712 3419/3624/2709 2603/2782/2708
f 3421/3626/2721 5109/5369/2723 5204/5515/2713 4378/4609/2712
f 4380/4611/2724 5206/5518/2725 5109/5369/2723 3421/3626/2721
f 2606/2786/2726 3422/3627/2727 4379/4610/2718 3435/3640/2728
f 3435/3640/2728 4379/4610/2718 3420/3625/2715 2604/2784/2714
f 3422/3627/2727 5125/5393/2729 5220/5539/2719 4379/4610/2718
f 4382/4613/2730 5222/5542/2731 5125/5393/2729 3422/3627/2727
f 2607/2787/2732 3423/3628/2733 4380/4611/2724 3434/3639/2734
f 3434/3639/2734 4380/4611/2724 3421/3626/2721 2605/2785/2720
f 3423/3628/2733 5111/5372/2735 5206/5518/2725 4380/4611/2724
f 4383/4614/2736 5208/5521/2737 5111/5372/2735 3423/3628/2733
f 2609/2789/2738 3425/3630/2739 4381/4612/2740 3433/3638/2741
f 3433/3638/2741 4381/4612/2740 3168/3364/2742 2608/2788/2743
f 3168/3364/2742 5098/5350/2744 5222/5542/2731 4382/4613/2730
f 4384/4615/2745 5194/5500/2746 5095/5345/2747 3425/3630/2739
f 2608/2788/2743 3168/3364/2742 4382/4613/2730 3432/3637/2748
f 3432/3637/2748 4382/4613/2730 3422/3627/2727 2606/2786/2726
f 3841/4058/2749 5127/5396/2750 5224/5545/2751 4590/4827/2752
f 3427/3632/2753 5099/5351/2754 5194/5500/2746 4384/4615/2745
f 2610/2790/2755 3426/3631/2756 4383/4614/2736 3431/3636/2757
f 3431/3636/2757 4383/4614/2736 3423/3628/2733 2607/2787/2732
f 3426/3631/2756 5113/5375/2758 5208/5521/2737 4383/4614/2736
f 4385/4616/2759 5210/5524/2760 5113/5375/2758 3426/3631/2756
f 2611/2791/2761 3427/3632/2753 4384/4615/2745 3430/3635/2762
f 3430/3635/2762 4384/4615/2745 3425/3630/2739 2609/2789/2738
f 4381/4612/2740 5192/5497/2763 5098/5350/2744 3168/3364/2742
f 4386/4617/2764 5196/5503/2765 5099/5351/2754 3427/3632/2753
f 2596/2775/2617 3156/3351/2616 4385/4616/2759 3429/3634/2766
f 3429/3634/2766 4385/4616/2759 3426/3631/2756 2610/2790/2755
f 3156/3351/2616 5115/5378/2767 5210/5524/2760 4385/4616/2759
f 4356/4587/2614 5212/5527/2619 5115/5378/2767 3156/3351/2616
f 2598/2777/2685 3158/3353/2684 4386/4617/2764 3428/3633/2768
f 3428/3633/2768 4386/4617/2764 3427/3632/2753 2611/2791/2761
f 3158/3353/2684 5101/5354/2769 5196/5503/2765 4386/4617/2764
f 4372/4603/2682 5198/5506/2687 5101/5354/2769 3158/3353/2684
f 2485/2658/2461 3172/3368/2770 4387/4618/2771 3173/3369/2772
f 3173/3369/2772 4387/4618/2771 3174/3370/2773 2487/2660/2558
f 4387/4618/2771 3175/3371/2774 2489/2662/2775 3174/3370/2773
f 3172/3368/2770 2486/2659/2776 3175/3371/2774 4387/4618/2771
f 2486/2659/2776 3176/3372/2777 4388/4619/2778 3175/3371/2774
f 3175/3371/2774 4388/4619/2778 3177/3373/2779 2489/2662/2775
f 4388/4619/2778 3178/3374/2566 2488/2661/2535 3177/3373/2779
f 3176/3372/2777 2484/2657/2519 3178/3374/2566 4388/4619/2778
f 2491/2664/2462 3179/3375/2780 4389/4620/2781 3180/3376/2460
f 3180/3376/2460 4389/4620/2781 3172/3368/2770 2485/2658/2461
f 4389/4620/2781 3181/3377/2782 2486/2659/2776 3172/3368/2770
f 3179/3375/2780 2492/2665/2783 3181/3377/2782 4389/4620/2781
f 2492/2665/2783 3182/3378/2784 4390/4621/2785 3181/3377/2782
f 3181/3377/2782 4390/4621/2785 3176/3372/2777 2486/2659/2776
f 4390/4621/2785 3183/3379/2517 2484/2657/2519 3176/3372/2777
f 3182/3378/2784 2490/2663/2514 3183/3379/2517 4390/4621/2785
f 2494/2667/2575 3184/3380/2786 4391/4622/2787 3185/3381/2574
f 3185/3381/2574 4391/4622/2787 3179/3375/2780 2491/2664/2462
f 4391/4622/2787 3186/3382/2788 2492/2665/2783 3179/3375/2780
f 3184/3380/2786 2495/2668/2789 3186/3382/2788 4391/4622/2787
f 2495/2668/2789 3187/3383/2790 4392/4623/2791 3186/3382/2788
f 3186/3382/2788 4392/4623/2791 3182/3378/2784 2492/2665/2783
f 4392/4623/2791 3188/3384/2526 2490/2663/2514 3182/3378/2784
f 3187/3383/2790 2493/2666/2523 3188/3384/2526 4392/4623/2791
f 2497/2670/2583 3189/3385/2792 4393/4624/2793 3190/3386/2582
f 3190/3386/2582 4393/4624/2793 3184/3380/2786 2494/2667/2575
f 4393/4624/2793 3191/3387/2794 2495/2668/2789 3184/3380/2786
f 3189/3385/2792 2498/2671/2795 3191/3387/2794 4393/4624/2793
f 2498/2671/2795 3192/3388/2796 4394/4625/2797 3191/3387/2794
f 3191/3387/2794 4394/4625/2797 3187/3383/2790 2495/2668/2789
f 4394/4625/2797 3193/3389/2545 2493/2666/2523 3187/3383/2790
f 3192/3388/2796 2496/2669/2468 3193/3389/2545 4394/4625/2797
f 2500/2673/2591 3194/3390/2798 4395/4626/2799 3195/3391/2590
f 3195/3391/2590 4395/4626/2799 3189/3385/2792 2497/2670/2583
f 4395/4626/2799 3196/3392/2800 2498/2671/2795 3189/3385/2792
f 3194/3390/2798 2501/2674/2801 3196/3392/2800 4395/4626/2799
f 2501/2674/2801 3197/3393/2802 4396/4627/2803 3196/3392/2800
f 3196/3392/2800 4396/4627/2803 3192/3388/2796 2498/2671/2795
f 4396/4627/2803 3198/3394/2466 2496/2669/2468 3192/3388/2796
f 3197/3393/2802 2499/2672/2463 3198/3394/2466 4396/4627/2803
f 2503/2677/2599 3199/3395/2804 4397/4628/2805 3200/3397/2598
f 3200/3397/2598 4397/4628/2805 3194/3390/2798 2500/2673/2591
f 4397/4628/2805 3201/3398/2806 2501/2674/2801 3194/3390/2798
f 3199/3395/2804 2504/2679/2807 3201/3398/2806 4397/4628/2805
f 2504/2679/2807 3202/3399/2808 4398/4629/2809 3201/3398/2806
f 3201/3398/2806 4398/4629/2809 3197/3393/2802 2501/2674/2801
f 4398/4629/2809 3203/3401/2481 2499/2672/2463 3197/3393/2802
f 3202/3399/2808 2502/2675/2478 3203/3401/2481 4398/4629/2809
f 2506/2682/2607 3204/3402/2810 4399/4630/2811 3205/3403/2606
f 3205/3403/2606 4399/4630/2811 3199/3396/2804 2503/2678/2599
f 4399/4630/2811 3206/3404/2812 2504/2680/2807 3199/3396/2804
f 3204/3402/2810 2507/2683/2813 3206/3404/2812 4399/4630/2811
f 2507/2683/2813 3207/3405/2814 4400/4631/2815 3206/3404/2812
f 3206/3404/2812 4400/4631/2815 3202/3400/2808 2504/2680/2807
f 4400/4631/2815 3208/3406/2493 2502/2676/2478 3202/3400/2808
f 3207/3405/2814 2505/2681/2490 3208/3406/2493 4400/4631/2815
f 2509/2685/2563 3209/3407/2816 4401/4632/2817 3210/3408/2611
f 3210/3408/2611 4401/4632/2817 3204/3402/2810 2506/2682/2607
f 4401/4632/2817 3211/3409/2818 2507/2683/2813 3204/3402/2810
f 3209/3407/2816 2510/2686/2819 3211/3409/2818 4401/4632/2817
f 2510/2686/2819 3212/3410/2820 4402/4633/2821 3211/3409/2818
f 3211/3409/2818 4402/4633/2821 3207/3405/2814 2507/2683/2813
f 4402/4633/2821 3213/3411/2505 2505/2681/2490 3207/3405/2814
f 3212/3410/2820 2508/2684/2502 3213/3411/2505 4402/4633/2821
f 2512/2688/2564 3214/3412/2822 4403/4634/2823 3215/3413/2562
f 3215/3413/2562 4403/4634/2823 3209/3407/2816 2509/2685/2563
f 4403/4634/2823 3216/3414/2824 2510/2686/2819 3209/3407/2816
f 3214/3412/2822 2513/2689/2825 3216/3414/2824 4403/4634/2823
f 2513/2689/2825 3217/3415/2826 4404/4635/2827 3216/3414/2824
f 3216/3414/2824 4404/4635/2827 3212/3410/2820 2510/2686/2819
f 4404/4635/2827 3218/3416/2511 2508/2684/2502 3212/3410/2820
f 3217/3415/2826 2511/2687/2508 3218/3416/2511 4404/4635/2827
f 2515/2691/2571 3219/3417/2828 4405/4636/2829 3220/3418/2570
f 3220/3418/2570 4405/4636/2829 3214/3412/2822 2512/2688/2564
f 4405/4636/2829 3221/3419/2830 2513/2689/2825 3214/3412/2822
f 3219/3417/2828 2516/2692/2831 3221/3419/2830 4405/4636/2829
f 2516/2692/2831 3222/3420/2832 4406/4637/2833 3221/3419/2830
f 3221/3419/2830 4406/4637/2833 3217/3415/2826 2513/2689/2825
f 4406/4637/2833 3223/3421/2532 2511/2687/2508 3217/3415/2826
f 3222/3420/2832 2514/2690/2529 3223/3421/2532 4406/4637/2833
f 2518/2694/2579 3224/3422/2834 4407/4638/2835 3225/3423/2578
f 3225/3423/2578 4407/4638/2835 3219/3417/2828 2515/2691/2571
f 4407/4638/2835 3226/3424/2836 2516/2692/2831 3219/3417/2828
f 3224/3422/2834 2519/2695/2837 3226/3424/2836 4407/4638/2835
f 2519/2695/2837 3227/3425/2838 4408/4639/2839 3226/3424/2836
f 3226/3424/2836 4408/4639/2839 3222/3420/2832 2516/2692/2831
f 4408/4639/2839 3228/3426/2542 2514/2690/2529 3222/3420/2832
f 3227/3425/2838 2517/2693/2395 3228/3426/2542 4408/4639/2839
f 2521/2697/2587 3229/3427/2840 4409/4640/2841 3230/3428/2586
f 3230/3428/2586 4409/4640/2841 3224/3422/2834 2518/2694/2579
f 4409/4640/2841 3231/3429/2842 2519/2695/2837 3224/3422/2834
f 3229/3427/2840 2522/2698/2843 3231/3429/2842 4409/4640/2841
f 2522/2698/2843 3232/3430/2844 4410/4641/2845 3231/3429/2842
f 3231/3429/2842 4410/4641/2845 3227/3425/2838 2519/2695/2837
f 4410/4641/2845 3233/3431/2393 2517/2693/2395 3227/3425/2838
f 3232/3430/2844 2520/2696/2390 3233/3431/2393 4410/4641/2845
f 2524/2700/2595 3234/3432/2846 4411/4642/2847 3235/3433/2594
f 3235/3433/2594 4411/4642/2847 3229/3427/2840 2521/2697/2587
f 4411/4642/2847 3236/3434/2848 2522/2698/2843 3229/3427/2840
f 3234/3432/2846 2525/2701/2849 3236/3434/2848 4411/4642/2847
f 2525/2701/2849 3237/3435/2850 4412/4643/2851 3236/3434/2848
f 3236/3434/2848 4412/4643/2851 3232/3430/2844 2522/2698/2843
f 4412/4643/2851 3238/3436/2475 2520/2696/2390 3232/3430/2844
f 3237/3435/2850 2523/2699/2472 3238/3436/2475 4412/4643/2851
f 2527/2703/2603 3239/3437/2852 4413/4644/2853 3240/3438/2602
f 3240/3438/2602 4413/4644/2853 3234/3432/2846 2524/2700/2595
f 4413/4644/2853 3241/3439/2854 2525/2701/2849 3234/3432/2846
f 3239/3437/2852 2528/2704/2855 3241/3439/2854 4413/4644/2853
f 2528/2704/2855 3242/3440/2856 4414/4645/2857 3241/3439/2854
f 3241/3439/2854 4414/4645/2857 3237/3435/2850 2525/2701/2849
f 4414/4645/2857 3243/3441/2487 2523/2699/2472 3237/3435/2850
f 3242/3440/2856 2526/2702/2484 3243/3441/2487 4414/4645/2857
f 2530/2706/2557 3244/3442/2858 4415/4646/2859 3245/3443/2609
f 3245/3443/2609 4415/4646/2859 3239/3437/2852 2527/2703/2603
f 4415/4646/2859 3246/3444/2860 2528/2704/2855 3239/3437/2852
f 3244/3442/2858 2531/2707/2861 3246/3444/2860 4415/4646/2859
f 2531/2707/2861 3247/3445/2862 4416/4647/2863 3246/3444/2860
f 3246/3444/2860 4416/4647/2863 3242/3440/2856 2528/2704/2855
f 4416/4647/2863 3248/3446/2499 2526/2702/2484 3242/3440/2856
f 3247/3445/2862 2529/2705/2496 3248/3446/2499 4416/4647/2863
f 2487/2660/2558 3174/3370/2773 4417/4648/2864 3249/3447/2556
f 3249/3447/2556 4417/4648/2864 3244/3442/2858 2530/2706/2557
f 4417/4648/2864 3250/3448/2865 2531/2707/2861 3244/3442/2858
f 3174/3370/2773 2489/2662/2775 3250/3448/2865 4417/4648/2864
f 2489/2662/2775 3177/3373/2779 4418/4649/2866 3250/3448/2865
f 3250/3448/2865 4418/4649/2866 3247/3445/2862 2531/2707/2861
f 4418/4649/2866 3251/3449/2538 2529/2705/2496 3247/3445/2862
f 3177/3373/2779 2488/2661/2535 3251/3449/2538 4418/4649/2866
f 2436/2606/2426 3252/3450/2459 4419/4650/2867 3076/3269/2424
f 3076/3269/2424 4419/4650/2867 3253/3451/2553 2437/2607/2425
f 4419/4650/2867 3173/3369/2772 2487/2660/2558 3253/3451/2553
f 3252/3450/2459 2485/2658/2461 3173/3369/2772 4419/4650/2867
f 2533/2709/2868 3284/3484/2869 4420/4651/2870 3285/3485/2871
f 3285/3485/2871 4420/4651/2870 3286/3486/2872 2536/2712/2873
f 4420/4651/2870 3287/3487/2874 2537/2713/2875 3286/3486/2872
f 3284/3484/2869 2534/2710/2876 3287/3487/2874 4420/4651/2870
f 2534/2710/2876 3288/3488/2877 4421/4652/2878 3287/3487/2874
f 3287/3487/2874 4421/4652/2878 3289/3489/2879 2537/2713/2875
f 4421/4652/2878 3290/3490/2880 2535/2711/2881 3289/3489/2879
f 3288/3488/2877 2532/2708/2882 3290/3490/2880 4421/4652/2878
f 2536/2712/2873 3286/3486/2872 4422/4653/2883 3291/3491/2884
f 3291/3491/2884 4422/4653/2883 3292/3492/2885 2539/2715/2886
f 4422/4653/2883 3293/3493/2887 2540/2716/2888 3292/3492/2885
f 3286/3486/2872 2537/2713/2875 3293/3493/2887 4422/4653/2883
f 2537/2713/2875 3289/3489/2879 4423/4654/2889 3293/3493/2887
f 3293/3493/2887 4423/4654/2889 3294/3494/2890 2540/2716/2888
f 4423/4654/2889 3295/3495/2891 2538/2714/2892 3294/3494/2890
f 3289/3489/2879 2535/2711/2881 3295/3495/2891 4423/4654/2889
f 2539/2715/2886 3292/3492/2885 4424/4655/2893 3296/3496/2894
f 3296/3496/2894 4424/4655/2893 3297/3497/2895 2542/2718/2896
f 4424/4655/2893 3298/3498/2897 2543/2719/2898 3297/3497/2895
f 3292/3492/2885 2540/2716/2888 3298/3498/2897 4424/4655/2893
f 2540/2716/2888 3294/3494/2890 4425/4656/2899 3298/3498/2897
f 3298/3498/2897 4425/4656/2899 3299/3499/2900 2543/2719/2898
f 4425/4656/2899 3300/3500/2901 2541/2717/2902 3299/3499/2900
f 3294/3494/2890 2538/2714/2892 3300/3500/2901 4425/4656/2899
f 2542/2718/2896 3297/3497/2895 4426/4657/2903 3301/3501/2904
f 3301/3501/2904 4426/4657/2903 3302/3502/2905 2545/2721/2906
f 4426/4657/2903 3303/3503/2907 2546/2722/2908 3302/3502/2905
f 3297/3497/2895 2543/2719/2898 3303/3503/2907 4426/4657/2903
f 2543/2719/2898 3299/3499/2900 4427/4658/2909 3303/3503/2907
f 3303/3503/2907 4427/4658/2909 3304/3504/2910 2546/2722/2908
f 4427/4658/2909 3305/3505/2911 2544/2720/2912 3304/3504/2910
f 3299/3499/2900 2541/2717/2902 3305/3505/2911 4427/4658/2909
f 2545/2721/2906 3302/3502/2905 4428/4659/2913 3306/3506/2914
f 3306/3506/2914 4428/4659/2913 3307/3507/2915 2548/2724/2916
f 4428/4659/2913 3308/3508/2917 2549/2725/2918 3307/3507/2915
f 3302/3502/2905 2546/2722/2908 3308/3508/2917 4428/4659/2913
f 2546/2722/2908 3304/3504/2910 4429/4660/2919 3308/3508/2917
f 3308/3508/2917 4429/4660/2919 3309/3509/2920 2549/2725/2918
f 4429/4660/2919 3310/3510/2921 2547/2723/2922 3309/3509/2920
f 3304/3504/2910 2544/2720/2912 3310/3510/2921 4429/4660/2919
f 2548/2724/2916 3307/3507/2915 4430/4661/2923 3311/3511/2924
f 3311/3511/2924 4430/4661/2923 3312/3512/2925 2551/2728/2926
f 4430/4661/2923 3313/3514/2927 2552/2729/2928 3312/3512/2925
f 3307/3507/2915 2549/2725/2918 3313/3514/2927 4430/4661/2923
f 2549/2725/2918 3309/3509/2920 4431/4662/2929 3313/3514/2927
f 3313/3514/2927 4431/4662/2929 3314/3515/2930 2552/2729/2928
f 4431/4662/2929 3315/3517/2931 2550/2726/2932 3314/3515/2930
f 3309/3509/2920 2547/2723/2922 3315/3517/2931 4431/4662/2929
f 2551/2727/2926 3312/3513/2925 4432/4663/2933 3316/3518/2934
f 3316/3518/2934 4432/4663/2933 3317/3519/2935 2554/2732/2936
f 4432/4663/2933 3318/3520/2937 2555/2733/2938 3317/3519/2935
f 3312/3513/2925 2552/2730/2928 3318/3520/2937 4432/4663/2933
f 2552/2730/2928 3314/3516/2930 4433/4664/2939 3318/3520/2937
f 3318/3520/2937 4433/4664/2939 3319/3521/2940 2555/2733/2938
f 4433/4664/2939 3320/3522/2941 2553/2731/2942 3319/3521/2940
f 3314/3516/2930 2550/2726/2932 3320/3522/2941 4433/4664/2939
f 2554/2732/2936 3317/3519/2935 4434/4665/2943 3321/3523/2944
f 3321/3523/2944 4434/4665/2943 3322/3524/2945 2557/2735/2946
f 4434/4665/2943 3323/3525/2947 2558/2736/2948 3322/3524/2945
f 3317/3519/2935 2555/2733/2938 3323/3525/2947 4434/4665/2943
f 2555/2733/2938 3319/3521/2940 4435/4666/2949 3323/3525/2947
f 3323/3525/2947 4435/4666/2949 3324/3526/2950 2558/2736/2948
f 4435/4666/2949 3325/3527/2951 2556/2734/2952 3324/3526/2950
f 3319/3521/2940 2553/2731/2942 3325/3527/2951 4435/4666/2949
f 2557/2735/2946 3322/3524/2945 4436/4667/2953 3326/3528/2954
f 3326/3528/2954 4436/4667/2953 3327/3529/2955 2560/2738/2956
f 4436/4667/2953 3328/3530/2957 2561/2739/2958 3327/3529/2955
f 3322/3524/2945 2558/2736/2948 3328/3530/2957 4436/4667/2953
f 2558/2736/2948 3324/3526/2950 4437/4668/2959 3328/3530/2957
f 3328/3530/2957 4437/4668/2959 3329/3531/2960 2561/2739/2958
f 4437/4668/2959 3330/3532/2961 2559/2737/2962 3329/3531/2960
f 3324/3526/2950 2556/2734/2952 3330/3532/2961 4437/4668/2959
f 2560/2738/2956 3327/3529/2955 4438/4669/2963 3331/3533/2964
f 3331/3533/2964 4438/4669/2963 3332/3534/2965 2563/2741/2966
f 4438/4669/2963 3333/3535/2967 2564/2742/2968 3332/3534/2965
f 3327/3529/2955 2561/2739/2958 3333/3535/2967 4438/4669/2963
f 2561/2739/2958 3329/3531/2960 4439/4670/2969 3333/3535/2967
f 3333/3535/2967 4439/4670/2969 3334/3536/2970 2564/2742/2968
f 4439/4670/2969 3335/3537/2971 2562/2740/2972 3334/3536/2970
f 3329/3531/2960 2559/2737/2962 3335/3537/2971 4439/4670/2969
f 2563/2741/2966 3332/3534/2965 4440/4671/2973 3336/3538/2974
f 3336/3538/2974 4440/4671/2973 3337/3539/2975 2566/2744/2976
f 4440/4671/2973 3338/3540/2977 2567/2745/2978 3337/3539/2975
f 3332/3534/2965 2564/2742/2968 3338/3540/2977 4440/4671/2973
f 2564/2742/2968 3334/3536/2970 4441/4672/2979 3338/3540/2977
f 3338/3540/2977 4441/4672/2979 3339/3541/2980 2567/2745/2978
f 4441/4672/2979 3340/3542/2981 2565/2743/2982 3339/3541/2980
f 3334/3536/2970 2562/2740/2972 3340/3542/2981 4441/4672/2979
f 2566/2744/2976 3337/3539/2975 4442/4673/2983 3341/3543/2984
f 3341/3543/2984 4442/4673/2983 3342/3544/2985 2569/2747/2986
f 4442/4673/2983 3343/3545/2987 2570/2748/2988 3342/3544/2985
f 3337/3539/2975 2567/2745/2978 3343/3545/2987 4442/4673/2983
f 2567/2745/2978 3339/3541/2980 4443/4674/2989 3343/3545/2987
f 3343/3545/2987 4443/4674/2989 3344/3546/2990 2570/2748/2988
f 4443/4674/2989 3345/3547/2991 2568/2746/2992 3344/3546/2990
f 3339/3541/2980 2565/2743/2982 3345/3547/2991 4443/4674/2989
f 2569/2747/2986 3342/3544/2985 4444/4675/2993 3346/3548/2994
f 3346/3548/2994 4444/4675/2993 3347/3549/2995 2572/2750/2996
f 4444/4675/2993 3348/3550/2997 2573/2751/2998 3347/3549/2995
f 3342/3544/2985 2570/2748/2988 3348/3550/2997 4444/4675/2993
f 2570/2748/2988 3344/3546/2990 4445/4676/2999 3348/3550/2997
f 3348/3550/2997 4445/4676/2999 3349/3551/3000 2573/2751/2998
f 4445/4676/2999 3350/3552/3001 2571/2749/3002 3349/3551/3000
f 3344/3546/2990 2568/2746/2992 3350/3552/3001 4445/4676/2999
f 2572/2750/2996 3347/3549/2995 4446/4677/3003 3351/3553/3004
f 3351/3553/3004 4446/4677/3003 3352/3554/3005 2575/2753/3006
f 4446/4677/3003 3353/3555/3007 2576/2754/3008 3352/3554/3005
f 3347/3549/2995 2573/2751/2998 3353/3555/3007 4446/4677/3003
f 2573/2751/2998 3349/3551/3000 4447/4678/3009 3353/3555/3007
f 3353/3555/3007 4447/4678/3009 3354/3556/3010 2576/2754/3008
f 4447/4678/3009 3355/3557/3011 2574/2752/3012 3354/3556/3010
f 3349/3551/3000 2571/2749/3002 3355/3557/3011 4447/4678/3009
f 2575/2753/3006 3352/3554/3005 4448/4679/3013 3356/3558/3014
f 3356/3558/3014 4448/4679/3013 3357/3559/3015 2578/2756/3016
f 4448/4679/3013 3358/3560/3017 2579/2757/3018 3357/3559/3015
f 3352/3554/3005 2576/2754/3008 3358/3560/3017 4448/4679/3013
f 2576/2754/3008 3354/3556/3010 4449/4680/3019 3358/3560/3017
f 3358/3560/3017 4449/4680/3019 3359/3561/3020 2579/2757/3018
f 4449/4680/3019 3360/3562/3021 2577/2755/3022 3359/3561/3020
f 3354/3556/3010 2574/2752/3012 3360/3562/3021 4449/4680/3019
f 2578/2756/3016 3357/3559/3015 4450/4681/3023 3361/3563/3024
f 3361/3563/3024 4450/4681/3023 3284/3484/2869 2533/2709/2868
f 4450/4681/3023 3362/3564/3025 2534/2710/2876 3284/3484/2869
f 3357/3559/3015 2579/2757/3018 3362/3564/3025 4450/4681/3023
f 2579/2757/3018 3359/3561/3020 4451/4682/3026 3362/3564/3025
f 3362/3564/3025 4451/4682/3026 3288/3488/2877 2534/2710/2876
f 4451/4682/3026 3363/3565/3027 2532/2708/2882 3288/3488/2877
f 3359/3561/3020 2577/2755/3022 3363/3565/3027 4451/4682/3026
f 2532/2708/2882 3363/3565/3027 4452/4683/3028 3290/3490/2880
f 2535/2711/2881 3290/3490/2880 4452/4683/3028 3295/3495/2891
f 2538/2714/2892 3295/3495/2891 4452/4683/3028 3300/3500/2901
f 2541/2717/2902 3300/3500/2901 4452/4683/3028 3305/3505/2911
f 2544/2720/2912 3305/3505/2911 4452/4683/3028 3310/3510/2921
f 2547/2723/2922 3310/3510/2921 4452/4683/3028 3315/3517/2931
f 2550/2726/2932 3315/3517/2931 4452/4683/3028 3320/3522/2941
f 2553/2731/2942 3320/3522/2941 4452/4683/3028 3325/3527/2951
f 2556/2734/2952 3325/3527/2951 4452/4683/3028 3330/3532/2961
f 2559/2737/2962 3330/3532/2961 4452/4683/3028 3335/3537/2971
f 2562/2740/2972 3335/3537/2971 4452/4683/3028 3340/3542/2981
f 2565/2743/2982 3340/3542/2981 4452/4683/3028 3345/3547/2991
f 2568/2746/2992 3345/3547/2991 4452/4683/3028 3350/3552/3001
f 2571/2749/3002 3350/3552/3001 4452/4683/3028 3355/3557/3011
f 2574/2752/3012 3355/3557/3011 4452/4683/3028 3360/3562/3021
f 2577/2755/3022 3360/3562/3021 4452/4683/3028 3363/3565/3027
f 2533/2709/2868 3285/3485/2871 4453/4684/3029 3380/3583/3030
f 3380/3583/3030 4453/4684/3029 3396/3600/2323 2580/2758/2232
f 4453/4684/3029 3365/3567/3031 2581/2759/2317 3396/3600/2323
f 3285/3485/2871 2536/2712/2873 3365/3567/3031 4453/4684/3029
f 2536/2712/2873 3291/3491/2884 4454/4685/3032 3365/3567/3031
f 3365/3567/3031 4454/4685/3032 3397/3601/2318 2581/2759/2317
f 4454/4685/3032 3367/3569/3033 2583/2761/2233 3397/3601/2318
f 3291/3491/2884 2539/2715/2886 3367/3569/3033 4454/4685/3032
f 2575/2753/3006 3356/3558/3014 4455/4686/3034 3379/3582/3035
f 3379/3582/3035 4455/4686/3034 3398/3602/2308 2595/2774/2307
f 4455/4686/3034 3382/3585/3036 2582/2760/2224 3398/3602/2308
f 3356/3558/3014 2578/2756/3016 3382/3585/3036 4455/4686/3034
f 2572/2750/2996 3351/3553/3004 4456/4687/3037 3378/3581/3038
f 3378/3581/3038 4456/4687/3037 3399/3603/2302 2594/2773/2301
f 4456/4687/3037 3379/3582/3035 2595/2774/2307 3399/3603/2302
f 3351/3553/3004 2575/2753/3006 3379/3582/3035 4456/4687/3037
f 2569/2747/2986 3346/3548/2994 4457/4688/3039 3377/3580/3040
f 3377/3580/3040 4457/4688/3039 3400/3604/2296 2593/2772/2295
f 4457/4688/3039 3378/3581/3038 2594/2773/2301 3400/3604/2296
f 3346/3548/2994 2572/2750/2996 3378/3581/3038 4457/4688/3039
f 2566/2744/2976 3341/3543/2984 4458/4689/3041 3376/3579/3042
f 3376/3579/3042 4458/4689/3041 3401/3605/2290 2592/2771/2289
f 4458/4689/3041 3377/3580/3040 2593/2772/2295 3401/3605/2290
f 3341/3543/2984 2569/2747/2986 3377/3580/3040 4458/4689/3041
f 2563/2741/2966 3336/3538/2974 4459/4690/3043 3375/3578/3044
f 3375/3578/3044 4459/4690/3043 3402/3606/2284 2591/2770/2283
f 4459/4690/3043 3376/3579/3042 2592/2771/2289 3402/3606/2284
f 3336/3538/2974 2566/2744/2976 3376/3579/3042 4459/4690/3043
f 2560/2738/2956 3331/3533/2964 4460/4691/3045 3374/3577/3046
f 3374/3577/3046 4460/4691/3045 3403/3607/2278 2590/2769/2277
f 4460/4691/3045 3375/3578/3044 2591/2770/2283 3403/3607/2278
f 3331/3533/2964 2563/2741/2966 3375/3578/3044 4460/4691/3045
f 2557/2735/2946 3326/3528/2954 4461/4692/3047 3373/3576/3048
f 3373/3576/3048 4461/4692/3047 3404/3608/2272 2589/2768/2271
f 4461/4692/3047 3374/3577/3046 2590/2769/2277 3404/3608/2272
f 3326/3528/2954 2560/2738/2956 3374/3577/3046 4461/4692/3047
f 2554/2732/2936 3321/3523/2944 4462/4693/3049 3372/3575/3050
f 3372/3575/3050 4462/4693/3049 3405/3609/2266 2588/2767/2265
f 4462/4693/3049 3373/3576/3048 2589/2768/2271 3405/3609/2266
f 3321/3523/2944 2557/2735/2946 3373/3576/3048 4462/4693/3049
f 2551/2727/2926 3316/3518/2934 4463/4694/3051 3371/3573/3052
f 3371/3573/3052 4463/4694/3051 3406/3610/2260 2587/2765/2259
f 4463/4694/3051 3372/3575/3050 2588/2767/2265 3406/3610/2260
f 3316/3518/2934 2554/2732/2936 3372/3575/3050 4463/4694/3051
f 2548/2724/2916 3311/3511/2924 4464/4695/3053 3370/3572/3054
f 3370/3572/3054 4464/4695/3053 3407/3611/2254 2586/2764/2253
f 4464/4695/3053 3371/3574/3052 2587/2766/2259 3407/3611/2254
f 3311/3511/2924 2551/2728/2926 3371/3574/3052 4464/4695/3053
f 2545/2721/2906 3306/3506/2914 4465/4696/3055 3369/3571/3056
f 3369/3571/3056 4465/4696/3055 3408/3612/2248 2585/2763/2247
f 4465/4696/3055 3370/3572/3054 2586/2764/2253 3408/3612/2248
f 3306/3506/2914 2548/2724/2916 3370/3572/3054 4465/4696/3055
f 2542/2718/2896 3301/3501/2904 4466/4697/3057 3368/3570/3058
f 3368/3570/3058 4466/4697/3057 3409/3613/2242 2584/2762/2241
f 4466/4697/3057 3369/3571/3056 2585/2763/2247 3409/3613/2242
f 3301/3501/2904 2545/2721/2906 3369/3571/3056 4466/4697/3057
f 2539/2715/2886 3296/3496/2894 4467/4698/3059 3367/3569/3033
f 3367/3569/3033 4467/4698/3059 3410/3614/2234 2583/2761/2233
f 4467/4698/3059 3368/3570/3058 2584/2762/2241 3410/3614/2234
f 3296/3496/2894 2542/2718/2896 3368/3570/3058 4467/4698/3059
f 2578/2756/3016 3361/3563/3024 4468/4699/3060 3382/3585/3036
f 3382/3585/3036 4468/4699/3060 3411/3615/2225 2582/2760/2224
f 4468/4699/3060 3380/3583/3030 2580/2758/2232 3411/3615/2225
f 3361/3563/3024 2533/2709/2868 3380/3583/3030 4468/4699/3060
f 2471/2643/2663 3414/3618/3061 4469/4700/3062 3126/3320/2662
f 3126/3320/2662 4469/4700/3062 3171/3367/3063 2470/2642/2655
f 4469/4700/3062 3428/3633/2768 2611/2791/2761 3171/3367/3063
f 3414/3618/3061 2598/2777/2685 3428/3633/2768 4469/4700/3062
f 2478/2651/2659 3412/3616/3064 4470/4701/3065 3133/3327/2658
f 3133/3327/2658 4470/4701/3065 3170/3366/3066 2477/2650/2651
f 4470/4701/3065 3429/3634/2766 2610/2790/2755 3170/3366/3066
f 3412/3616/3064 2596/2775/2617 3429/3634/2766 4470/4701/3065
f 2470/2642/2655 3171/3367/3063 4471/4702/3067 3125/3319/2654
f 3125/3319/2654 4471/4702/3067 3169/3365/3068 2468/2640/2645
f 4471/4702/3067 3430/3635/2762 2609/2789/2738 3169/3365/3068
f 3171/3367/3063 2611/2791/2761 3430/3635/2762 4471/4702/3067
f 2477/2650/2651 3170/3366/3066 4472/4703/3069 3132/3326/2650
f 3132/3326/2650 4472/4703/3069 3167/3363/3070 2476/2649/2639
f 4472/4703/3069 3431/3636/2757 2607/2787/2732 3167/3363/3070
f 3170/3366/3066 2610/2790/2755 3431/3636/2757 4472/4703/3069
f 2469/2641/2644 3424/3629/3071 4473/4704/3072 3139/3333/2647
f 3139/3333/2647 4473/4704/3072 3166/3362/3073 2483/2656/2635
f 4473/4704/3072 3432/3637/2748 2606/2786/2726 3166/3362/3073
f 3424/3629/3071 2608/2788/2743 3432/3637/2748 4473/4704/3072
f 2468/2640/2645 3169/3365/3068 4474/4705/3074 3124/3318/2643
f 3124/3318/2643 4474/4705/3074 3424/3629/3071 2469/2641/2644
f 4474/4705/3074 3433/3638/2741 2608/2788/2743 3424/3629/3071
f 3169/3365/3068 2609/2789/2738 3433/3638/2741 4474/4705/3074
f 2476/2649/2639 3167/3363/3070 4475/4706/3075 3131/3325/2638
f 3131/3325/2638 4475/4706/3075 3165/3361/3076 2475/2648/2631
f 4475/4706/3075 3434/3639/2734 2605/2785/2720 3165/3361/3076
f 3167/3363/3070 2607/2787/2732 3434/3639/2734 4475/4706/3075
f 2483/2656/2635 3166/3362/3073 4476/4707/3077 3138/3332/2634
f 3138/3332/2634 4476/4707/3077 3164/3360/3078 2482/2655/2627
f 4476/4707/3077 3435/3640/2728 2604/2784/2714 3164/3360/3078
f 3166/3362/3073 2606/2786/2726 3435/3640/2728 4476/4707/3077
f 2475/2648/2631 3165/3361/3076 4477/4708/3079 3130/3324/2630
f 3130/3324/2630 4477/4708/3079 3163/3358/3080 2474/2646/2552
f 4477/4708/3079 3436/3641/2722 2603/2782/2708 3163/3358/3080
f 3165/3361/3076 2605/2785/2720 3436/3641/2722 4477/4708/3079
f 2482/2655/2627 3164/3360/3078 4478/4709/3081 3137/3331/2625
f 3137/3331/2625 4478/4709/3081 3162/3357/3082 2481/2654/2626
f 4478/4709/3081 3437/3642/2716 2602/2781/2702 3162/3357/3082
f 3164/3360/3078 2604/2784/2714 3437/3642/2716 4478/4709/3081
f 2474/2647/2552 3163/3359/3080 4479/4710/3083 3129/3323/2550
f 3129/3323/2550 4479/4710/3083 3161/3356/3084 2473/2645/2551
f 4479/4710/3083 3438/3643/2710 2601/2780/2696 3161/3356/3084
f 3163/3359/3080 2603/2783/2708 3438/3643/2710 4479/4710/3083
f 2481/2654/2626 3162/3357/3082 4480/4711/3085 3136/3330/2679
f 3136/3330/2679 4480/4711/3085 3160/3355/3086 2480/2653/2675
f 4480/4711/3085 3439/3644/2704 2600/2779/2690 3160/3355/3086
f 3162/3357/3082 2602/2781/2702 3439/3644/2704 4480/4711/3085
f 2473/2645/2551 3161/3356/3084 4481/4712/3087 3128/3322/2677
f 3128/3322/2677 4481/4712/3087 3159/3354/3088 2472/2644/2671
f 4481/4712/3087 3440/3645/2698 2599/2778/2680 3159/3354/3088
f 3161/3356/3084 2601/2780/2696 3440/3645/2698 4481/4712/3087
f 2480/2653/2675 3160/3355/3086 4482/4713/3089 3135/3329/2674
f 3135/3329/2674 4482/4713/3089 3157/3352/3090 2479/2652/2667
f 4482/4713/3089 3441/3646/2692 2597/2776/2612 3157/3352/3090
f 3160/3355/3086 2600/2779/2690 3441/3646/2692 4482/4713/3089
f 2472/2644/2671 3159/3354/3088 4483/4714/3091 3127/3321/2670
f 3127/3321/2670 4483/4714/3091 3414/3618/3061 2471/2643/2663
f 4483/4714/3091 3442/3647/2683 2598/2777/2685 3414/3618/3061
f 3159/3354/3088 2599/2778/2680 3442/3647/2683 4483/4714/3091
f 2479/2652/2667 3157/3352/3090 4484/4715/3092 3134/3328/2666
f 3134/3328/2666 4484/4715/3092 3412/3616/3064 2478/2651/2659
f 4484/4715/3092 3443/3648/2615 2596/2775/2617 3412/3616/3064
f 3157/3352/3090 2597/2776/2612 3443/3648/2615 4484/4715/3092
f 2790/2970/3093 3827/4044/3094 4485/4716/3095 3782/3998/3096
f 3782/3998/3096 4485/4716/3095 3459/3665/3097 2627/2807/3098
f 4485/4716/3095 3780/3996/3099 2612/2792/3100 3459/3665/3097
f 3827/4044/3094 2788/2968/3101 3780/3996/3099 4485/4716/3095
f 2791/2971/3102 3826/4043/3103 4486/4717/3104 3799/4015/3105
f 3799/4015/3105 4486/4717/3104 3446/3652/3106 2614/2794/3107
f 4486/4717/3104 3800/4016/3108 2615/2795/3109 3446/3652/3106
f 3826/4043/3103 2792/2972/3110 3800/4016/3108 4486/4717/3104
f 2792/2972/3110 3825/4042/3111 4487/4718/3112 3800/4016/3108
f 3800/4016/3108 4487/4718/3112 3447/3653/3113 2615/2795/3109
f 4487/4718/3112 3801/4017/3114 2616/2796/3115 3447/3653/3113
f 3825/4042/3111 2793/2973/3116 3801/4017/3114 4487/4718/3112
f 2793/2973/3116 3824/4041/3117 4488/4719/3118 3801/4017/3114
f 3801/4017/3114 4488/4719/3118 3448/3654/3119 2616/2796/3115
f 4488/4719/3118 3802/4018/3120 2617/2797/3121 3448/3654/3119
f 3824/4041/3117 2794/2974/3122 3802/4018/3120 4488/4719/3118
f 2794/2974/3122 3823/4040/3123 4489/4720/3124 3802/4018/3120
f 3802/4018/3120 4489/4720/3124 3449/3655/3125 2617/2797/3121
f 4489/4720/3124 3803/4019/3126 2618/2798/3127 3449/3655/3125
f 3823/4040/3123 2795/2975/3128 3803/4019/3126 4489/4720/3124
f 2795/2975/3128 3822/4039/3129 4490/4721/3130 3803/4019/3126
f 3803/4019/3126 4490/4721/3130 3450/3656/3131 2618/2798/3127
f 4490/4721/3130 3804/4020/3132 2619/2799/3133 3450/3656/3131
f 3822/4039/3129 2796/2976/3134 3804/4020/3132 4490/4721/3130
f 2796/2976/3134 3821/4038/3135 4491/4722/3136 3804/4020/3132
f 3804/4020/3132 4491/4722/3136 3451/3657/3137 2619/2799/3133
f 4491/4722/3136 3805/4021/3138 2620/2800/3139 3451/3657/3137
f 3821/4038/3135 2797/2977/3140 3805/4021/3138 4491/4722/3136
f 2797/2977/3140 3820/4037/3141 4492/4723/3142 3805/4021/3138
f 3805/4021/3138 4492/4723/3142 3452/3658/3143 2620/2800/3139
f 4492/4723/3142 3806/4022/3144 2621/2801/3145 3452/3658/3143
f 3820/4037/3141 2798/2978/3146 3806/4022/3144 4492/4723/3142
f 2798/2978/3146 3819/4036/3147 4493/4724/3148 3806/4022/3144
f 3806/4022/3144 4493/4724/3148 3453/3659/3149 2621/2801/3145
f 4493/4724/3148 3807/4023/3150 2622/2802/3151 3453/3659/3149
f 3819/4036/3147 2799/2979/3152 3807/4023/3150 4493/4724/3148
f 2799/2979/3152 3818/4035/3153 4494/4725/3154 3807/4023/3150
f 3807/4023/3150 4494/4725/3154 3454/3660/3155 2622/2802/3151
f 4494/4725/3154 3808/4024/3156 2623/2803/3157 3454/3660/3155
f 3818/4035/3153 2800/2980/3158 3808/4024/3156 4494/4725/3154
f 2800/2980/3158 3817/4034/3159 4495/4726/3160 3808/4024/3156
f 3808/4024/3156 4495/4726/3160 3455/3661/3161 2623/2803/3157
f 4495/4726/3160 3809/4025/3162 2624/2804/3163 3455/3661/3161
f 3817/4034/3159 2801/2981/3164 3809/4025/3162 4495/4726/3160
f 2801/2981/3164 3816/4033/3165 4496/4727/3166 3809/4025/3162
f 3809/4025/3162 4496/4727/3166 3456/3662/3167 2624/2804/3163
f 4496/4727/3166 3810/4026/3168 2625/2805/3169 3456/3662/3167
f 3816/4033/3165 2802/2982/3170 3810/4026/3168 4496/4727/3166
f 2802/2982/3170 3815/4032/3171 4497/4728/3172 3810/4026/3168
f 3810/4026/3168 4497/4728/3172 3457/3663/3173 2625/2805/3169
f 4497/4728/3172 3811/4027/3174 2626/2806/3175 3457/3663/3173
f 3815/4032/3171 2803/2983/3176 3811/4027/3174 4497/4728/3172
f 2803/2983/3176 3814/4031/3177 4498/4729/3178 3811/4027/3174
f 3811/4027/3174 4498/4729/3178 3458/3664/3179 2626/2806/3175
f 4498/4729/3178 3782/3998/3096 2627/2807/3098 3458/3664/3179
f 3814/4031/3177 2790/2970/3093 3782/3998/3096 4498/4729/3178
f 2620/2800/3139 3477/3684/3180 4499/4730/3181 3451/3657/3137
f 3451/3657/3137 4499/4730/3181 3476/3683/3182 2619/2799/3133
f 4499/4730/3181 3467/3674/3183 2635/2815/3184 3476/3683/3182
f 3477/3684/3180 2636/2816/3185 3467/3674/3183 4499/4730/3181
f 2789/2969/3186 3813/4029/3187 4500/4731/3188 3797/4013/3189
f 3797/4013/3189 4500/4731/3188 3445/3651/3190 2613/2793/3191
f 4500/4732/3188 3799/4015/3105 2614/2794/3107 3445/3650/3190
f 3813/4030/3187 2791/2971/3102 3799/4015/3105 4500/4732/3188
f 2788/2968/3101 3812/4028/3192 4501/4733/3193 3780/3996/3099
f 3780/3996/3099 4501/4733/3193 3444/3649/3194 2612/2792/3100
f 4501/4733/3193 3797/4013/3189 2613/2793/3191 3444/3649/3194
f 3812/4028/3192 2789/2969/3186 3797/4013/3189 4501/4733/3193
f 2641/2821/3195 3509/3717/3196 4502/4734/3197 3472/3679/3198
f 3472/3679/3198 4502/4734/3197 3508/3716/3199 2640/2820/3200
f 4502/4734/3197 3504/3712/3201 2656/2836/3202 3508/3716/3199
f 3509/3717/3196 2657/2837/3203 3504/3712/3201 4502/4734/3197
f 2613/2793/3191 3479/3686/3204 4503/4735/3205 3444/3649/3194
f 3444/3649/3194 4503/4735/3205 3478/3685/3206 2612/2792/3100
f 4503/4735/3205 3460/3666/3207 2629/2809/3208 3478/3685/3206
f 3479/3686/3204 2628/2808/3209 3460/3666/3207 4503/4735/3205
f 2625/2805/3169 3481/3688/3210 4504/4736/3211 3456/3662/3167
f 3456/3662/3167 4504/4736/3211 3480/3687/3212 2624/2804/3163
f 4504/4736/3211 3472/3679/3198 2640/2820/3200 3480/3687/3212
f 3481/3688/3210 2641/2821/3195 3472/3679/3198 4504/4736/3211
f 2618/2798/3127 3483/3690/3213 4505/4737/3214 3449/3655/3125
f 3449/3655/3125 4505/4737/3214 3482/3689/3215 2617/2797/3121
f 4505/4737/3214 3465/3672/3216 2633/2813/3217 3482/3689/3215
f 3483/3690/3213 2634/2814/3218 3465/3672/3216 4505/4737/3214
f 2623/2803/3157 3485/3692/3219 4506/4738/3220 3454/3660/3155
f 3454/3660/3155 4506/4738/3220 3484/3691/3221 2622/2802/3151
f 4506/4738/3220 3470/3677/3222 2638/2818/3223 3484/3691/3221
f 3485/3692/3219 2639/2819/3224 3470/3677/3222 4506/4738/3220
f 2612/2792/3100 3478/3685/3206 4507/4739/3225 3459/3665/3097
f 3459/3665/3097 4507/4739/3225 3486/3693/3226 2627/2807/3098
f 4507/4739/3225 3475/3682/3227 2643/2823/3228 3486/3693/3226
f 3478/3685/3206 2629/2809/3208 3475/3682/3227 4507/4739/3225
f 2616/2796/3115 3488/3695/3229 4508/4740/3230 3447/3653/3113
f 3447/3653/3113 4508/4740/3230 3487/3694/3231 2615/2795/3109
f 4508/4740/3230 3463/3670/3232 2631/2811/3233 3487/3694/3231
f 3488/3695/3229 2632/2812/3234 3463/3670/3232 4508/4740/3230
f 2621/2801/3145 3489/3696/3235 4509/4741/3236 3452/3658/3143
f 3452/3658/3143 4509/4741/3236 3477/3684/3180 2620/2800/3139
f 4509/4741/3236 3468/3675/3237 2636/2816/3185 3477/3684/3180
f 3489/3696/3235 2637/2817/3238 3468/3675/3237 4509/4741/3236
f 2626/2806/3175 3490/3697/3239 4510/4742/3240 3457/3663/3173
f 3457/3663/3173 4510/4742/3240 3481/3688/3210 2625/2805/3169
f 4510/4742/3240 3473/3680/3241 2641/2821/3195 3481/3688/3210
f 3490/3697/3239 2642/2822/3242 3473/3680/3241 4510/4742/3240
f 2614/2794/3107 3491/3698/3243 4511/4744/3244 3445/3650/3190
f 3445/3651/3190 4511/4743/3244 3479/3686/3204 2613/2793/3191
f 4511/4743/3244 3461/3668/3245 2628/2808/3209 3479/3686/3204
f 3491/3698/3243 2630/2810/3246 3461/3667/3245 4511/4744/3244
f 2619/2799/3133 3476/3683/3182 4512/4745/3247 3450/3656/3131
f 3450/3656/3131 4512/4745/3247 3483/3690/3213 2618/2798/3127
f 4512/4745/3247 3466/3673/3248 2634/2814/3218 3483/3690/3213
f 3476/3683/3182 2635/2815/3184 3466/3673/3248 4512/4745/3247
f 2624/2804/3163 3480/3687/3212 4513/4746/3249 3455/3661/3161
f 3455/3661/3161 4513/4746/3249 3485/3692/3219 2623/2803/3157
f 4513/4746/3249 3471/3678/3250 2639/2819/3224 3485/3692/3219
f 3480/3687/3212 2640/2820/3200 3471/3678/3250 4513/4746/3249
f 2617/2797/3121 3482/3689/3215 4514/4747/3251 3448/3654/3119
f 3448/3654/3119 4514/4747/3251 3488/3695/3229 2616/2796/3115
f 4514/4747/3251 3464/3671/3252 2632/2812/3234 3488/3695/3229
f 3482/3689/3215 2633/2813/3217 3464/3671/3252 4514/4747/3251
f 2622/2802/3151 3484/3691/3221 4515/4748/3253 3453/3659/3149
f 3453/3659/3149 4515/4748/3253 3489/3696/3235 2621/2801/3145
f 4515/4748/3253 3469/3676/3254 2637/2817/3238 3489/3696/3235
f 3484/3691/3221 2638/2818/3223 3469/3676/3254 4515/4748/3253
f 2627/2807/3098 3486/3693/3226 4516/4749/3255 3458/3664/3179
f 3458/3664/3179 4516/4749/3255 3490/3697/3239 2626/2806/3175
f 4516/4749/3255 3474/3681/3256 2642/2822/3242 3490/3697/3239
f 3486/3693/3226 2643/2823/3228 3474/3681/3256 4516/4749/3255
f 2615/2795/3109 3487/3694/3231 4517/4750/3257 3446/3652/3106
f 3446/3652/3106 4517/4750/3257 3491/3698/3243 2614/2794/3107
f 4517/4750/3257 3462/3669/3258 2630/2810/3246 3491/3698/3243
f 3487/3694/3231 2631/2811/3233 3462/3669/3258 4517/4750/3257
f 2728/2908/3259 3694/3907/3260 4518/4751/3261 3649/3862/3262
f 3649/3862/3262 4518/4751/3261 3692/3905/3263 2725/2905/3264
f 4518/4751/3261 3535/3744/3265 2671/2851/3266 3692/3905/3263
f 3694/3907/3260 2672/2852/3267 3535/3744/3265 4518/4751/3261
f 2634/2814/3218 3511/3719/3268 4519/4752/3269 3465/3672/3216
f 3465/3672/3216 4519/4752/3269 3510/3718/3270 2633/2813/3217
f 4519/4752/3269 3497/3705/3271 2649/2829/3272 3510/3718/3270
f 3511/3719/3268 2650/2830/3273 3497/3705/3271 4519/4752/3269
f 2642/2822/3242 3512/3720/3274 4520/4753/3275 3473/3680/3241
f 3473/3680/3241 4520/4753/3275 3509/3717/3196 2641/2821/3195
f 4520/4753/3275 3505/3713/3276 2657/2837/3203 3509/3717/3196
f 3512/3720/3274 2658/2838/3277 3505/3713/3276 4520/4753/3275
f 2635/2815/3184 3513/3721/3278 4521/4754/3279 3466/3673/3248
f 3466/3673/3248 4521/4754/3279 3511/3719/3268 2634/2814/3218
f 4521/4754/3279 3498/3706/3280 2650/2830/3273 3511/3719/3268
f 3513/3721/3278 2651/2831/3281 3498/3706/3280 4521/4754/3279
f 2643/2823/3228 3514/3722/3282 4522/4755/3283 3474/3681/3256
f 3474/3681/3256 4522/4755/3283 3512/3720/3274 2642/2822/3242
f 4522/4755/3283 3506/3714/3284 2658/2838/3277 3512/3720/3274
f 3514/3722/3282 2659/2839/3285 3506/3714/3284 4522/4755/3283
f 2636/2816/3185 3515/3723/3286 4523/4756/3287 3467/3674/3183
f 3467/3674/3183 4523/4756/3287 3513/3721/3278 2635/2815/3184
f 4523/4756/3287 3499/3707/3288 2651/2831/3281 3513/3721/3278
f 3515/3723/3286 2652/2832/3289 3499/3707/3288 4523/4756/3287
f 2628/2808/3209 3517/3725/3290 4524/4757/3291 3460/3666/3207
f 3460/3666/3207 4524/4757/3291 3516/3724/3292 2629/2809/3208
f 4524/4757/3291 3492/3699/3293 2645/2825/3294 3516/3724/3292
f 3517/3725/3290 2644/2824/3295 3492/3699/3293 4524/4757/3291
f 2629/2809/3208 3516/3724/3292 4525/4758/3296 3475/3682/3227
f 3475/3682/3227 4525/4758/3296 3514/3722/3282 2643/2823/3228
f 4525/4758/3296 3507/3715/3297 2659/2839/3285 3514/3722/3282
f 3516/3724/3292 2645/2825/3294 3507/3715/3297 4525/4758/3296
f 2637/2817/3238 3518/3726/3298 4526/4759/3299 3468/3675/3237
f 3468/3675/3237 4526/4759/3299 3515/3723/3286 2636/2816/3185
f 4526/4759/3299 3500/3708/3300 2652/2832/3289 3515/3723/3286
f 3518/3726/3298 2653/2833/3301 3500/3708/3300 4526/4759/3299
f 2630/2810/3246 3519/3727/3302 4527/4761/3303 3461/3667/3245
f 3461/3668/3245 4527/4760/3303 3517/3725/3290 2628/2808/3209
f 4527/4760/3303 3493/3701/3304 2644/2824/3295 3517/3725/3290
f 3519/3727/3302 2646/2826/3305 3493/3700/3304 4527/4761/3303
f 2638/2818/3223 3520/3728/3306 4528/4762/3307 3469/3676/3254
f 3469/3676/3254 4528/4762/3307 3518/3726/3298 2637/2817/3238
f 4528/4762/3307 3501/3709/3308 2653/2833/3301 3518/3726/3298
f 3520/3728/3306 2654/2834/3309 3501/3709/3308 4528/4762/3307
f 2631/2811/3233 3521/3729/3310 4529/4763/3311 3462/3669/3258
f 3462/3669/3258 4529/4763/3311 3519/3727/3302 2630/2810/3246
f 4529/4763/3311 3494/3702/3312 2646/2826/3305 3519/3727/3302
f 3521/3729/3310 2647/2827/3313 3494/3702/3312 4529/4763/3311
f 2639/2819/3224 3522/3730/3314 4530/4764/3315 3470/3677/3222
f 3470/3677/3222 4530/4764/3315 3520/3728/3306 2638/2818/3223
f 4530/4764/3315 3502/3710/3316 2654/2834/3309 3520/3728/3306
f 3522/3730/3314 2655/2835/3317 3502/3710/3316 4530/4764/3315
f 2632/2812/3234 3523/3731/3318 4531/4765/3319 3463/3670/3232
f 3463/3670/3232 4531/4765/3319 3521/3729/3310 2631/2811/3233
f 4531/4765/3319 3495/3703/3320 2647/2827/3313 3521/3729/3310
f 3523/3731/3318 2648/2828/3321 3495/3703/3320 4531/4765/3319
f 2640/2820/3200 3508/3716/3199 4532/4766/3322 3471/3678/3250
f 3471/3678/3250 4532/4766/3322 3522/3730/3314 2639/2819/3224
f 4532/4766/3322 3503/3711/3323 2655/2835/3317 3522/3730/3314
f 3508/3716/3199 2656/2836/3202 3503/3711/3323 4532/4766/3322
f 2633/2813/3217 3510/3718/3270 4533/4767/3324 3464/3671/3252
f 3464/3671/3252 4533/4767/3324 3523/3731/3318 2632/2812/3234
f 4533/4767/3324 3496/3704/3325 2648/2828/3321 3523/3731/3318
f 3510/3718/3270 2649/2829/3272 3496/3704/3325 4533/4767/3324
f 2646/2826/3305 3673/3886/3326 4534/4769/3327 3493/3700/3304
f 3493/3701/3304 4534/4768/3327 3668/3881/3328 2644/2824/3295
f 4534/4768/3327 3596/3807/3329 2693/2873/3330 3668/3881/3328
f 3673/3886/3326 2699/2879/3331 3596/3806/3329 4534/4769/3327
f 2707/2887/3332 3680/3893/3333 4535/4770/3334 3614/3827/3335
f 3614/3827/3335 4535/4770/3334 3678/3891/3336 2704/2884/3337
f 4535/4770/3334 3528/3737/3338 2664/2844/3339 3678/3891/3336
f 3680/3893/3333 2665/2845/3340 3528/3737/3338 4535/4770/3334
f 2731/2911/3341 3696/3909/3342 4536/4771/3343 3654/3867/3344
f 3654/3867/3344 4536/4771/3343 3694/3907/3260 2728/2908/3259
f 4536/4771/3343 3536/3745/3345 2672/2852/3267 3694/3907/3260
f 3696/3909/3342 2673/2853/3346 3536/3745/3345 4536/4771/3343
f 2710/2890/3347 3682/3895/3348 4537/4772/3349 3619/3832/3350
f 3619/3832/3350 4537/4772/3349 3680/3893/3333 2707/2887/3332
f 4537/4772/3349 3529/3738/3351 2665/2845/3340 3680/3893/3333
f 3682/3895/3348 2666/2846/3352 3529/3738/3351 4537/4772/3349
f 2734/2914/3353 3698/3911/3354 4538/4773/3355 3659/3872/3356
f 3659/3872/3356 4538/4773/3355 3696/3909/3342 2731/2911/3341
f 4538/4773/3355 3537/3746/3357 2673/2853/3346 3696/3909/3342
f 3698/3911/3354 2674/2854/3358 3537/3746/3357 4538/4773/3355
f 2713/2893/3359 3684/3897/3360 4539/4774/3361 3624/3837/3362
f 3624/3837/3362 4539/4774/3361 3682/3895/3348 2710/2890/3347
f 4539/4774/3361 3530/3739/3363 2666/2846/3352 3682/3895/3348
f 3684/3897/3360 2667/2847/3364 3530/3739/3363 4539/4774/3361
f 2737/2917/3365 3674/3887/3366 4540/4775/3367 3664/3877/3368
f 3664/3877/3368 4540/4775/3367 3698/3911/3354 2734/2914/3353
f 4540/4775/3367 3538/3747/3369 2674/2854/3358 3698/3911/3354
f 3674/3887/3366 2675/2855/3370 3538/3747/3369 4540/4775/3367
f 2716/2896/3371 3686/3899/3372 4541/4776/3373 3629/3842/3374
f 3629/3842/3374 4541/4776/3373 3684/3897/3360 2713/2893/3359
f 4541/4776/3373 3531/3740/3375 2667/2847/3364 3684/3897/3360
f 3686/3899/3372 2668/2848/3376 3531/3740/3375 4541/4776/3373
f 2719/2899/3377 3688/3901/3378 4542/4777/3379 3634/3847/3380
f 3634/3847/3380 4542/4777/3379 3686/3899/3372 2716/2896/3371
f 4542/4777/3379 3532/3741/3381 2668/2848/3376 3686/3899/3372
f 3688/3901/3378 2669/2849/3382 3532/3741/3381 4542/4777/3379
f 2698/2878/3383 3670/3883/3384 4543/4779/3385 3599/3812/3386
f 3599/3811/3386 4543/4778/3385 3671/3884/3387 2692/2872/3388
f 4543/4778/3385 3525/3734/3389 2660/2840/3390 3671/3884/3387
f 3670/3883/3384 2662/2842/3391 3525/3733/3389 4543/4779/3385
f 2701/2881/3392 3676/3889/3393 4544/4780/3394 3604/3817/3395
f 3604/3817/3395 4544/4780/3394 3670/3883/3384 2698/2878/3383
f 4544/4780/3394 3526/3735/3396 2662/2842/3391 3670/3883/3384
f 3676/3889/3393 2663/2843/3397 3526/3735/3396 4544/4780/3394
f 2722/2902/3398 3690/3903/3399 4545/4781/3400 3639/3852/3401
f 3639/3852/3401 4545/4781/3400 3688/3901/3378 2719/2899/3377
f 4545/4781/3400 3533/3742/3402 2669/2849/3382 3688/3901/3378
f 3690/3903/3399 2670/2850/3403 3533/3742/3402 4545/4781/3400
f 2696/2876/3404 3672/3885/3405 4546/4782/3406 3667/3880/3407
f 3667/3880/3407 4546/4782/3406 3674/3887/3366 2737/2917/3365
f 4546/4782/3406 3539/3748/3408 2675/2855/3370 3674/3887/3366
f 3672/3885/3405 2661/2841/3409 3539/3748/3408 4546/4782/3406
f 2725/2905/3264 3692/3905/3263 4547/4783/3410 3644/3857/3411
f 3644/3857/3411 4547/4783/3410 3690/3903/3399 2722/2902/3398
f 4547/4783/3410 3534/3743/3412 2670/2850/3403 3690/3903/3399
f 3692/3905/3263 2671/2851/3266 3534/3743/3412 4547/4783/3410
f 2704/2884/3337 3678/3891/3336 4548/4784/3413 3609/3822/3414
f 3609/3822/3414 4548/4784/3413 3676/3889/3393 2701/2881/3392
f 4548/4784/3413 3527/3736/3415 2663/2843/3397 3676/3889/3393
f 3678/3891/3336 2664/2844/3339 3527/3736/3415 4548/4784/3413
f 2666/2846/3352 3557/3767/3416 4549/4785/3417 3529/3738/3351
f 3529/3738/3351 4549/4785/3417 3556/3766/3418 2665/2845/3340
f 4549/4785/3417 3545/3755/3419 2681/2861/3420 3556/3766/3418
f 3557/3767/3416 2682/2862/3421 3545/3755/3419 4549/4785/3417
f 2645/2825/3294 3669/3882/3422 4550/4786/3423 3507/3715/3297
f 3507/3715/3297 4550/4786/3423 3675/3888/3424 2659/2839/3285
f 4550/4786/3423 3665/3878/3425 2738/2918/3426 3675/3888/3424
f 3669/3882/3422 2695/2875/3427 3665/3878/3425 4550/4786/3423
f 2653/2833/3301 3689/3902/3428 4551/4787/3429 3500/3708/3300
f 3500/3708/3300 4551/4787/3429 3687/3900/3430 2652/2832/3289
f 4551/4787/3429 3631/3844/3431 2717/2897/3432 3687/3900/3430
f 3689/3902/3428 2720/2900/3433 3631/3844/3431 4551/4787/3429
f 2692/2872/3388 3671/3884/3387 4552/4788/3434 3594/3804/3435
f 3594/3804/3435 4552/4788/3434 3672/3885/3405 2696/2876/3404
f 4552/4788/3434 3524/3732/3436 2661/2841/3409 3672/3885/3405
f 3671/3884/3387 2660/2840/3390 3524/3732/3436 4552/4788/3434
f 2654/2834/3309 3691/3904/3437 4553/4789/3438 3501/3709/3308
f 3501/3709/3308 4553/4789/3438 3689/3902/3428 2653/2833/3301
f 4553/4789/3438 3636/3849/3439 2720/2900/3433 3689/3902/3428
f 3691/3904/3437 2723/2903/3440 3636/3849/3439 4553/4789/3438
f 2647/2827/3313 3677/3890/3441 4554/4790/3442 3494/3702/3312
f 3494/3702/3312 4554/4790/3442 3673/3886/3326 2646/2826/3305
f 4554/4790/3442 3601/3814/3443 2699/2879/3331 3673/3886/3326
f 3677/3890/3441 2702/2882/3444 3601/3814/3443 4554/4790/3442
f 2655/2835/3317 3693/3906/3445 4555/4791/3446 3502/3710/3316
f 3502/3710/3316 4555/4791/3446 3691/3904/3437 2654/2834/3309
f 4555/4791/3446 3641/3854/3447 2723/2903/3440 3691/3904/3437
f 3693/3906/3445 2726/2906/3448 3641/3854/3447 4555/4791/3446
f 2648/2828/3321 3679/3892/3449 4556/4792/3450 3495/3703/3320
f 3495/3703/3320 4556/4792/3450 3677/3890/3441 2647/2827/3313
f 4556/4792/3450 3606/3819/3451 2702/2882/3444 3677/3890/3441
f 3679/3892/3449 2705/2885/3452 3606/3819/3451 4556/4792/3450
f 2656/2836/3202 3695/3908/3453 4557/4793/3454 3503/3711/3323
f 3503/3711/3323 4557/4793/3454 3693/3906/3445 2655/2835/3317
f 4557/4793/3454 3646/3859/3455 2726/2906/3448 3693/3906/3445
f 3695/3908/3453 2729/2909/3456 3646/3859/3455 4557/4793/3454
f 2649/2829/3272 3681/3894/3457 4558/4794/3458 3496/3704/3325
f 3496/3704/3325 4558/4794/3458 3679/3892/3449 2648/2828/3321
f 4558/4794/3458 3611/3824/3459 2705/2885/3452 3679/3892/3449
f 3681/3894/3457 2708/2888/3460 3611/3824/3459 4558/4794/3458
f 2657/2837/3203 3697/3910/3461 4559/4795/3462 3504/3712/3201
f 3504/3712/3201 4559/4795/3462 3695/3908/3453 2656/2836/3202
f 4559/4795/3462 3651/3864/3463 2729/2909/3456 3695/3908/3453
f 3697/3910/3461 2732/2912/3464 3651/3864/3463 4559/4795/3462
f 2650/2830/3273 3683/3896/3465 4560/4796/3466 3497/3705/3271
f 3497/3705/3271 4560/4796/3466 3681/3894/3457 2649/2829/3272
f 4560/4796/3466 3616/3829/3467 2708/2888/3460 3681/3894/3457
f 3683/3896/3465 2711/2891/3468 3616/3829/3467 4560/4796/3466
f 2658/2838/3277 3699/3912/3469 4561/4797/3470 3505/3713/3276
f 3505/3713/3276 4561/4797/3470 3697/3910/3461 2657/2837/3203
f 4561/4797/3470 3656/3869/3471 2732/2912/3464 3697/3910/3461
f 3699/3912/3469 2735/2915/3472 3656/3869/3471 4561/4797/3470
f 2651/2831/3281 3685/3898/3473 4562/4798/3474 3498/3706/3280
f 3498/3706/3280 4562/4798/3474 3683/3896/3465 2650/2830/3273
f 4562/4798/3474 3621/3834/3475 2711/2891/3468 3683/3896/3465
f 3685/3898/3473 2714/2894/3476 3621/3834/3475 4562/4798/3474
f 2659/2839/3285 3675/3888/3424 4563/4799/3477 3506/3714/3284
f 3506/3714/3284 4563/4799/3477 3699/3912/3469 2658/2838/3277
f 4563/4799/3477 3661/3874/3478 2735/2915/3472 3699/3912/3469
f 3675/3888/3424 2738/2918/3426 3661/3874/3478 4563/4799/3477
f 2652/2832/3289 3687/3900/3430 4564/4800/3479 3499/3707/3288
f 3499/3707/3288 4564/4800/3479 3685/3898/3473 2651/2831/3281
f 4564/4800/3479 3626/3839/3480 2714/2894/3476 3685/3898/3473
f 3687/3900/3430 2717/2897/3432 3626/3839/3480 4564/4800/3479
f 2805/2985/3481 3829/4046/3482 4565/4801/3483 3859/4077/3484
f 3859/4077/3484 4565/4801/3483 3572/3782/3485 2804/2984/3486
f 3829/4046/3482 5149/5429/3487 5244/5578/3488 4565/4801/3483
f 4582/4819/3489 5246/5581/3490 5149/5429/3487 3829/4046/3482
f 2674/2854/3358 3559/3769/3491 4566/4802/3492 3537/3746/3357
f 3537/3746/3357 4566/4802/3492 3558/3768/3493 2673/2853/3346
f 4566/4802/3492 3553/3763/3494 2689/2869/3495 3558/3768/3493
f 3559/3769/3491 2690/2870/3496 3553/3763/3494 4566/4802/3492
f 2667/2847/3364 3560/3770/3497 4567/4803/3498 3530/3739/3363
f 3530/3739/3363 4567/4803/3498 3557/3767/3416 2666/2846/3352
f 4567/4803/3498 3546/3756/3499 2682/2862/3421 3557/3767/3416
f 3560/3770/3497 2683/2863/3500 3546/3756/3499 4567/4803/3498
f 2675/2855/3370 3561/3771/3501 4568/4804/3502 3538/3747/3369
f 3538/3747/3369 4568/4804/3502 3559/3769/3491 2674/2854/3358
f 4568/4804/3502 3554/3764/3503 2690/2870/3496 3559/3769/3491
f 3561/3771/3501 2691/2871/3504 3554/3764/3503 4568/4804/3502
f 2668/2848/3376 3562/3772/3505 4569/4805/3506 3531/3740/3375
f 3531/3740/3375 4569/4805/3506 3560/3770/3497 2667/2847/3364
f 4569/4805/3506 3547/3757/3507 2683/2863/3500 3560/3770/3497
f 3562/3772/3505 2684/2864/3508 3547/3757/3507 4569/4805/3506
f 2660/2840/3390 3564/3774/3509 4570/4806/3510 3524/3732/3436
f 3524/3732/3436 4570/4806/3510 3563/3773/3511 2661/2841/3409
f 4570/4806/3510 3540/3749/3512 2677/2857/3513 3563/3773/3511
f 3564/3774/3509 2676/2856/3514 3540/3749/3512 4570/4806/3510
f 2661/2841/3409 3563/3773/3511 4571/4807/3515 3539/3748/3408
f 3539/3748/3408 4571/4807/3515 3561/3771/3501 2675/2855/3370
f 4571/4807/3515 3555/3765/3516 2691/2871/3504 3561/3771/3501
f 3563/3773/3511 2677/2857/3513 3555/3765/3516 4571/4807/3515
f 2669/2849/3382 3565/3775/3517 4572/4808/3518 3532/3741/3381
f 3532/3741/3381 4572/4808/3518 3562/3772/3505 2668/2848/3376
f 4572/4808/3518 3548/3758/3519 2684/2864/3508 3562/3772/3505
f 3565/3775/3517 2685/2865/3520 3548/3758/3519 4572/4808/3518
f 2662/2842/3391 3566/3776/3521 4573/4810/3522 3525/3733/3389
f 3525/3734/3389 4573/4809/3522 3564/3774/3509 2660/2840/3390
f 4573/4809/3522 3541/3751/3523 2676/2856/3514 3564/3774/3509
f 3566/3776/3521 2678/2858/3524 3541/3750/3523 4573/4810/3522
f 2670/2850/3403 3567/3777/3525 4574/4811/3526 3533/3742/3402
f 3533/3742/3402 4574/4811/3526 3565/3775/3517 2669/2849/3382
f 4574/4811/3526 3549/3759/3527 2685/2865/3520 3565/3775/3517
f 3567/3777/3525 2686/2866/3528 3549/3759/3527 4574/4811/3526
f 2663/2843/3397 3568/3778/3529 4575/4812/3530 3526/3735/3396
f 3526/3735/3396 4575/4812/3530 3566/3776/3521 2662/2842/3391
f 4575/4812/3530 3542/3752/3531 2678/2858/3524 3566/3776/3521
f 3568/3778/3529 2679/2859/3532 3542/3752/3531 4575/4812/3530
f 2671/2851/3266 3569/3779/3533 4576/4813/3534 3534/3743/3412
f 3534/3743/3412 4576/4813/3534 3567/3777/3525 2670/2850/3403
f 4576/4813/3534 3550/3760/3535 2686/2866/3528 3567/3777/3525
f 3569/3779/3533 2687/2867/3536 3550/3760/3535 4576/4813/3534
f 2664/2844/3339 3570/3780/3537 4577/4814/3538 3527/3736/3415
f 3527/3736/3415 4577/4814/3538 3568/3778/3529 2663/2843/3397
f 4577/4814/3538 3543/3753/3539 2679/2859/3532 3568/3778/3529
f 3570/3780/3537 2680/2860/3540 3543/3753/3539 4577/4814/3538
f 2672/2852/3267 3571/3781/3541 4578/4815/3542 3535/3744/3265
f 3535/3744/3265 4578/4815/3542 3569/3779/3533 2671/2851/3266
f 4578/4815/3542 3551/3761/3543 2687/2867/3536 3569/3779/3533
f 3571/3781/3541 2688/2868/3544 3551/3761/3543 4578/4815/3542
f 2665/2845/3340 3556/3766/3418 4579/4816/3545 3528/3737/3338
f 3528/3737/3338 4579/4816/3545 3570/3780/3537 2664/2844/3339
f 4579/4816/3545 3544/3754/3546 2680/2860/3540 3570/3780/3537
f 3556/3766/3418 2681/2861/3420 3544/3754/3546 4579/4816/3545
f 2673/2853/3346 3558/3768/3493 4580/4817/3547 3536/3745/3345
f 3536/3745/3345 4580/4817/3547 3571/3781/3541 2672/2852/3267
f 4580/4817/3547 3552/3762/3548 2688/2868/3544 3571/3781/3541
f 3558/3768/3493 2689/2869/3495 3552/3762/3548 4580/4817/3547
f 2807/2987/3549 3831/4048/3550 4581/4818/3551 3858/4076/3552
f 3858/4076/3552 4581/4818/3551 3574/3784/3553 2806/2986/3554
f 3831/4048/3550 5135/5408/3555 5230/5557/3556 4581/4818/3551
f 4583/4820/3557 5232/5560/3558 5135/5408/3555 3831/4048/3550
f 2808/2988/3559 3832/4049/3560 4582/4819/3489 3857/4075/3561
f 3857/4075/3561 4582/4819/3489 3829/4046/3482 2805/2985/3481
f 3832/4049/3560 5151/5432/3562 5246/5581/3490 4582/4819/3489
f 4584/4821/3563 5248/5584/3564 5151/5432/3562 3832/4049/3560
f 2809/2989/3565 3833/4050/3566 4583/4820/3557 3856/4074/3567
f 3856/4074/3567 4583/4820/3557 3831/4048/3550 2807/2987/3549
f 3833/4050/3566 5137/5411/3568 5232/5560/3558 4583/4820/3557
f 4585/4822/3569 5234/5563/3570 5137/5411/3568 3833/4050/3566
f 2810/2990/3571 3834/4051/3572 4584/4821/3563 3855/4073/3573
f 3855/4073/3573 4584/4821/3563 3832/4049/3560 2808/2988/3559
f 3834/4051/3572 5153/5435/3574 5248/5584/3564 4584/4821/3563
f 4586/4823/3575 5250/5587/3576 5153/5435/3574 3834/4051/3572
f 2811/2991/3577 3835/4052/3578 4585/4822/3569 3854/4072/3579
f 3854/4072/3579 4585/4822/3569 3833/4050/3566 2809/2989/3565
f 3835/4052/3578 5139/5414/3580 5234/5563/3570 4585/4822/3569
f 4587/4824/3581 5236/5566/3582 5139/5414/3580 3835/4052/3578
f 2812/2992/3583 3836/4053/3584 4586/4823/3575 3853/4071/3585
f 3853/4071/3585 4586/4823/3575 3834/4051/3572 2810/2990/3571
f 3836/4053/3584 5155/5438/3586 5250/5587/3576 4586/4823/3575
f 4588/4825/3587 5252/5590/3588 5155/5438/3586 3836/4053/3584
f 2813/2993/3589 3837/4054/3590 4587/4824/3581 3852/4070/3591
f 3852/4070/3591 4587/4824/3581 3835/4052/3578 2811/2991/3577
f 3837/4054/3590 5141/5417/3592 5236/5566/3582 4587/4824/3581
f 4589/4826/3593 5238/5569/3594 5141/5417/3592 3837/4054/3590
f 2814/2994/3595 3838/4055/3596 4588/4825/3587 3851/4069/3597
f 3851/4069/3597 4588/4825/3587 3836/4053/3584 2812/2992/3583
f 3838/4055/3596 5157/5441/3598 5252/5590/3588 4588/4825/3587
f 4591/4828/3599 5254/5593/3600 5157/5441/3598 3838/4055/3596
f 2815/2995/3601 3839/4056/3602 4589/4826/3593 3850/4068/3603
f 3850/4068/3603 4589/4826/3593 3837/4054/3590 2813/2993/3589
f 3839/4056/3602 5143/5420/3604 5238/5569/3594 4589/4826/3593
f 4592/4829/3605 5240/5572/3606 5143/5420/3604 3839/4056/3602
f 2817/2997/3607 3841/4058/2749 4590/4827/2752 3849/4067/3608
f 3849/4067/3608 4590/4827/2752 3584/3794/3609 2816/2996/3610
f 3584/3794/3609 5130/5401/3611 5254/5593/3600 4591/4828/3599
f 4593/4831/3612 5226/5551/3613 5127/5396/2750 3841/4058/2749
f 2816/2996/3610 3584/3794/3609 4591/4828/3599 3848/4066/3614
f 3848/4066/3614 4591/4828/3599 3838/4055/3596 2814/2994/3595
f 4257/4487/2749 5159/5444/2750 5256/5596/2751 4799/5043/2752
f 3843/4060/3615 5131/5402/3616 5226/5550/3613 4593/4830/3612
f 2818/2998/3617 3842/4059/3618 4592/4829/3605 3847/4065/3619
f 3847/4065/3619 4592/4829/3605 3839/4056/3602 2815/2995/3601
f 3842/4059/3618 5145/5423/3620 5240/5572/3606 4592/4829/3605
f 4594/4832/3621 5242/5575/3622 5145/5423/3620 3842/4059/3618
f 2819/2999/3623 3843/4060/3615 4593/4830/3612 3846/4064/3624
f 3846/4063/3624 4593/4831/3612 3841/4058/2749 2817/2997/3607
f 4590/4827/2752 5224/5545/2751 5130/5401/3611 3584/3794/3609
f 4595/4833/3625 5228/5554/3626 5131/5402/3616 3843/4060/3615
f 2804/2984/3486 3572/3782/3485 4594/4832/3621 3845/4062/3627
f 3845/4062/3627 4594/4832/3621 3842/4059/3618 2818/2998/3617
f 3572/3782/3485 5147/5426/3628 5242/5575/3622 4594/4832/3621
f 4565/4801/3483 5244/5578/3488 5147/5426/3628 3572/3782/3485
f 2806/2986/3554 3574/3784/3553 4595/4833/3625 3844/4061/3629
f 3844/4061/3629 4595/4833/3625 3843/4060/3615 2819/2999/3623
f 3574/3784/3553 5133/5405/3630 5228/5554/3626 4595/4833/3625
f 4581/4818/3551 5230/5557/3556 5133/5405/3630 3574/3784/3553
f 2693/2873/3330 3588/3798/3631 4596/4834/3632 3589/3799/3633
f 3589/3799/3633 4596/4834/3632 3590/3800/3634 2695/2875/3427
f 4596/4834/3632 3591/3801/3635 2697/2877/3636 3590/3800/3634
f 3588/3798/3631 2694/2874/3637 3591/3801/3635 4596/4834/3632
f 2694/2874/3637 3592/3802/3638 4597/4835/3639 3591/3801/3635
f 3591/3801/3635 4597/4835/3639 3593/3803/3640 2697/2877/3636
f 4597/4835/3639 3594/3804/3435 2696/2876/3404 3593/3803/3640
f 3592/3802/3638 2692/2872/3388 3594/3804/3435 4597/4835/3639
f 2699/2879/3331 3595/3805/3641 4598/4837/3642 3596/3806/3329
f 3596/3807/3329 4598/4836/3642 3588/3798/3631 2693/2873/3330
f 4598/4836/3642 3597/3809/3643 2694/2874/3637 3588/3798/3631
f 3595/3805/3641 2700/2880/3644 3597/3808/3643 4598/4837/3642
f 2700/2880/3644 3598/3810/3645 4599/4839/3646 3597/3808/3643
f 3597/3809/3643 4599/4838/3646 3592/3802/3638 2694/2874/3637
f 4599/4838/3646 3599/3811/3386 2692/2872/3388 3592/3802/3638
f 3598/3810/3645 2698/2878/3383 3599/3812/3386 4599/4839/3646
f 2702/2882/3444 3600/3813/3647 4600/4840/3648 3601/3814/3443
f 3601/3814/3443 4600/4840/3648 3595/3805/3641 2699/2879/3331
f 4600/4840/3648 3602/3815/3649 2700/2880/3644 3595/3805/3641
f 3600/3813/3647 2703/2883/3650 3602/3815/3649 4600/4840/3648
f 2703/2883/3650 3603/3816/3651 4601/4841/3652 3602/3815/3649
f 3602/3815/3649 4601/4841/3652 3598/3810/3645 2700/2880/3644
f 4601/4841/3652 3604/3817/3395 2698/2878/3383 3598/3810/3645
f 3603/3816/3651 2701/2881/3392 3604/3817/3395 4601/4841/3652
f 2705/2885/3452 3605/3818/3653 4602/4842/3654 3606/3819/3451
f 3606/3819/3451 4602/4842/3654 3600/3813/3647 2702/2882/3444
f 4602/4842/3654 3607/3820/3655 2703/2883/3650 3600/3813/3647
f 3605/3818/3653 2706/2886/3656 3607/3820/3655 4602/4842/3654
f 2706/2886/3656 3608/3821/3657 4603/4843/3658 3607/3820/3655
f 3607/3820/3655 4603/4843/3658 3603/3816/3651 2703/2883/3650
f 4603/4843/3658 3609/3822/3414 2701/2881/3392 3603/3816/3651
f 3608/3821/3657 2704/2884/3337 3609/3822/3414 4603/4843/3658
f 2708/2888/3460 3610/3823/3659 4604/4844/3660 3611/3824/3459
f 3611/3824/3459 4604/4844/3660 3605/3818/3653 2705/2885/3452
f 4604/4844/3660 3612/3825/3661 2706/2886/3656 3605/3818/3653
f 3610/3823/3659 2709/2889/3662 3612/3825/3661 4604/4844/3660
f 2709/2889/3662 3613/3826/3663 4605/4845/3664 3612/3825/3661
f 3612/3825/3661 4605/4845/3664 3608/3821/3657 2706/2886/3656
f 4605/4845/3664 3614/3827/3335 2704/2884/3337 3608/3821/3657
f 3613/3826/3663 2707/2887/3332 3614/3827/3335 4605/4845/3664
f 2711/2891/3468 3615/3828/3665 4606/4846/3666 3616/3829/3467
f 3616/3829/3467 4606/4846/3666 3610/3823/3659 2708/2888/3460
f 4606/4846/3666 3617/3830/3667 2709/2889/3662 3610/3823/3659
f 3615/3828/3665 2712/2892/3668 3617/3830/3667 4606/4846/3666
f 2712/2892/3668 3618/3831/3669 4607/4847/3670 3617/3830/3667
f 3617/3830/3667 4607/4847/3670 3613/3826/3663 2709/2889/3662
f 4607/4847/3670 3619/3832/3350 2707/2887/3332 3613/3826/3663
f 3618/3831/3669 2710/2890/3347 3619/3832/3350 4607/4847/3670
f 2714/2894/3476 3620/3833/3671 4608/4848/3672 3621/3834/3475
f 3621/3834/3475 4608/4848/3672 3615/3828/3665 2711/2891/3468
f 4608/4848/3672 3622/3835/3673 2712/2892/3668 3615/3828/3665
f 3620/3833/3671 2715/2895/3674 3622/3835/3673 4608/4848/3672
f 2715/2895/3674 3623/3836/3675 4609/4849/3676 3622/3835/3673
f 3622/3835/3673 4609/4849/3676 3618/3831/3669 2712/2892/3668
f 4609/4849/3676 3624/3837/3362 2710/2890/3347 3618/3831/3669
f 3623/3836/3675 2713/2893/3359 3624/3837/3362 4609/4849/3676
f 2717/2897/3432 3625/3838/3677 4610/4850/3678 3626/3839/3480
f 3626/3839/3480 4610/4850/3678 3620/3833/3671 2714/2894/3476
f 4610/4850/3678 3627/3840/3679 2715/2895/3674 3620/3833/3671
f 3625/3838/3677 2718/2898/3680 3627/3840/3679 4610/4850/3678
f 2718/2898/3680 3628/3841/3681 4611/4851/3682 3627/3840/3679
f 3627/3840/3679 4611/4851/3682 3623/3836/3675 2715/2895/3674
f 4611/4851/3682 3629/3842/3374 2713/2893/3359 3623/3836/3675
f 3628/3841/3681 2716/2896/3371 3629/3842/3374 4611/4851/3682
f 2720/2900/3433 3630/3843/3683 4612/4852/3684 3631/3844/3431
f 3631/3844/3431 4612/4852/3684 3625/3838/3677 2717/2897/3432
f 4612/4852/3684 3632/3845/3685 2718/2898/3680 3625/3838/3677
f 3630/3843/3683 2721/2901/3686 3632/3845/3685 4612/4852/3684
f 2721/2901/3686 3633/3846/3687 4613/4853/3688 3632/3845/3685
f 3632/3845/3685 4613/4853/3688 3628/3841/3681 2718/2898/3680
f 4613/4853/3688 3634/3847/3380 2716/2896/3371 3628/3841/3681
f 3633/3846/3687 2719/2899/3377 3634/3847/3380 4613/4853/3688
f 2723/2903/3440 3635/3848/3689 4614/4854/3690 3636/3849/3439
f 3636/3849/3439 4614/4854/3690 3630/3843/3683 2720/2900/3433
f 4614/4854/3690 3637/3850/3691 2721/2901/3686 3630/3843/3683
f 3635/3848/3689 2724/2904/3692 3637/3850/3691 4614/4854/3690
f 2724/2904/3692 3638/3851/3693 4615/4855/3694 3637/3850/3691
f 3637/3850/3691 4615/4855/3694 3633/3846/3687 2721/2901/3686
f 4615/4855/3694 3639/3852/3401 2719/2899/3377 3633/3846/3687
f 3638/3851/3693 2722/2902/3398 3639/3852/3401 4615/4855/3694
f 2726/2906/3448 3640/3853/3695 4616/4856/3696 3641/3854/3447
f 3641/3854/3447 4616/4856/3696 3635/3848/3689 2723/2903/3440
f 4616/4856/3696 3642/3855/3697 2724/2904/3692 3635/3848/3689
f 3640/3853/3695 2727/2907/3698 3642/3855/3697 4616/4856/3696
f 2727/2907/3698 3643/3856/3699 4617/4857/3700 3642/3855/3697
f 3642/3855/3697 4617/4857/3700 3638/3851/3693 2724/2904/3692
f 4617/4857/3700 3644/3857/3411 2722/2902/3398 3638/3851/3693
f 3643/3856/3699 2725/2905/3264 3644/3857/3411 4617/4857/3700
f 2729/2909/3456 3645/3858/3701 4618/4858/3702 3646/3859/3455
f 3646/3859/3455 4618/4858/3702 3640/3853/3695 2726/2906/3448
f 4618/4858/3702 3647/3860/3703 2727/2907/3698 3640/3853/3695
f 3645/3858/3701 2730/2910/3704 3647/3860/3703 4618/4858/3702
f 2730/2910/3704 3648/3861/3705 4619/4859/3706 3647/3860/3703
f 3647/3860/3703 4619/4859/3706 3643/3856/3699 2727/2907/3698
f 4619/4859/3706 3649/3862/3262 2725/2905/3264 3643/3856/3699
f 3648/3861/3705 2728/2908/3259 3649/3862/3262 4619/4859/3706
f 2732/2912/3464 3650/3863/3707 4620/4860/3708 3651/3864/3463
f 3651/3864/3463 4620/4860/3708 3645/3858/3701 2729/2909/3456
f 4620/4860/3708 3652/3865/3709 2730/2910/3704 3645/3858/3701
f 3650/3863/3707 2733/2913/3710 3652/3865/3709 4620/4860/3708
f 2733/2913/3710 3653/3866/3711 4621/4861/3712 3652/3865/3709
f 3652/3865/3709 4621/4861/3712 3648/3861/3705 2730/2910/3704
f 4621/4861/3712 3654/3867/3344 2728/2908/3259 3648/3861/3705
f 3653/3866/3711 2731/2911/3341 3654/3867/3344 4621/4861/3712
f 2735/2915/3472 3655/3868/3713 4622/4862/3714 3656/3869/3471
f 3656/3869/3471 4622/4862/3714 3650/3863/3707 2732/2912/3464
f 4622/4862/3714 3657/3870/3715 2733/2913/3710 3650/3863/3707
f 3655/3868/3713 2736/2916/3716 3657/3870/3715 4622/4862/3714
f 2736/2916/3716 3658/3871/3717 4623/4863/3718 3657/3870/3715
f 3657/3870/3715 4623/4863/3718 3653/3866/3711 2733/2913/3710
f 4623/4863/3718 3659/3872/3356 2731/2911/3341 3653/3866/3711
f 3658/3871/3717 2734/2914/3353 3659/3872/3356 4623/4863/3718
f 2738/2918/3426 3660/3873/3719 4624/4864/3720 3661/3874/3478
f 3661/3874/3478 4624/4864/3720 3655/3868/3713 2735/2915/3472
f 4624/4864/3720 3662/3875/3721 2736/2916/3716 3655/3868/3713
f 3660/3873/3719 2739/2919/3722 3662/3875/3721 4624/4864/3720
f 2739/2919/3722 3663/3876/3723 4625/4865/3724 3662/3875/3721
f 3662/3875/3721 4625/4865/3724 3658/3871/3717 2736/2916/3716
f 4625/4865/3724 3664/3877/3368 2734/2914/3353 3658/3871/3717
f 3663/3876/3723 2737/2917/3365 3664/3877/3368 4625/4865/3724
f 2695/2875/3427 3590/3800/3634 4626/4866/3725 3665/3878/3425
f 3665/3878/3425 4626/4866/3725 3660/3873/3719 2738/2918/3426
f 4626/4866/3725 3666/3879/3726 2739/2919/3722 3660/3873/3719
f 3590/3800/3634 2697/2877/3636 3666/3879/3726 4626/4866/3725
f 2697/2877/3636 3593/3803/3640 4627/4867/3727 3666/3879/3726
f 3666/3879/3726 4627/4867/3727 3663/3876/3723 2739/2919/3722
f 4627/4867/3727 3667/3880/3407 2737/2917/3365 3663/3876/3723
f 3593/3803/3640 2696/2876/3404 3667/3880/3407 4627/4867/3727
f 2644/2824/3295 3668/3881/3328 4628/4868/3728 3492/3699/3293
f 3492/3699/3293 4628/4868/3728 3669/3882/3422 2645/2825/3294
f 4628/4868/3728 3589/3799/3633 2695/2875/3427 3669/3882/3422
f 3668/3881/3328 2693/2873/3330 3589/3799/3633 4628/4868/3728
f 2741/2921/3729 3700/3913/3730 4629/4869/3731 3701/3914/3732
f 3701/3914/3732 4629/4869/3731 3702/3915/3733 2744/2924/3734
f 4629/4869/3731 3703/3916/3735 2745/2925/3736 3702/3915/3733
f 3700/3913/3730 2742/2922/3737 3703/3916/3735 4629/4869/3731
f 2742/2922/3737 3704/3917/3738 4630/4870/3739 3703/3916/3735
f 3703/3916/3735 4630/4870/3739 3705/3918/3740 2745/2925/3736
f 4630/4870/3739 3706/3919/3741 2743/2923/3742 3705/3918/3740
f 3704/3917/3738 2740/2920/3743 3706/3919/3741 4630/4870/3739
f 2744/2924/3734 3702/3915/3733 4631/4872/3744 3707/3920/3745
f 3707/3921/3745 4631/4871/3744 3708/3922/3746 2747/2927/3747
f 4631/4871/3744 3709/3924/3748 2748/2928/3749 3708/3922/3746
f 3702/3915/3733 2745/2925/3736 3709/3923/3748 4631/4872/3744
f 2745/2925/3736 3705/3918/3740 4632/4874/3750 3709/3923/3748
f 3709/3924/3748 4632/4873/3750 3710/3925/3751 2748/2928/3749
f 4632/4873/3750 3711/3927/3752 2746/2926/3753 3710/3925/3751
f 3705/3918/3740 2743/2923/3742 3711/3926/3752 4632/4874/3750
f 2747/2927/3747 3708/3922/3746 4633/4875/3754 3712/3928/3755
f 3712/3928/3755 4633/4875/3754 3713/3929/3756 2750/2930/3757
f 4633/4875/3754 3714/3930/3758 2751/2931/3759 3713/3929/3756
f 3708/3922/3746 2748/2928/3749 3714/3930/3758 4633/4875/3754
f 2748/2928/3749 3710/3925/3751 4634/4876/3760 3714/3930/3758
f 3714/3930/3758 4634/4876/3760 3715/3931/3761 2751/2931/3759
f 4634/4876/3760 3716/3932/3762 2749/2929/3763 3715/3931/3761
f 3710/3925/3751 2746/2926/3753 3716/3932/3762 4634/4876/3760
f 2750/2930/3757 3713/3929/3756 4635/4877/3764 3717/3933/3765
f 3717/3933/3765 4635/4877/3764 3718/3934/3766 2753/2933/3767
f 4635/4877/3764 3719/3935/3768 2754/2934/3769 3718/3934/3766
f 3713/3929/3756 2751/2931/3759 3719/3935/3768 4635/4877/3764
f 2751/2931/3759 3715/3931/3761 4636/4878/3770 3719/3935/3768
f 3719/3935/3768 4636/4878/3770 3720/3936/3771 2754/2934/3769
f 4636/4878/3770 3721/3937/3772 2752/2932/3773 3720/3936/3771
f 3715/3931/3761 2749/2929/3763 3721/3937/3772 4636/4878/3770
f 2753/2933/3767 3718/3934/3766 4637/4879/3774 3722/3938/3775
f 3722/3938/3775 4637/4879/3774 3723/3939/3776 2756/2936/3777
f 4637/4879/3774 3724/3940/3778 2757/2937/3779 3723/3939/3776
f 3718/3934/3766 2754/2934/3769 3724/3940/3778 4637/4879/3774
f 2754/2934/3769 3720/3936/3771 4638/4880/3780 3724/3940/3778
f 3724/3940/3778 4638/4880/3780 3725/3941/3781 2757/2937/3779
f 4638/4880/3780 3726/3942/3782 2755/2935/3783 3725/3941/3781
f 3720/3936/3771 2752/2932/3773 3726/3942/3782 4638/4880/3780
f 2756/2936/3777 3723/3939/3776 4639/4881/3784 3727/3943/3785
f 3727/3943/3785 4639/4881/3784 3728/3944/3786 2759/2939/3787
f 4639/4881/3784 3729/3945/3788 2760/2940/3789 3728/3944/3786
f 3723/3939/3776 2757/2937/3779 3729/3945/3788 4639/4881/3784
f 2757/2937/3779 3725/3941/3781 4640/4882/3790 3729/3945/3788
f 3729/3945/3788 4640/4882/3790 3730/3946/3791 2760/2940/3789
f 4640/4882/3790 3731/3947/3792 2758/2938/3793 3730/3946/3791
f 3725/3941/3781 2755/2935/3783 3731/3947/3792 4640/4882/3790
f 2759/2939/3787 3728/3944/3786 4641/4883/3794 3732/3948/3795
f 3732/3948/3795 4641/4883/3794 3733/3949/3796 2762/2942/3797
f 4641/4883/3794 3734/3950/3798 2763/2943/3799 3733/3949/3796
f 3728/3944/3786 2760/2940/3789 3734/3950/3798 4641/4883/3794
f 2760/2940/3789 3730/3946/3791 4642/4884/3800 3734/3950/3798
f 3734/3950/3798 4642/4884/3800 3735/3951/3801 2763/2943/3799
f 4642/4884/3800 3736/3952/3802 2761/2941/3803 3735/3951/3801
f 3730/3946/3791 2758/2938/3793 3736/3952/3802 4642/4884/3800
f 2762/2942/3797 3733/3949/3796 4643/4885/3804 3737/3953/3805
f 3737/3953/3805 4643/4885/3804 3738/3954/3806 2765/2945/3807
f 4643/4885/3804 3739/3955/3808 2766/2946/3809 3738/3954/3806
f 3733/3949/3796 2763/2943/3799 3739/3955/3808 4643/4885/3804
f 2763/2943/3799 3735/3951/3801 4644/4886/3810 3739/3955/3808
f 3739/3955/3808 4644/4886/3810 3740/3956/3811 2766/2946/3809
f 4644/4886/3810 3741/3957/3812 2764/2944/3813 3740/3956/3811
f 3735/3951/3801 2761/2941/3803 3741/3957/3812 4644/4886/3810
f 2765/2945/3807 3738/3954/3806 4645/4887/3814 3742/3958/3815
f 3742/3958/3815 4645/4887/3814 3743/3959/3816 2768/2948/3817
f 4645/4887/3814 3744/3960/3818 2769/2949/3819 3743/3959/3816
f 3738/3954/3806 2766/2946/3809 3744/3960/3818 4645/4887/3814
f 2766/2946/3809 3740/3956/3811 4646/4888/3820 3744/3960/3818
f 3744/3960/3818 4646/4888/3820 3745/3961/3821 2769/2949/3819
f 4646/4888/3820 3746/3962/3822 2767/2947/3823 3745/3961/3821
f 3740/3956/3811 2764/2944/3813 3746/3962/3822 4646/4888/3820
f 2768/2948/3817 3743/3959/3816 4647/4889/3824 3747/3963/3825
f 3747/3963/3825 4647/4889/3824 3748/3964/3826 2771/2951/3827
f 4647/4889/3824 3749/3965/3828 2772/2952/3829 3748/3964/3826
f 3743/3959/3816 2769/2949/3819 3749/3965/3828 4647/4889/3824
f 2769/2949/3819 3745/3961/3821 4648/4890/3830 3749/3965/3828
f 3749/3965/3828 4648/4890/3830 3750/3966/3831 2772/2952/3829
f 4648/4890/3830 3751/3967/3832 2770/2950/3833 3750/3966/3831
f 3745/3961/3821 2767/2947/3823 3751/3967/3832 4648/4890/3830
f 2771/2951/3827 3748/3964/3826 4649/4891/3834 3752/3968/3835
f 3752/3968/3835 4649/4891/3834 3753/3969/3836 2774/2954/3837
f 4649/4891/3834 3754/3970/3838 2775/2955/3839 3753/3969/3836
f 3748/3964/3826 2772/2952/3829 3754/3970/3838 4649/4891/3834
f 2772/2952/3829 3750/3966/3831 4650/4892/3840 3754/3970/3838
f 3754/3970/3838 4650/4892/3840 3755/3971/3841 2775/2955/3839
f 4650/4892/3840 3756/3972/3842 2773/2953/3843 3755/3971/3841
f 3750/3966/3831 2770/2950/3833 3756/3972/3842 4650/4892/3840
f 2774/2954/3837 3753/3969/3836 4651/4893/3844 3757/3973/3845
f 3757/3973/3845 4651/4893/3844 3758/3974/3846 2777/2957/3847
f 4651/4893/3844 3759/3975/3848 2778/2958/3849 3758/3974/3846
f 3753/3969/3836 2775/2955/3839 3759/3975/3848 4651/4893/3844
f 2775/2955/3839 3755/3971/3841 4652/4894/3850 3759/3975/3848
f 3759/3975/3848 4652/4894/3850 3760/3976/3851 2778/2958/3849
f 4652/4894/3850 3761/3977/3852 2776/2956/3853 3760/3976/3851
f 3755/3971/3841 2773/2953/3843 3761/3977/3852 4652/4894/3850
f 2777/2957/3847 3758/3974/3846 4653/4895/3854 3762/3978/3855
f 3762/3978/3855 4653/4895/3854 3763/3979/3856 2780/2960/3857
f 4653/4895/3854 3764/3980/3858 2781/2961/3859 3763/3979/3856
f 3758/3974/3846 2778/2958/3849 3764/3980/3858 4653/4895/3854
f 2778/2958/3849 3760/3976/3851 4654/4896/3860 3764/3980/3858
f 3764/3980/3858 4654/4896/3860 3765/3981/3861 2781/2961/3859
f 4654/4896/3860 3766/3982/3862 2779/2959/3863 3765/3981/3861
f 3760/3976/3851 2776/2956/3853 3766/3982/3862 4654/4896/3860
f 2780/2960/3857 3763/3979/3856 4655/4897/3864 3767/3983/3865
f 3767/3983/3865 4655/4897/3864 3768/3984/3866 2783/2963/3867
f 4655/4897/3864 3769/3985/3868 2784/2964/3869 3768/3984/3866
f 3763/3979/3856 2781/2961/3859 3769/3985/3868 4655/4897/3864
f 2781/2961/3859 3765/3981/3861 4656/4898/3870 3769/3985/3868
f 3769/3985/3868 4656/4898/3870 3770/3986/3871 2784/2964/3869
f 4656/4898/3870 3771/3987/3872 2782/2962/3873 3770/3986/3871
f 3765/3981/3861 2779/2959/3863 3771/3987/3872 4656/4898/3870
f 2783/2963/3867 3768/3984/3866 4657/4899/3874 3772/3988/3875
f 3772/3988/3875 4657/4899/3874 3773/3989/3876 2786/2966/3877
f 4657/4899/3874 3774/3990/3878 2787/2967/3879 3773/3989/3876
f 3768/3984/3866 2784/2964/3869 3774/3990/3878 4657/4899/3874
f 2784/2964/3869 3770/3986/3871 4658/4900/3880 3774/3990/3878
f 3774/3990/3878 4658/4900/3880 3775/3991/3881 2787/2967/3879
f 4658/4900/3880 3776/3992/3882 2785/2965/3883 3775/3991/3881
f 3770/3986/3871 2782/2962/3873 3776/3992/3882 4658/4900/3880
f 2786/2966/3877 3773/3989/3876 4659/4901/3884 3777/3993/3885
f 3777/3993/3885 4659/4901/3884 3700/3913/3730 2741/2921/3729
f 4659/4901/3884 3778/3994/3886 2742/2922/3737 3700/3913/3730
f 3773/3989/3876 2787/2967/3879 3778/3994/3886 4659/4901/3884
f 2787/2967/3879 3775/3991/3881 4660/4902/3887 3778/3994/3886
f 3778/3994/3886 4660/4902/3887 3704/3917/3738 2742/2922/3737
f 4660/4902/3887 3779/3995/3888 2740/2920/3743 3704/3917/3738
f 3775/3991/3881 2785/2965/3883 3779/3995/3888 4660/4902/3887
f 2740/2920/3743 3779/3995/3888 4661/4903/3028 3706/3919/3741
f 2743/2923/3742 3706/3919/3741 4661/4903/3028 3711/3926/3752
f 2746/2926/3753 3711/3927/3752 4661/4903/3028 3716/3932/3762
f 2749/2929/3763 3716/3932/3762 4661/4903/3028 3721/3937/3772
f 2752/2932/3773 3721/3937/3772 4661/4903/3028 3726/3942/3782
f 2755/2935/3783 3726/3942/3782 4661/4903/3028 3731/3947/3792
f 2758/2938/3793 3731/3947/3792 4661/4903/3028 3736/3952/3802
f 2761/2941/3803 3736/3952/3802 4661/4903/3028 3741/3957/3812
f 2764/2944/3813 3741/3957/3812 4661/4903/3028 3746/3962/3822
f 2767/2947/3823 3746/3962/3822 4661/4903/3028 3751/3967/3832
f 2770/2950/3833 3751/3967/3832 4661/4903/3028 3756/3972/3842
f 2773/2953/3843 3756/3972/3842 4661/4903/3028 3761/3977/3852
f 2776/2956/3853 3761/3977/3852 4661/4903/3028 3766/3982/3862
f 2779/2959/3863 3766/3982/3862 4661/4903/3028 3771/3987/3872
f 2782/2962/3873 3771/3987/3872 4661/4903/3028 3776/3992/3882
f 2785/2965/3883 3776/3992/3882 4661/4903/3028 3779/3995/3888
f 2741/2921/3729 3701/3914/3732 4662/4904/3889 3796/4012/3890
f 3796/4012/3890 4662/4904/3889 3812/4028/3192 2788/2968/3101
f 4662/4904/3889 3781/3997/3891 2789/2969/3186 3812/4028/3192
f 3701/3914/3732 2744/2924/3734 3781/3997/3891 4662/4904/3889
f 2744/2924/3734 3707/3920/3745 4663/4905/3892 3781/3997/3891
f 3781/3997/3891 4663/4905/3892 3813/4029/3187 2789/2969/3186
f 4663/4906/3892 3783/3999/3893 2791/2971/3102 3813/4030/3187
f 3707/3921/3745 2747/2927/3747 3783/3999/3893 4663/4906/3892
f 2783/2963/3867 3772/3988/3875 4664/4907/3894 3795/4011/3895
f 3795/4011/3895 4664/4907/3894 3814/4031/3177 2803/2983/3176
f 4664/4907/3894 3798/4014/3896 2790/2970/3093 3814/4031/3177
f 3772/3988/3875 2786/2966/3877 3798/4014/3896 4664/4907/3894
f 2780/2960/3857 3767/3983/3865 4665/4908/3897 3794/4010/3898
f 3794/4010/3898 4665/4908/3897 3815/4032/3171 2802/2982/3170
f 4665/4908/3897 3795/4011/3895 2803/2983/3176 3815/4032/3171
f 3767/3983/3865 2783/2963/3867 3795/4011/3895 4665/4908/3897
f 2777/2957/3847 3762/3978/3855 4666/4909/3899 3793/4009/3900
f 3793/4009/3900 4666/4909/3899 3816/4033/3165 2801/2981/3164
f 4666/4909/3899 3794/4010/3898 2802/2982/3170 3816/4033/3165
f 3762/3978/3855 2780/2960/3857 3794/4010/3898 4666/4909/3899
f 2774/2954/3837 3757/3973/3845 4667/4910/3901 3792/4008/3902
f 3792/4008/3902 4667/4910/3901 3817/4034/3159 2800/2980/3158
f 4667/4910/3901 3793/4009/3900 2801/2981/3164 3817/4034/3159
f 3757/3973/3845 2777/2957/3847 3793/4009/3900 4667/4910/3901
f 2771/2951/3827 3752/3968/3835 4668/4911/3903 3791/4007/3904
f 3791/4007/3904 4668/4911/3903 3818/4035/3153 2799/2979/3152
f 4668/4911/3903 3792/4008/3902 2800/2980/3158 3818/4035/3153
f 3752/3968/3835 2774/2954/3837 3792/4008/3902 4668/4911/3903
f 2768/2948/3817 3747/3963/3825 4669/4912/3905 3790/4006/3906
f 3790/4006/3906 4669/4912/3905 3819/4036/3147 2798/2978/3146
f 4669/4912/3905 3791/4007/3904 2799/2979/3152 3819/4036/3147
f 3747/3963/3825 2771/2951/3827 3791/4007/3904 4669/4912/3905
f 2765/2945/3807 3742/3958/3815 4670/4913/3907 3789/4005/3908
f 3789/4005/3908 4670/4913/3907 3820/4037/3141 2797/2977/3140
f 4670/4913/3907 3790/4006/3906 2798/2978/3146 3820/4037/3141
f 3742/3958/3815 2768/2948/3817 3790/4006/3906 4670/4913/3907
f 2762/2942/3797 3737/3953/3805 4671/4914/3909 3788/4004/3910
f 3788/4004/3910 4671/4914/3909 3821/4038/3135 2796/2976/3134
f 4671/4914/3909 3789/4005/3908 2797/2977/3140 3821/4038/3135
f 3737/3953/3805 2765/2945/3807 3789/4005/3908 4671/4914/3909
f 2759/2939/3787 3732/3948/3795 4672/4915/3911 3787/4003/3912
f 3787/4003/3912 4672/4915/3911 3822/4039/3129 2795/2975/3128
f 4672/4915/3911 3788/4004/3910 2796/2976/3134 3822/4039/3129
f 3732/3948/3795 2762/2942/3797 3788/4004/3910 4672/4915/3911
f 2756/2936/3777 3727/3943/3785 4673/4916/3913 3786/4002/3914
f 3786/4002/3914 4673/4916/3913 3823/4040/3123 2794/2974/3122
f 4673/4916/3913 3787/4003/3912 2795/2975/3128 3823/4040/3123
f 3727/3943/3785 2759/2939/3787 3787/4003/3912 4673/4916/3913
f 2753/2933/3767 3722/3938/3775 4674/4917/3915 3785/4001/3916
f 3785/4001/3916 4674/4917/3915 3824/4041/3117 2793/2973/3116
f 4674/4917/3915 3786/4002/3914 2794/2974/3122 3824/4041/3117
f 3722/3938/3775 2756/2936/3777 3786/4002/3914 4674/4917/3915
f 2750/2930/3757 3717/3933/3765 4675/4918/3917 3784/4000/3918
f 3784/4000/3918 4675/4918/3917 3825/4042/3111 2792/2972/3110
f 4675/4918/3917 3785/4001/3916 2793/2973/3116 3825/4042/3111
f 3717/3933/3765 2753/2933/3767 3785/4001/3916 4675/4918/3917
f 2747/2927/3747 3712/3928/3755 4676/4919/3919 3783/3999/3893
f 3783/3999/3893 4676/4919/3919 3826/4043/3103 2791/2971/3102
f 4676/4919/3919 3784/4000/3918 2792/2972/3110 3826/4043/3103
f 3712/3928/3755 2750/2930/3757 3784/4000/3918 4676/4919/3919
f 2786/2966/3877 3777/3993/3885 4677/4920/3920 3798/4014/3896
f 3798/4014/3896 4677/4920/3920 3827/4044/3094 2790/2970/3093
f 4677/4920/3920 3796/4012/3890 2788/2968/3101 3827/4044/3094
f 3777/3993/3885 2741/2921/3729 3796/4012/3890 4677/4920/3920
f 2679/2859/3532 3830/4047/3921 4678/4921/3922 3542/3752/3531
f 3542/3752/3531 4678/4921/3922 3587/3797/3923 2678/2858/3524
f 4678/4921/3922 3844/4061/3629 2819/2999/3623 3587/3797/3923
f 3830/4047/3921 2806/2986/3554 3844/4061/3629 4678/4921/3922
f 2686/2866/3528 3828/4045/3924 4679/4922/3925 3549/3759/3527
f 3549/3759/3527 4679/4922/3925 3586/3796/3926 2685/2865/3520
f 4679/4922/3925 3845/4062/3627 2818/2998/3617 3586/3796/3926
f 3828/4045/3924 2804/2984/3486 3845/4062/3627 4679/4922/3925
f 2678/2858/3524 3587/3797/3923 4680/4924/3927 3541/3750/3523
f 3541/3751/3523 4680/4923/3927 3585/3795/3928 2676/2856/3514
f 4680/4923/3927 3846/4063/3624 2817/2997/3607 3585/3795/3928
f 3587/3797/3923 2819/2999/3623 3846/4064/3624 4680/4924/3927
f 2685/2865/3520 3586/3796/3926 4681/4925/3929 3548/3758/3519
f 3548/3758/3519 4681/4925/3929 3583/3793/3930 2684/2864/3508
f 4681/4925/3929 3847/4065/3619 2815/2995/3601 3583/3793/3930
f 3586/3796/3926 2818/2998/3617 3847/4065/3619 4681/4925/3929
f 2677/2857/3513 3840/4057/3931 4682/4926/3932 3555/3765/3516
f 3555/3765/3516 4682/4926/3932 3582/3792/3933 2691/2871/3504
f 4682/4926/3932 3848/4066/3614 2814/2994/3595 3582/3792/3933
f 3840/4057/3931 2816/2996/3610 3848/4066/3614 4682/4926/3932
f 2676/2856/3514 3585/3795/3928 4683/4927/3934 3540/3749/3512
f 3540/3749/3512 4683/4927/3934 3840/4057/3931 2677/2857/3513
f 4683/4927/3934 3849/4067/3608 2816/2996/3610 3840/4057/3931
f 3585/3795/3928 2817/2997/3607 3849/4067/3608 4683/4927/3934
f 2684/2864/3508 3583/3793/3930 4684/4928/3935 3547/3757/3507
f 3547/3757/3507 4684/4928/3935 3581/3791/3936 2683/2863/3500
f 4684/4928/3935 3850/4068/3603 2813/2993/3589 3581/3791/3936
f 3583/3793/3930 2815/2995/3601 3850/4068/3603 4684/4928/3935
f 2691/2871/3504 3582/3792/3933 4685/4929/3937 3554/3764/3503
f 3554/3764/3503 4685/4929/3937 3580/3790/3938 2690/2870/3496
f 4685/4929/3937 3851/4069/3597 2812/2992/3583 3580/3790/3938
f 3582/3792/3933 2814/2994/3595 3851/4069/3597 4685/4929/3937
f 2683/2863/3500 3581/3791/3936 4686/4930/3939 3546/3756/3499
f 3546/3756/3499 4686/4930/3939 3579/3789/3940 2682/2862/3421
f 4686/4930/3939 3852/4070/3591 2811/2991/3577 3579/3789/3940
f 3581/3791/3936 2813/2993/3589 3852/4070/3591 4686/4930/3939
f 2690/2870/3496 3580/3790/3938 4687/4931/3941 3553/3763/3494
f 3553/3763/3494 4687/4931/3941 3578/3788/3942 2689/2869/3495
f 4687/4931/3941 3853/4071/3585 2810/2990/3571 3578/3788/3942
f 3580/3790/3938 2812/2992/3583 3853/4071/3585 4687/4931/3941
f 2682/2862/3421 3579/3789/3940 4688/4932/3943 3545/3755/3419
f 3545/3755/3419 4688/4932/3943 3577/3787/3944 2681/2861/3420
f 4688/4932/3943 3854/4072/3579 2809/2989/3565 3577/3787/3944
f 3579/3789/3940 2811/2991/3577 3854/4072/3579 4688/4932/3943
f 2689/2869/3495 3578/3788/3942 4689/4933/3945 3552/3762/3548
f 3552/3762/3548 4689/4933/3945 3576/3786/3946 2688/2868/3544
f 4689/4933/3945 3855/4073/3573 2808/2988/3559 3576/3786/3946
f 3578/3788/3942 2810/2990/3571 3855/4073/3573 4689/4933/3945
f 2681/2861/3420 3577/3787/3944 4690/4934/3947 3544/3754/3546
f 3544/3754/3546 4690/4934/3947 3575/3785/3948 2680/2860/3540
f 4690/4934/3947 3856/4074/3567 2807/2987/3549 3575/3785/3948
f 3577/3787/3944 2809/2989/3565 3856/4074/3567 4690/4934/3947
f 2688/2868/3544 3576/3786/3946 4691/4935/3949 3551/3761/3543
f 3551/3761/3543 4691/4935/3949 3573/3783/3950 2687/2867/3536
f 4691/4935/3949 3857/4075/3561 2805/2985/3481 3573/3783/3950
f 3576/3786/3946 2808/2988/3559 3857/4075/3561 4691/4935/3949
f 2680/2860/3540 3575/3785/3948 4692/4936/3951 3543/3753/3539
f 3543/3753/3539 4692/4936/3951 3830/4047/3921 2679/2859/3532
f 4692/4936/3951 3858/4076/3552 2806/2986/3554 3830/4047/3921
f 3575/3785/3948 2807/2987/3549 3858/4076/3552 4692/4936/3951
f 2687/2867/3536 3573/3783/3950 4693/4937/3952 3550/3760/3535
f 3550/3760/3535 4693/4937/3952 3828/4045/3924 2686/2866/3528
f 4693/4937/3952 3859/4077/3484 2804/2984/3486 3828/4045/3924
f 3573/3783/3950 2805/2985/3481 3859/4077/3484 4693/4937/3952
f 2998/3189/2224 4243/4473/2225 4694/4938/2226 4198/4427/2227
f 4198/4427/2227 4694/4938/2226 3875/4093/3953 2835/3016/3954
f 4694/4938/2226 4196/4424/2230 2820/3000/3955 3875/4093/3953
f 4243/4473/2225 2996/3186/2232 4196/4424/2230 4694/4938/2226
f 2999/3190/2233 4242/4472/2234 4695/4939/2235 4215/4445/2236
f 4215/4445/2236 4695/4939/2235 3862/4080/3956 2822/3003/3957
f 4695/4939/2235 4216/4446/2239 2823/3004/3958 3862/4080/3956
f 4242/4472/2234 3000/3191/2241 4216/4446/2239 4695/4939/2235
f 3000/3191/2241 4241/4471/2242 4696/4940/2243 4216/4446/2239
f 4216/4446/2239 4696/4940/2243 3863/4081/3959 2823/3004/3958
f 4696/4940/2243 4217/4447/2245 2824/3005/3960 3863/4081/3959
f 4241/4471/2242 3001/3192/2247 4217/4447/2245 4696/4940/2243
f 3001/3192/2247 4240/4470/2248 4697/4941/2249 4217/4447/2245
f 4217/4447/2245 4697/4941/2249 3864/4082/3961 2824/3005/3960
f 4697/4941/2249 4218/4448/2251 2825/3006/3962 3864/4082/3961
f 4240/4470/2248 3002/3193/2253 4218/4448/2251 4697/4941/2249
f 3002/3193/2253 4239/4469/2254 4698/4942/2255 4218/4448/2251
f 4218/4448/2251 4698/4942/2255 3865/4083/3963 2825/3006/3962
f 4698/4942/2255 4219/4449/2257 2826/3007/3964 3865/4083/3963
f 4239/4469/2254 3003/3194/2259 4219/4449/2257 4698/4942/2255
f 3003/3194/2259 4238/4468/2260 4699/4943/2261 4219/4449/2257
f 4219/4449/2257 4699/4943/2261 3866/4084/3965 2826/3007/3964
f 4699/4943/2261 4220/4450/2263 2827/3008/3966 3866/4084/3965
f 4238/4468/2260 3004/3195/2265 4220/4450/2263 4699/4943/2261
f 3004/3195/2265 4237/4467/2266 4700/4944/2267 4220/4450/2263
f 4220/4450/2263 4700/4944/2267 3867/4085/3967 2827/3008/3966
f 4700/4944/2267 4221/4451/2269 2828/3009/3968 3867/4085/3967
f 4237/4467/2266 3005/3196/2271 4221/4451/2269 4700/4944/2267
f 3005/3196/2271 4236/4466/2272 4701/4945/2273 4221/4451/2269
f 4221/4451/2269 4701/4945/2273 3868/4086/3969 2828/3009/3968
f 4701/4945/2273 4222/4452/2275 2829/3010/3970 3868/4086/3969
f 4236/4466/2272 3006/3197/2277 4222/4452/2275 4701/4945/2273
f 3006/3197/2277 4235/4465/2278 4702/4946/2279 4222/4452/2275
f 4222/4452/2275 4702/4946/2279 3869/4087/3971 2829/3010/3970
f 4702/4946/2279 4223/4453/2281 2830/3011/3972 3869/4087/3971
f 4235/4465/2278 3007/3198/2283 4223/4453/2281 4702/4946/2279
f 3007/3198/2283 4234/4464/2284 4703/4947/2285 4223/4453/2281
f 4223/4453/2281 4703/4947/2285 3870/4088/3973 2830/3011/3972
f 4703/4947/2285 4224/4454/2287 2831/3012/3974 3870/4088/3973
f 4234/4464/2284 3008/3199/2289 4224/4454/2287 4703/4947/2285
f 3008/3199/2289 4233/4463/2290 4704/4948/2291 4224/4454/2287
f 4224/4454/2287 4704/4948/2291 3871/4089/3975 2831/3012/3974
f 4704/4948/2291 4225/4455/2293 2832/3013/3976 3871/4089/3975
f 4233/4463/2290 3009/3200/2295 4225/4455/2293 4704/4948/2291
f 3009/3200/2295 4232/4462/2296 4705/4949/2297 4225/4455/2293
f 4225/4455/2293 4705/4949/2297 3872/4090/3977 2832/3013/3976
f 4705/4949/2297 4226/4456/2299 2833/3014/3978 3872/4090/3977
f 4232/4462/2296 3010/3201/2301 4226/4456/2299 4705/4949/2297
f 3010/3201/2301 4231/4461/2302 4706/4950/2303 4226/4456/2299
f 4226/4456/2299 4706/4950/2303 3873/4091/3979 2833/3014/3978
f 4706/4950/2303 4227/4457/2305 2834/3015/3980 3873/4091/3979
f 4231/4461/2302 3011/3202/2307 4227/4457/2305 4706/4950/2303
f 3011/3202/2307 4230/4460/2308 4707/4951/2309 4227/4457/2305
f 4227/4457/2305 4707/4951/2309 3874/4092/3981 2834/3015/3980
f 4707/4951/2309 4198/4427/2227 2835/3016/3954 3874/4092/3981
f 4230/4460/2308 2998/3189/2224 4198/4427/2227 4707/4951/2309
f 2828/3009/3968 3893/4111/3982 4708/4952/3983 3867/4085/3967
f 3867/4085/3967 4708/4952/3983 3892/4110/3984 2827/3008/3966
f 4708/4952/3983 3883/4101/3985 2843/3025/3986 3892/4110/3984
f 3893/4111/3982 2844/3026/3987 3883/4101/3985 4708/4952/3983
f 2997/3188/2317 4229/4459/2318 4709/4953/2319 4213/4442/2320
f 4213/4442/2320 4709/4953/2319 3861/4079/3988 2821/3002/3989
f 4709/4953/2319 4215/4445/2236 2822/3003/3957 3861/4079/3988
f 4229/4459/2318 2999/3190/2233 4215/4445/2236 4709/4953/2319
f 2996/3186/2232 4228/4458/2323 4710/4954/2324 4196/4424/2230
f 4196/4424/2230 4710/4954/2324 3860/4078/3990 2820/3000/3955
f 4710/4954/2324 4213/4443/2320 2821/3001/3989 3860/4078/3990
f 4228/4458/2323 2997/3187/2317 4213/4443/2320 4710/4954/2324
f 2849/3031/3991 3925/4144/3992 4711/4955/3993 3888/4106/3994
f 3888/4106/3994 4711/4955/3993 3924/4143/3995 2848/3030/3996
f 4711/4955/3993 3920/4139/3997 2864/3047/3998 3924/4143/3995
f 3925/4144/3992 2865/3048/3999 3920/4139/3997 4711/4955/3993
f 2821/3001/3989 3895/4113/4000 4712/4956/4001 3860/4078/3990
f 3860/4078/3990 4712/4956/4001 3894/4112/4002 2820/3000/3955
f 4712/4956/4001 3876/4094/4003 2837/3019/4004 3894/4112/4002
f 3895/4113/4000 2836/3017/4005 3876/4094/4003 4712/4956/4001
f 2833/3014/3978 3897/4116/4006 4713/4957/4007 3872/4090/3977
f 3872/4090/3977 4713/4957/4007 3896/4115/4008 2832/3013/3976
f 4713/4957/4007 3888/4106/3994 2848/3030/3996 3896/4115/4008
f 3897/4116/4006 2849/3031/3991 3888/4106/3994 4713/4957/4007
f 2826/3007/3964 3899/4118/4009 4714/4958/4010 3865/4083/3963
f 3865/4083/3963 4714/4958/4010 3898/4117/4011 2825/3006/3962
f 4714/4958/4010 3881/4099/4012 2841/3023/4013 3898/4117/4011
f 3899/4118/4009 2842/3024/4014 3881/4099/4012 4714/4958/4010
f 2831/3012/3974 3901/4120/4015 4715/4959/4016 3870/4088/3973
f 3870/4088/3973 4715/4959/4016 3900/4119/4017 2830/3011/3972
f 4715/4959/4016 3886/4104/4018 2846/3028/4019 3900/4119/4017
f 3901/4120/4015 2847/3029/4020 3886/4104/4018 4715/4959/4016
f 2820/3000/3955 3894/4112/4002 4716/4960/4021 3875/4093/3953
f 3875/4093/3953 4716/4960/4021 3902/4121/4022 2835/3016/3954
f 4716/4960/4021 3891/4109/4023 2851/3033/4024 3902/4121/4022
f 3894/4112/4002 2837/3019/4004 3891/4109/4023 4716/4960/4021
f 2824/3005/3960 3904/4123/4025 4717/4961/4026 3863/4081/3959
f 3863/4081/3959 4717/4961/4026 3903/4122/4027 2823/3004/3958
f 4717/4961/4026 3879/4097/4028 2839/3021/4029 3903/4122/4027
f 3904/4123/4025 2840/3022/4030 3879/4097/4028 4717/4961/4026
f 2829/3010/3970 3905/4124/4031 4718/4962/4032 3868/4086/3969
f 3868/4086/3969 4718/4962/4032 3893/4111/3982 2828/3009/3968
f 4718/4962/4032 3884/4102/4033 2844/3026/3987 3893/4111/3982
f 3905/4124/4031 2845/3027/4034 3884/4102/4033 4718/4962/4032
f 2834/3015/3980 3906/4125/4035 4719/4963/4036 3873/4091/3979
f 3873/4091/3979 4719/4963/4036 3897/4116/4006 2833/3014/3978
f 4719/4963/4036 3889/4107/4037 2849/3031/3991 3897/4116/4006
f 3906/4125/4035 2850/3032/4038 3889/4107/4037 4719/4963/4036
f 2822/3003/3957 3907/4126/4039 4720/4964/4040 3861/4079/3988
f 3861/4079/3988 4720/4964/4040 3895/4114/4000 2821/3002/3989
f 4720/4964/4040 3877/4095/4041 2836/3018/4005 3895/4114/4000
f 3907/4126/4039 2838/3020/4042 3877/4095/4041 4720/4964/4040
f 2827/3008/3966 3892/4110/3984 4721/4965/4043 3866/4084/3965
f 3866/4084/3965 4721/4965/4043 3899/4118/4009 2826/3007/3964
f 4721/4965/4043 3882/4100/4044 2842/3024/4014 3899/4118/4009
f 3892/4110/3984 2843/3025/3986 3882/4100/4044 4721/4965/4043
f 2832/3013/3976 3896/4115/4008 4722/4966/4045 3871/4089/3975
f 3871/4089/3975 4722/4966/4045 3901/4120/4015 2831/3012/3974
f 4722/4966/4045 3887/4105/4046 2847/3029/4020 3901/4120/4015
f 3896/4115/4008 2848/3030/3996 3887/4105/4046 4722/4966/4045
f 2825/3006/3962 3898/4117/4011 4723/4967/4047 3864/4082/3961
f 3864/4082/3961 4723/4967/4047 3904/4123/4025 2824/3005/3960
f 4723/4967/4047 3880/4098/4048 2840/3022/4030 3904/4123/4025
f 3898/4117/4011 2841/3023/4013 3880/4098/4048 4723/4967/4047
f 2830/3011/3972 3900/4119/4017 4724/4968/4049 3869/4087/3971
f 3869/4087/3971 4724/4968/4049 3905/4124/4031 2829/3010/3970
f 4724/4968/4049 3885/4103/4050 2845/3027/4034 3905/4124/4031
f 3900/4119/4017 2846/3028/4019 3885/4103/4050 4724/4968/4049
f 2835/3016/3954 3902/4121/4022 4725/4969/4051 3874/4092/3981
f 3874/4092/3981 4725/4969/4051 3906/4125/4035 2834/3015/3980
f 4725/4969/4051 3890/4108/4052 2850/3032/4038 3906/4125/4035
f 3902/4121/4022 2851/3033/4024 3890/4108/4052 4725/4969/4051
f 2823/3004/3958 3903/4122/4027 4726/4970/4053 3862/4080/3956
f 3862/4080/3956 4726/4970/4053 3907/4126/4039 2822/3003/3957
f 4726/4970/4053 3878/4096/4054 2838/3020/4042 3907/4126/4039
f 3903/4122/4027 2839/3021/4029 3878/4096/4054 4726/4970/4053
f 2936/3124/4055 4110/4336/3260 4727/4971/3261 4065/4289/4056
f 4065/4289/4056 4727/4971/3261 4108/4334/3263 2933/3121/4057
f 4727/4971/3261 3951/4171/4058 2879/3063/4059 4108/4334/3263
f 4110/4336/3260 2880/3064/4060 3951/4171/4058 4727/4971/3261
f 2842/3024/4014 3927/4146/4061 4728/4972/4062 3881/4099/4012
f 3881/4099/4012 4728/4972/4062 3926/4145/4063 2841/3023/4013
f 4728/4972/4062 3913/4132/4064 2857/3040/4065 3926/4145/4063
f 3927/4146/4061 2858/3041/4066 3913/4132/4064 4728/4972/4062
f 2850/3032/4038 3928/4147/4067 4729/4973/4068 3889/4107/4037
f 3889/4107/4037 4729/4973/4068 3925/4144/3992 2849/3031/3991
f 4729/4973/4068 3921/4140/4069 2865/3048/3999 3925/4144/3992
f 3928/4147/4067 2866/3049/4070 3921/4140/4069 4729/4973/4068
f 2843/3025/3986 3929/4148/4071 4730/4974/4072 3882/4100/4044
f 3882/4100/4044 4730/4974/4072 3927/4146/4061 2842/3024/4014
f 4730/4974/4072 3914/4133/4073 2858/3041/4066 3927/4146/4061
f 3929/4148/4071 2859/3042/4074 3914/4133/4073 4730/4974/4072
f 2851/3033/4024 3930/4149/4075 4731/4975/4076 3890/4108/4052
f 3890/4108/4052 4731/4975/4076 3928/4147/4067 2850/3032/4038
f 4731/4975/4076 3922/4141/4077 2866/3049/4070 3928/4147/4067
f 3930/4149/4075 2867/3050/4078 3922/4141/4077 4731/4975/4076
f 2844/3026/3987 3931/4150/4079 4732/4976/4080 3883/4101/3985
f 3883/4101/3985 4732/4976/4080 3929/4148/4071 2843/3025/3986
f 4732/4976/4080 3915/4134/4081 2859/3042/4074 3929/4148/4071
f 3931/4150/4079 2860/3043/4082 3915/4134/4081 4732/4976/4080
f 2836/3017/4005 3933/4152/4083 4733/4977/4084 3876/4094/4003
f 3876/4094/4003 4733/4977/4084 3932/4151/4085 2837/3019/4004
f 4733/4977/4084 3908/4127/4086 2853/3036/4087 3932/4151/4085
f 3933/4152/4083 2852/3035/4088 3908/4127/4086 4733/4977/4084
f 2837/3019/4004 3932/4151/4085 4734/4978/4089 3891/4109/4023
f 3891/4109/4023 4734/4978/4089 3930/4149/4075 2851/3033/4024
f 4734/4978/4089 3923/4142/4090 2867/3050/4078 3930/4149/4075
f 3932/4151/4085 2853/3036/4087 3923/4142/4090 4734/4978/4089
f 2845/3027/4034 3934/4154/4091 4735/4979/4092 3884/4102/4033
f 3884/4102/4033 4735/4979/4092 3931/4150/4079 2844/3026/3987
f 4735/4979/4092 3916/4135/4093 2860/3043/4082 3931/4150/4079
f 3934/4154/4091 2861/3044/4094 3916/4135/4093 4735/4979/4092
f 2838/3020/4042 3935/4155/4095 4736/4980/4096 3877/4095/4041
f 3877/4095/4041 4736/4980/4096 3933/4153/4083 2836/3018/4005
f 4736/4980/4096 3909/4128/4097 2852/3034/4088 3933/4153/4083
f 3935/4155/4095 2854/3037/4098 3909/4128/4097 4736/4980/4096
f 2846/3028/4019 3936/4156/4099 4737/4981/4100 3885/4103/4050
f 3885/4103/4050 4737/4981/4100 3934/4154/4091 2845/3027/4034
f 4737/4981/4100 3917/4136/4101 2861/3044/4094 3934/4154/4091
f 3936/4156/4099 2862/3045/4102 3917/4136/4101 4737/4981/4100
f 2839/3021/4029 3937/4157/4103 4738/4982/4104 3878/4096/4054
f 3878/4096/4054 4738/4982/4104 3935/4155/4095 2838/3020/4042
f 4738/4982/4104 3910/4129/4105 2854/3037/4098 3935/4155/4095
f 3937/4157/4103 2855/3038/4106 3910/4129/4105 4738/4982/4104
f 2847/3029/4020 3938/4158/4107 4739/4983/4108 3886/4104/4018
f 3886/4104/4018 4739/4983/4108 3936/4156/4099 2846/3028/4019
f 4739/4983/4108 3918/4137/4109 2862/3045/4102 3936/4156/4099
f 3938/4158/4107 2863/3046/4110 3918/4137/4109 4739/4983/4108
f 2840/3022/4030 3939/4159/4111 4740/4984/4112 3879/4097/4028
f 3879/4097/4028 4740/4984/4112 3937/4157/4103 2839/3021/4029
f 4740/4984/4112 3911/4130/4113 2855/3038/4106 3937/4157/4103
f 3939/4159/4111 2856/3039/4114 3911/4130/4113 4740/4984/4112
f 2848/3030/3996 3924/4143/3995 4741/4985/4115 3887/4105/4046
f 3887/4105/4046 4741/4985/4115 3938/4158/4107 2847/3029/4020
f 4741/4985/4115 3919/4138/4116 2863/3046/4110 3938/4158/4107
f 3924/4143/3995 2864/3047/3998 3919/4138/4116 4741/4985/4115
f 2841/3023/4013 3926/4145/4063 4742/4986/4117 3880/4098/4048
f 3880/4098/4048 4742/4986/4117 3939/4159/4111 2840/3022/4030
f 4742/4986/4117 3912/4131/4118 2856/3039/4114 3939/4159/4111
f 3926/4145/4063 2857/3040/4065 3912/4131/4118 4742/4986/4117
f 2854/3037/4098 4089/4315/4119 4743/4987/4120 3909/4128/4097
f 3909/4128/4097 4743/4987/4120 4084/4308/4121 2852/3034/4088
f 4743/4987/4120 4012/4236/4122 2901/3087/4123 4084/4308/4121
f 4089/4315/4119 2907/3095/4124 4012/4236/4122 4743/4987/4120
f 2915/3103/4125 4096/4322/3333 4744/4988/3334 4030/4254/4126
f 4030/4254/4126 4744/4988/3334 4094/4320/3336 2912/3100/4127
f 4744/4988/3334 3944/4164/4128 2872/3056/4129 4094/4320/3336
f 4096/4322/3333 2873/3057/4130 3944/4164/4128 4744/4988/3334
f 2939/3127/4131 4112/4338/3342 4745/4989/3343 4070/4294/4132
f 4070/4294/4132 4745/4989/3343 4110/4336/3260 2936/3124/4055
f 4745/4989/3343 3952/4172/4133 2880/3064/4060 4110/4336/3260
f 4112/4338/3342 2881/3065/4134 3952/4172/4133 4745/4989/3343
f 2918/3106/4135 4098/4324/3348 4746/4990/3349 4035/4259/4136
f 4035/4259/4136 4746/4990/3349 4096/4322/3333 2915/3103/4125
f 4746/4990/3349 3945/4165/4137 2873/3057/4130 4096/4322/3333
f 4098/4324/3348 2874/3058/4138 3945/4165/4137 4746/4990/3349
f 2942/3130/4139 4114/4340/3354 4747/4991/3355 4075/4299/4140
f 4075/4299/4140 4747/4991/3355 4112/4338/3342 2939/3127/4131
f 4747/4991/3355 3953/4173/4141 2881/3065/4134 4112/4338/3342
f 4114/4340/3354 2882/3066/4142 3953/4173/4141 4747/4991/3355
f 2921/3109/4143 4100/4326/3360 4748/4992/3361 4040/4264/4144
f 4040/4264/4144 4748/4992/3361 4098/4324/3348 2918/3106/4135
f 4748/4992/3361 3946/4166/4145 2874/3058/4138 4098/4324/3348
f 4100/4326/3360 2875/3059/4146 3946/4166/4145 4748/4992/3361
f 2945/3133/4147 4090/4316/3366 4749/4993/3367 4080/4304/4148
f 4080/4304/4148 4749/4993/3367 4114/4340/3354 2942/3130/4139
f 4749/4993/3367 3954/4174/4149 2882/3066/4142 4114/4340/3354
f 4090/4316/3366 2883/3067/4150 3954/4174/4149 4749/4993/3367
f 2924/3112/4151 4102/4328/3372 4750/4994/3373 4045/4269/4152
f 4045/4269/4152 4750/4994/3373 4100/4326/3360 2921/3109/4143
f 4750/4994/3373 3947/4167/4153 2875/3059/4146 4100/4326/3360
f 4102/4328/3372 2876/3060/4154 3947/4167/4153 4750/4994/3373
f 2927/3115/4155 4104/4330/3378 4751/4995/3379 4050/4274/4156
f 4050/4274/4156 4751/4995/3379 4102/4328/3372 2924/3112/4151
f 4751/4995/3379 3948/4168/4157 2876/3060/4154 4102/4328/3372
f 4104/4330/3378 2877/3061/4158 3948/4168/4157 4751/4995/3379
f 2906/3094/4159 4086/4311/3384 4752/4996/3385 4015/4239/4160
f 4015/4239/4160 4752/4996/3385 4087/4312/3387 2900/3086/4161
f 4752/4996/3385 3941/4161/4162 2868/3052/4163 4087/4312/3387
f 4086/4311/3384 2870/3054/4164 3941/4161/4162 4752/4996/3385
f 2909/3097/4165 4092/4318/3393 4753/4997/3394 4020/4244/4166
f 4020/4244/4166 4753/4997/3394 4086/4311/3384 2906/3094/4159
f 4753/4997/3394 3942/4162/4167 2870/3054/4164 4086/4311/3384
f 4092/4318/3393 2871/3055/4168 3942/4162/4167 4753/4997/3394
f 2930/3118/4169 4106/4332/3399 4754/4998/3400 4055/4279/4170
f 4055/4279/4170 4754/4998/3400 4104/4330/3378 2927/3115/4155
f 4754/4998/3400 3949/4169/4171 2877/3061/4158 4104/4330/3378
f 4106/4332/3399 2878/3062/4172 3949/4169/4171 4754/4998/3400
f 2904/3092/4173 4088/4314/3405 4755/4999/3406 4083/4307/4174
f 4083/4307/4174 4755/4999/3406 4090/4316/3366 2945/3133/4147
f 4755/4999/3406 3955/4175/4175 2883/3067/4150 4090/4316/3366
f 4088/4314/3405 2869/3053/4176 3955/4175/4175 4755/4999/3406
f 2933/3121/4057 4108/4334/3263 4756/5000/3410 4060/4284/4177
f 4060/4284/4177 4756/5000/3410 4106/4332/3399 2930/3118/4169
f 4756/5000/3410 3950/4170/4178 2878/3062/4172 4106/4332/3399
f 4108/4334/3263 2879/3063/4059 3950/4170/4178 4756/5000/3410
f 2912/3100/4127 4094/4320/3336 4757/5001/3413 4025/4249/4179
f 4025/4249/4179 4757/5001/3413 4092/4318/3393 2909/3097/4165
f 4757/5001/3413 3943/4163/4180 2871/3055/4168 4092/4318/3393
f 4094/4320/3336 2872/3056/4129 3943/4163/4180 4757/5001/3413
f 2874/3058/4138 3973/4193/4181 4758/5002/4182 3945/4165/4137
f 3945/4165/4137 4758/5002/4182 3972/4192/4183 2873/3057/4130
f 4758/5002/4182 3961/4181/4184 2889/3074/4185 3972/4192/4183
f 3973/4193/4181 2890/3075/4186 3961/4181/4184 4758/5002/4182
f 2853/3036/4087 4085/4310/4187 4759/5003/4188 3923/4142/4090
f 3923/4142/4090 4759/5003/4188 4091/4317/4189 2867/3050/4078
f 4759/5003/4188 4081/4305/4190 2946/3134/4191 4091/4317/4189
f 4085/4310/4187 2903/3091/4192 4081/4305/4190 4759/5003/4188
f 2861/3044/4094 4105/4331/4193 4760/5004/4194 3916/4135/4093
f 3916/4135/4093 4760/5004/4194 4103/4329/4195 2860/3043/4082
f 4760/5004/4194 4047/4271/4196 2925/3113/4197 4103/4329/4195
f 4105/4331/4193 2928/3116/4198 4047/4271/4196 4760/5004/4194
f 2900/3085/4161 4087/4313/3387 4761/5005/3434 4010/4234/4199
f 4010/4234/4199 4761/5005/3434 4088/4314/3405 2904/3092/4173
f 4761/5005/3434 3940/4160/4200 2869/3053/4176 4088/4314/3405
f 4087/4313/3387 2868/3051/4163 3940/4160/4200 4761/5005/3434
f 2862/3045/4102 4107/4333/4201 4762/5006/4202 3917/4136/4101
f 3917/4136/4101 4762/5006/4202 4105/4331/4193 2861/3044/4094
f 4762/5006/4202 4052/4276/4203 2928/3116/4198 4105/4331/4193
f 4107/4333/4201 2931/3119/4204 4052/4276/4203 4762/5006/4202
f 2855/3038/4106 4093/4319/4205 4763/5007/4206 3910/4129/4105
f 3910/4129/4105 4763/5007/4206 4089/4315/4119 2854/3037/4098
f 4763/5007/4206 4017/4241/4207 2907/3095/4124 4089/4315/4119
f 4093/4319/4205 2910/3098/4208 4017/4241/4207 4763/5007/4206
f 2863/3046/4110 4109/4335/4209 4764/5008/4210 3918/4137/4109
f 3918/4137/4109 4764/5008/4210 4107/4333/4201 2862/3045/4102
f 4764/5008/4210 4057/4281/4211 2931/3119/4204 4107/4333/4201
f 4109/4335/4209 2934/3122/4212 4057/4281/4211 4764/5008/4210
f 2856/3039/4114 4095/4321/4213 4765/5009/4214 3911/4130/4113
f 3911/4130/4113 4765/5009/4214 4093/4319/4205 2855/3038/4106
f 4765/5009/4214 4022/4246/4215 2910/3098/4208 4093/4319/4205
f 4095/4321/4213 2913/3101/4216 4022/4246/4215 4765/5009/4214
f 2864/3047/3998 4111/4337/4217 4766/5010/4218 3919/4138/4116
f 3919/4138/4116 4766/5010/4218 4109/4335/4209 2863/3046/4110
f 4766/5010/4218 4062/4286/4219 2934/3122/4212 4109/4335/4209
f 4111/4337/4217 2937/3125/4220 4062/4286/4219 4766/5010/4218
f 2857/3040/4065 4097/4323/4221 4767/5011/4222 3912/4131/4118
f 3912/4131/4118 4767/5011/4222 4095/4321/4213 2856/3039/4114
f 4767/5011/4222 4027/4251/4223 2913/3101/4216 4095/4321/4213
f 4097/4323/4221 2916/3104/4224 4027/4251/4223 4767/5011/4222
f 2865/3048/3999 4113/4339/4225 4768/5012/4226 3920/4139/3997
f 3920/4139/3997 4768/5012/4226 4111/4337/4217 2864/3047/3998
f 4768/5012/4226 4067/4291/4227 2937/3125/4220 4111/4337/4217
f 4113/4339/4225 2940/3128/4228 4067/4291/4227 4768/5012/4226
f 2858/3041/4066 4099/4325/4229 4769/5013/4230 3913/4132/4064
f 3913/4132/4064 4769/5013/4230 4097/4323/4221 2857/3040/4065
f 4769/5013/4230 4032/4256/4231 2916/3104/4224 4097/4323/4221
f 4099/4325/4229 2919/3107/4232 4032/4256/4231 4769/5013/4230
f 2866/3049/4070 4115/4341/4233 4770/5014/4234 3921/4140/4069
f 3921/4140/4069 4770/5014/4234 4113/4339/4225 2865/3048/3999
f 4770/5014/4234 4072/4296/4235 2940/3128/4228 4113/4339/4225
f 4115/4341/4233 2943/3131/4236 4072/4296/4235 4770/5014/4234
f 2859/3042/4074 4101/4327/4237 4771/5015/4238 3914/4133/4073
f 3914/4133/4073 4771/5015/4238 4099/4325/4229 2858/3041/4066
f 4771/5015/4238 4037/4261/4239 2919/3107/4232 4099/4325/4229
f 4101/4327/4237 2922/3110/4240 4037/4261/4239 4771/5015/4238
f 2867/3050/4078 4091/4317/4189 4772/5016/4241 3922/4141/4077
f 3922/4141/4077 4772/5016/4241 4115/4341/4233 2866/3049/4070
f 4772/5016/4241 4077/4301/4242 2943/3131/4236 4115/4341/4233
f 4091/4317/4189 2946/3134/4191 4077/4301/4242 4772/5016/4241
f 2860/3043/4082 4103/4329/4195 4773/5017/4243 3915/4134/4081
f 3915/4134/4081 4773/5017/4243 4101/4327/4237 2859/3042/4074
f 4773/5017/4243 4042/4266/4244 2922/3110/4240 4101/4327/4237
f 4103/4329/4195 2925/3113/4197 4042/4266/4244 4773/5017/4243
f 3013/3204/4245 4245/4475/3482 4774/5018/4246 4275/4506/4247
f 4275/4506/4247 4774/5018/4246 3988/4209/3485 3012/3203/4248
f 4245/4475/3482 5181/5480/3487 5276/5626/3488 4774/5018/4246
f 4791/5035/4249 5278/5629/3490 5181/5480/3487 4245/4475/3482
f 2882/3066/4142 3975/4195/4250 4775/5019/4251 3953/4173/4141
f 3953/4173/4141 4775/5019/4251 3974/4194/4252 2881/3065/4134
f 4775/5019/4251 3969/4189/4253 2897/3082/4254 3974/4194/4252
f 3975/4195/4250 2898/3083/4255 3969/4189/4253 4775/5019/4251
f 2875/3059/4146 3976/4196/4256 4776/5020/4257 3946/4166/4145
f 3946/4166/4145 4776/5020/4257 3973/4193/4181 2874/3058/4138
f 4776/5020/4257 3962/4182/4258 2890/3075/4186 3973/4193/4181
f 3976/4196/4256 2891/3076/4259 3962/4182/4258 4776/5020/4257
f 2883/3067/4150 3977/4197/4260 4777/5021/4261 3954/4174/4149
f 3954/4174/4149 4777/5021/4261 3975/4195/4250 2882/3066/4142
f 4777/5021/4261 3970/4190/4262 2898/3083/4255 3975/4195/4250
f 3977/4197/4260 2899/3084/4263 3970/4190/4262 4777/5021/4261
f 2876/3060/4154 3978/4198/4264 4778/5022/4265 3947/4167/4153
f 3947/4167/4153 4778/5022/4265 3976/4196/4256 2875/3059/4146
f 4778/5022/4265 3963/4183/4266 2891/3076/4259 3976/4196/4256
f 3978/4198/4264 2892/3077/4267 3963/4183/4266 4778/5022/4265
f 2868/3051/4163 3980/4200/4268 4779/5023/4269 3940/4160/4200
f 3940/4160/4200 4779/5023/4269 3979/4199/4270 2869/3053/4176
f 4779/5023/4269 3956/4176/4271 2885/3070/4272 3979/4199/4270
f 3980/4200/4268 2884/3069/4273 3956/4176/4271 4779/5023/4269
f 2869/3053/4176 3979/4199/4270 4780/5024/4274 3955/4175/4175
f 3955/4175/4175 4780/5024/4274 3977/4197/4260 2883/3067/4150
f 4780/5024/4274 3971/4191/4275 2899/3084/4263 3977/4197/4260
f 3979/4199/4270 2885/3070/4272 3971/4191/4275 4780/5024/4274
f 2877/3061/4158 3981/4202/4276 4781/5025/4277 3948/4168/4157
f 3948/4168/4157 4781/5025/4277 3978/4198/4264 2876/3060/4154
f 4781/5025/4277 3964/4184/4278 2892/3077/4267 3978/4198/4264
f 3981/4202/4276 2893/3078/4279 3964/4184/4278 4781/5025/4277
f 2870/3054/4164 3982/4203/4280 4782/5026/4281 3941/4161/4162
f 3941/4161/4162 4782/5026/4281 3980/4201/4268 2868/3052/4163
f 4782/5026/4281 3957/4177/4282 2884/3068/4273 3980/4201/4268
f 3982/4203/4280 2886/3071/4283 3957/4177/4282 4782/5026/4281
f 2878/3062/4172 3983/4204/4284 4783/5027/4285 3949/4169/4171
f 3949/4169/4171 4783/5027/4285 3981/4202/4276 2877/3061/4158
f 4783/5027/4285 3965/4185/4286 2893/3078/4279 3981/4202/4276
f 3983/4204/4284 2894/3079/4287 3965/4185/4286 4783/5027/4285
f 2871/3055/4168 3984/4205/4288 4784/5028/4289 3942/4162/4167
f 3942/4162/4167 4784/5028/4289 3982/4203/4280 2870/3054/4164
f 4784/5028/4289 3958/4178/4290 2886/3071/4283 3982/4203/4280
f 3984/4205/4288 2887/3072/4291 3958/4178/4290 4784/5028/4289
f 2879/3063/4059 3985/4206/4292 4785/5029/4293 3950/4170/4178
f 3950/4170/4178 4785/5029/4293 3983/4204/4284 2878/3062/4172
f 4785/5029/4293 3966/4186/4294 2894/3079/4287 3983/4204/4284
f 3985/4206/4292 2895/3080/4295 3966/4186/4294 4785/5029/4293
f 2872/3056/4129 3986/4207/4296 4786/5030/4297 3943/4163/4180
f 3943/4163/4180 4786/5030/4297 3984/4205/4288 2871/3055/4168
f 4786/5030/4297 3959/4179/4298 2887/3072/4291 3984/4205/4288
f 3986/4207/4296 2888/3073/4299 3959/4179/4298 4786/5030/4297
f 2880/3064/4060 3987/4208/4300 4787/5031/4301 3951/4171/4058
f 3951/4171/4058 4787/5031/4301 3985/4206/4292 2879/3063/4059
f 4787/5031/4301 3967/4187/4302 2895/3080/4295 3985/4206/4292
f 3987/4208/4300 2896/3081/4303 3967/4187/4302 4787/5031/4301
f 2873/3057/4130 3972/4192/4183 4788/5032/4304 3944/4164/4128
f 3944/4164/4128 4788/5032/4304 3986/4207/4296 2872/3056/4129
f 4788/5032/4304 3960/4180/4305 2888/3073/4299 3986/4207/4296
f 3972/4192/4183 2889/3074/4185 3960/4180/4305 4788/5032/4304
f 2881/3065/4134 3974/4194/4252 4789/5033/4306 3952/4172/4133
f 3952/4172/4133 4789/5033/4306 3987/4208/4300 2880/3064/4060
f 4789/5033/4306 3968/4188/4307 2896/3081/4303 3987/4208/4300
f 3974/4194/4252 2897/3082/4254 3968/4188/4307 4789/5033/4306
f 3015/3206/3549 4247/4477/3550 4790/5034/3551 4274/4505/4308
f 4274/4505/4308 4790/5034/3551 3990/4211/3553 3014/3205/4309
f 4247/4477/3550 5167/5459/3555 5262/5605/3556 4790/5034/3551
f 4792/5036/3557 5264/5608/3558 5167/5459/3555 4247/4477/3550
f 3016/3207/3559 4248/4478/3560 4791/5035/4249 4273/4504/4310
f 4273/4504/4310 4791/5035/4249 4245/4475/3482 3013/3204/4245
f 4248/4478/3560 5183/5483/3562 5278/5629/3490 4791/5035/4249
f 4793/5037/3563 5280/5632/3564 5183/5483/3562 4248/4478/3560
f 3017/3208/4311 4249/4479/3566 4792/5036/3557 4272/4503/4312
f 4272/4503/4312 4792/5036/3557 4247/4477/3550 3015/3206/3549
f 4249/4479/3566 5169/5462/3568 5264/5608/3558 4792/5036/3557
f 4794/5038/4313 5266/5611/3570 5169/5462/3568 4249/4479/3566
f 3018/3209/4314 4250/4480/3572 4793/5037/3563 4271/4502/4315
f 4271/4502/4315 4793/5037/3563 4248/4478/3560 3016/3207/3559
f 4250/4480/3572 5185/5486/3574 5280/5632/3564 4793/5037/3563
f 4795/5039/4316 5282/5635/3576 5185/5486/3574 4250/4480/3572
f 3019/3210/4317 4251/4481/3578 4794/5038/4313 4270/4501/4318
f 4270/4501/4318 4794/5038/4313 4249/4479/3566 3017/3208/4311
f 4251/4481/3578 5171/5465/4319 5266/5611/3570 4794/5038/4313
f 4796/5040/4320 5268/5614/3582 5171/5465/4319 4251/4481/3578
f 3020/3211/4321 4252/4482/3584 4795/5039/4316 4269/4500/4322
f 4269/4500/4322 4795/5039/4316 4250/4480/3572 3018/3209/4314
f 4252/4482/3584 5187/5489/4323 5282/5635/3576 4795/5039/4316
f 4797/5041/3587 5284/5638/3588 5187/5489/4323 4252/4482/3584
f 3021/3212/4324 4253/4483/3590 4796/5040/4320 4268/4499/4325
f 4268/4499/4325 4796/5040/4320 4251/4481/3578 3019/3210/4317
f 4253/4483/3590 5173/5468/3592 5268/5614/3582 4796/5040/4320
f 4798/5042/3593 5270/5617/3594 5173/5468/3592 4253/4483/3590
f 3022/3213/4326 4254/4484/3596 4797/5041/3587 4267/4498/4327
f 4267/4498/4327 4797/5041/3587 4252/4482/3584 3020/3211/4321
f 4254/4484/3596 5189/5492/3598 5284/5638/3588 4797/5041/3587
f 4800/5044/3599 5286/5641/3600 5189/5492/3598 4254/4484/3596
f 3023/3214/4328 4255/4485/3602 4798/5042/3593 4266/4497/4329
f 4266/4497/4329 4798/5042/3593 4253/4483/3590 3021/3212/4324
f 4255/4485/3602 5175/5471/3604 5270/5617/3594 4798/5042/3593
f 4801/5045/4330 5272/5620/3606 5175/5471/3604 4255/4485/3602
f 3025/3217/4331 4257/4487/2749 4799/5043/2752 4265/4496/4332
f 4265/4496/4332 4799/5043/2752 4000/4221/3609 3024/3215/4333
f 4000/4221/3609 5162/5452/3611 5286/5641/3600 4800/5044/3599
f 4802/5046/3612 5258/5599/3613 5159/5445/2750 4257/4488/2749
f 3024/3215/4333 4000/4221/3609 4800/5044/3599 4264/4495/4334
f 4264/4495/4334 4800/5044/3599 4254/4484/3596 3022/3213/4326
f 4259/4490/3615 5163/5453/3616 5258/5599/3613 4802/5046/3612
f 3026/3218/4335 4258/4489/3618 4801/5045/4330 4263/4494/4336
f 4263/4494/4336 4801/5045/4330 4255/4485/3602 3023/3214/4328
f 4258/4489/3618 5177/5474/3620 5272/5620/3606 4801/5045/4330
f 4803/5047/4337 5274/5623/3622 5177/5474/3620 4258/4489/3618
f 3027/3219/4338 4259/4490/3615 4802/5046/3612 4262/4493/4339
f 4262/4493/4339 4802/5046/3612 4257/4488/2749 3025/3216/4331
f 4799/5043/2752 5256/5596/2751 5162/5452/3611 4000/4221/3609
f 4804/5048/4340 5260/5602/3626 5163/5453/3616 4259/4490/3615
f 3012/3203/4248 3988/4209/3485 4803/5047/4337 4261/4492/4341
f 4261/4492/4341 4803/5047/4337 4258/4489/3618 3026/3218/4335
f 3988/4209/3485 5179/5477/4342 5274/5623/3622 4803/5047/4337
f 4774/5018/4246 5276/5626/3488 5179/5477/4342 3988/4209/3485
f 3014/3205/4309 3990/4211/3553 4804/5048/4340 4260/4491/4343
f 4260/4491/4343 4804/5048/4340 4259/4490/3615 3027/3219/4338
f 3990/4211/3553 5165/5456/3630 5260/5602/3626 4804/5048/4340
f 4790/5034/3551 5262/5605/3556 5165/5456/3630 3990/4211/3553
f 2901/3088/4123 4004/4226/4344 4805/5049/4345 4005/4228/4346
f 4005/4228/4346 4805/5049/4345 4006/4229/4347 2903/3091/4192
f 4805/5049/4345 4007/4230/4348 2905/3093/4349 4006/4229/4347
f 4004/4226/4344 2902/3089/4350 4007/4230/4348 4805/5049/4345
f 2902/3089/4350 4008/4231/4351 4806/5050/4352 4007/4230/4348
f 4007/4230/4348 4806/5050/4352 4009/4233/4353 2905/3093/4349
f 4806/5050/4352 4010/4234/4199 2904/3092/4173 4009/4233/4353
f 4008/4231/4351 2900/3085/4161 4010/4234/4199 4806/5050/4352
f 2907/3095/4124 4011/4235/4354 4807/5051/4355 4012/4236/4122
f 4012/4236/4122 4807/5051/4355 4004/4227/4344 2901/3087/4123
f 4807/5051/4355 4013/4237/4356 2902/3090/4350 4004/4227/4344
f 4011/4235/4354 2908/3096/4357 4013/4237/4356 4807/5051/4355
f 2908/3096/4357 4014/4238/4358 4808/5052/4359 4013/4237/4356
f 4013/4237/4356 4808/5052/4359 4008/4232/4351 2902/3090/4350
f 4808/5052/4359 4015/4239/4160 2900/3086/4161 4008/4232/4351
f 4014/4238/4358 2906/3094/4159 4015/4239/4160 4808/5052/4359
f 2910/3098/4208 4016/4240/4360 4809/5053/4361 4017/4241/4207
f 4017/4241/4207 4809/5053/4361 4011/4235/4354 2907/3095/4124
f 4809/5053/4361 4018/4242/4362 2908/3096/4357 4011/4235/4354
f 4016/4240/4360 2911/3099/4363 4018/4242/4362 4809/5053/4361
f 2911/3099/4363 4019/4243/4364 4810/5054/4365 4018/4242/4362
f 4018/4242/4362 4810/5054/4365 4014/4238/4358 2908/3096/4357
f 4810/5054/4365 4020/4244/4166 2906/3094/4159 4014/4238/4358
f 4019/4243/4364 2909/3097/4165 4020/4244/4166 4810/5054/4365
f 2913/3101/4216 4021/4245/4366 4811/5055/4367 4022/4246/4215
f 4022/4246/4215 4811/5055/4367 4016/4240/4360 2910/3098/4208
f 4811/5055/4367 4023/4247/4368 2911/3099/4363 4016/4240/4360
f 4021/4245/4366 2914/3102/4369 4023/4247/4368 4811/5055/4367
f 2914/3102/4369 4024/4248/4370 4812/5056/4371 4023/4247/4368
f 4023/4247/4368 4812/5056/4371 4019/4243/4364 2911/3099/4363
f 4812/5056/4371 4025/4249/4179 2909/3097/4165 4019/4243/4364
f 4024/4248/4370 2912/3100/4127 4025/4249/4179 4812/5056/4371
f 2916/3104/4224 4026/4250/4372 4813/5057/4373 4027/4251/4223
f 4027/4251/4223 4813/5057/4373 4021/4245/4366 2913/3101/4216
f 4813/5057/4373 4028/4252/4374 2914/3102/4369 4021/4245/4366
f 4026/4250/4372 2917/3105/4375 4028/4252/4374 4813/5057/4373
f 2917/3105/4375 4029/4253/4376 4814/5058/4377 4028/4252/4374
f 4028/4252/4374 4814/5058/4377 4024/4248/4370 2914/3102/4369
f 4814/5058/4377 4030/4254/4126 2912/3100/4127 4024/4248/4370
f 4029/4253/4376 2915/3103/4125 4030/4254/4126 4814/5058/4377
f 2919/3107/4232 4031/4255/4378 4815/5059/4379 4032/4256/4231
f 4032/4256/4231 4815/5059/4379 4026/4250/4372 2916/3104/4224
f 4815/5059/4379 4033/4257/4380 2917/3105/4375 4026/4250/4372
f 4031/4255/4378 2920/3108/4381 4033/4257/4380 4815/5059/4379
f 2920/3108/4381 4034/4258/4382 4816/5060/4383 4033/4257/4380
f 4033/4257/4380 4816/5060/4383 4029/4253/4376 2917/3105/4375
f 4816/5060/4383 4035/4259/4136 2915/3103/4125 4029/4253/4376
f 4034/4258/4382 2918/3106/4135 4035/4259/4136 4816/5060/4383
f 2922/3110/4240 4036/4260/4384 4817/5061/4385 4037/4261/4239
f 4037/4261/4239 4817/5061/4385 4031/4255/4378 2919/3107/4232
f 4817/5061/4385 4038/4262/4386 2920/3108/4381 4031/4255/4378
f 4036/4260/4384 2923/3111/4387 4038/4262/4386 4817/5061/4385
f 2923/3111/4387 4039/4263/4388 4818/5062/4389 4038/4262/4386
f 4038/4262/4386 4818/5062/4389 4034/4258/4382 2920/3108/4381
f 4818/5062/4389 4040/4264/4144 2918/3106/4135 4034/4258/4382
f 4039/4263/4388 2921/3109/4143 4040/4264/4144 4818/5062/4389
f 2925/3113/4197 4041/4265/4390 4819/5063/4391 4042/4266/4244
f 4042/4266/4244 4819/5063/4391 4036/4260/4384 2922/3110/4240
f 4819/5063/4391 4043/4267/4392 2923/3111/4387 4036/4260/4384
f 4041/4265/4390 2926/3114/4393 4043/4267/4392 4819/5063/4391
f 2926/3114/4393 4044/4268/4394 4820/5064/4395 4043/4267/4392
f 4043/4267/4392 4820/5064/4395 4039/4263/4388 2923/3111/4387
f 4820/5064/4395 4045/4269/4152 2921/3109/4143 4039/4263/4388
f 4044/4268/4394 2924/3112/4151 4045/4269/4152 4820/5064/4395
f 2928/3116/4198 4046/4270/4396 4821/5065/4397 4047/4271/4196
f 4047/4271/4196 4821/5065/4397 4041/4265/4390 2925/3113/4197
f 4821/5065/4397 4048/4272/4398 2926/3114/4393 4041/4265/4390
f 4046/4270/4396 2929/3117/4399 4048/4272/4398 4821/5065/4397
f 2929/3117/4399 4049/4273/4400 4822/5066/4401 4048/4272/4398
f 4048/4272/4398 4822/5066/4401 4044/4268/4394 2926/3114/4393
f 4822/5066/4401 4050/4274/4156 2924/3112/4151 4044/4268/4394
f 4049/4273/4400 2927/3115/4155 4050/4274/4156 4822/5066/4401
f 2931/3119/4204 4051/4275/4402 4823/5067/4403 4052/4276/4203
f 4052/4276/4203 4823/5067/4403 4046/4270/4396 2928/3116/4198
f 4823/5067/4403 4053/4277/4404 2929/3117/4399 4046/4270/4396
f 4051/4275/4402 2932/3120/4405 4053/4277/4404 4823/5067/4403
f 2932/3120/4405 4054/4278/4406 4824/5068/4407 4053/4277/4404
f 4053/4277/4404 4824/5068/4407 4049/4273/4400 2929/3117/4399
f 4824/5068/4407 4055/4279/4170 2927/3115/4155 4049/4273/4400
f 4054/4278/4406 2930/3118/4169 4055/4279/4170 4824/5068/4407
f 2934/3122/4212 4056/4280/4408 4825/5069/4409 4057/4281/4211
f 4057/4281/4211 4825/5069/4409 4051/4275/4402 2931/3119/4204
f 4825/5069/4409 4058/4282/4410 2932/3120/4405 4051/4275/4402
f 4056/4280/4408 2935/3123/4411 4058/4282/4410 4825/5069/4409
f 2935/3123/4411 4059/4283/4412 4826/5070/4413 4058/4282/4410
f 4058/4282/4410 4826/5070/4413 4054/4278/4406 2932/3120/4405
f 4826/5070/4413 4060/4284/4177 2930/3118/4169 4054/4278/4406
f 4059/4283/4412 2933/3121/4057 4060/4284/4177 4826/5070/4413
f 2937/3125/4220 4061/4285/4414 4827/5071/4415 4062/4286/4219
f 4062/4286/4219 4827/5071/4415 4056/4280/4408 2934/3122/4212
f 4827/5071/4415 4063/4287/4416 2935/3123/4411 4056/4280/4408
f 4061/4285/4414 2938/3126/4417 4063/4287/4416 4827/5071/4415
f 2938/3126/4417 4064/4288/4418 4828/5072/4419 4063/4287/4416
f 4063/4287/4416 4828/5072/4419 4059/4283/4412 2935/3123/4411
f 4828/5072/4419 4065/4289/4056 2933/3121/4057 4059/4283/4412
f 4064/4288/4418 2936/3124/4055 4065/4289/4056 4828/5072/4419
f 2940/3128/4228 4066/4290/4420 4829/5073/4421 4067/4291/4227
f 4067/4291/4227 4829/5073/4421 4061/4285/4414 2937/3125/4220
f 4829/5073/4421 4068/4292/4422 2938/3126/4417 4061/4285/4414
f 4066/4290/4420 2941/3129/4423 4068/4292/4422 4829/5073/4421
f 2941/3129/4423 4069/4293/4424 4830/5074/4425 4068/4292/4422
f 4068/4292/4422 4830/5074/4425 4064/4288/4418 2938/3126/4417
f 4830/5074/4425 4070/4294/4132 2936/3124/4055 4064/4288/4418
f 4069/4293/4424 2939/3127/4131 4070/4294/4132 4830/5074/4425
f 2943/3131/4236 4071/4295/4426 4831/5075/4427 4072/4296/4235
f 4072/4296/4235 4831/5075/4427 4066/4290/4420 2940/3128/4228
f 4831/5075/4427 4073/4297/4428 2941/3129/4423 4066/4290/4420
f 4071/4295/4426 2944/3132/4429 4073/4297/4428 4831/5075/4427
f 2944/3132/4429 4074/4298/4430 4832/5076/4431 4073/4297/4428
f 4073/4297/4428 4832/5076/4431 4069/4293/4424 2941/3129/4423
f 4832/5076/4431 4075/4299/4140 2939/3127/4131 4069/4293/4424
f 4074/4298/4430 2942/3130/4139 4075/4299/4140 4832/5076/4431
f 2946/3134/4191 4076/4300/4432 4833/5077/4433 4077/4301/4242
f 4077/4301/4242 4833/5077/4433 4071/4295/4426 2943/3131/4236
f 4833/5077/4433 4078/4302/4434 2944/3132/4429 4071/4295/4426
f 4076/4300/4432 2947/3135/4435 4078/4302/4434 4833/5077/4433
f 2947/3135/4435 4079/4303/4436 4834/5078/4437 4078/4302/4434
f 4078/4302/4434 4834/5078/4437 4074/4298/4430 2944/3132/4429
f 4834/5078/4437 4080/4304/4148 2942/3130/4139 4074/4298/4430
f 4079/4303/4436 2945/3133/4147 4080/4304/4148 4834/5078/4437
f 2903/3091/4192 4006/4229/4347 4835/5079/4438 4081/4305/4190
f 4081/4305/4190 4835/5079/4438 4076/4300/4432 2946/3134/4191
f 4835/5079/4438 4082/4306/4439 2947/3135/4435 4076/4300/4432
f 4006/4229/4347 2905/3093/4349 4082/4306/4439 4835/5079/4438
f 2905/3093/4349 4009/4233/4353 4836/5080/4440 4082/4306/4439
f 4082/4306/4439 4836/5080/4440 4079/4303/4436 2947/3135/4435
f 4836/5080/4440 4083/4307/4174 2945/3133/4147 4079/4303/4436
f 4009/4233/4353 2904/3092/4173 4083/4307/4174 4836/5080/4440
f 2852/3035/4088 4084/4309/4121 4837/5081/4441 3908/4127/4086
f 3908/4127/4086 4837/5081/4441 4085/4310/4187 2853/3036/4087
f 4837/5081/4441 4005/4228/4346 2903/3091/4192 4085/4310/4187
f 4084/4309/4121 2901/3088/4123 4005/4228/4346 4837/5081/4441
f 2949/3137/2868 4116/4342/2869 4838/5082/2870 4117/4343/2871
f 4117/4343/2871 4838/5082/2870 4118/4344/2872 2952/3140/2873
f 4838/5082/2870 4119/4346/2874 2953/3142/2875 4118/4344/2872
f 4116/4342/2869 2950/3138/2876 4119/4346/2874 4838/5082/2870
f 2950/3138/2876 4120/4347/2877 4839/5083/2878 4119/4346/2874
f 4119/4346/2874 4839/5083/2878 4121/4348/2879 2953/3142/2875
f 4839/5083/2878 4122/4350/2880 2951/3139/2881 4121/4348/2879
f 4120/4347/2877 2948/3136/2882 4122/4350/2880 4839/5083/2878
f 2952/3141/2873 4118/4345/2872 4840/5084/2883 4123/4351/2884
f 4123/4351/2884 4840/5084/2883 4124/4352/2885 2955/3145/2886
f 4840/5084/2883 4125/4353/2887 2956/3146/2888 4124/4352/2885
f 4118/4345/2872 2953/3143/2875 4125/4353/2887 4840/5084/2883
f 2953/3143/2875 4121/4349/2879 4841/5085/2889 4125/4353/2887
f 4125/4353/2887 4841/5085/2889 4126/4354/2890 2956/3146/2888
f 4841/5085/2889 4127/4355/2891 2954/3144/2892 4126/4354/2890
f 4121/4349/2879 2951/3139/2881 4127/4355/2891 4841/5085/2889
f 2955/3145/2886 4124/4352/2885 4842/5086/2893 4128/4356/2894
f 4128/4356/2894 4842/5086/2893 4129/4357/2895 2958/3148/2896
f 4842/5086/2893 4130/4358/2897 2959/3149/2898 4129/4357/2895
f 4124/4352/2885 2956/3146/2888 4130/4358/2897 4842/5086/2893
f 2956/3146/2888 4126/4354/2890 4843/5087/2899 4130/4358/2897
f 4130/4358/2897 4843/5087/2899 4131/4359/2900 2959/3149/2898
f 4843/5087/2899 4132/4360/2901 2957/3147/2902 4131/4359/2900
f 4126/4354/2890 2954/3144/2892 4132/4360/2901 4843/5087/2899
f 2958/3148/2896 4129/4357/2895 4844/5088/2903 4133/4361/2904
f 4133/4361/2904 4844/5088/2903 4134/4362/2905 2961/3151/2906
f 4844/5088/2903 4135/4363/2907 2962/3152/2908 4134/4362/2905
f 4129/4357/2895 2959/3149/2898 4135/4363/2907 4844/5088/2903
f 2959/3149/2898 4131/4359/2900 4845/5089/2909 4135/4363/2907
f 4135/4363/2907 4845/5089/2909 4136/4364/2910 2962/3152/2908
f 4845/5089/2909 4137/4365/2911 2960/3150/2912 4136/4364/2910
f 4131/4359/2900 2957/3147/2902 4137/4365/2911 4845/5089/2909
f 2961/3151/2906 4134/4362/2905 4846/5090/2913 4138/4366/2914
f 4138/4366/2914 4846/5090/2913 4139/4367/2915 2964/3154/2916
f 4846/5090/2913 4140/4368/2917 2965/3155/2918 4139/4367/2915
f 4134/4362/2905 2962/3152/2908 4140/4368/2917 4846/5090/2913
f 2962/3152/2908 4136/4364/2910 4847/5091/2919 4140/4368/2917
f 4140/4368/2917 4847/5091/2919 4141/4369/2920 2965/3155/2918
f 4847/5091/2919 4142/4370/2921 2963/3153/2922 4141/4369/2920
f 4136/4364/2910 2960/3150/2912 4142/4370/2921 4847/5091/2919
f 2964/3154/2916 4139/4367/2915 4848/5092/2923 4143/4371/2924
f 4143/4371/2924 4848/5092/2923 4144/4372/2925 2967/3157/2926
f 4848/5092/2923 4145/4373/2927 2968/3158/2928 4144/4372/2925
f 4139/4367/2915 2965/3155/2918 4145/4373/2927 4848/5092/2923
f 2965/3155/2918 4141/4369/2920 4849/5093/2929 4145/4373/2927
f 4145/4373/2927 4849/5093/2929 4146/4374/2930 2968/3158/2928
f 4849/5093/2929 4147/4375/2931 2966/3156/2932 4146/4374/2930
f 4141/4369/2920 2963/3153/2922 4147/4375/2931 4849/5093/2929
f 2967/3157/2926 4144/4372/2925 4850/5094/2933 4148/4376/2934
f 4148/4376/2934 4850/5094/2933 4149/4377/2935 2970/3160/2936
f 4850/5094/2933 4150/4378/2937 2971/3161/2938 4149/4377/2935
f 4144/4372/2925 2968/3158/2928 4150/4378/2937 4850/5094/2933
f 2968/3158/2928 4146/4374/2930 4851/5095/2939 4150/4378/2937
f 4150/4378/2937 4851/5095/2939 4151/4379/2940 2971/3161/2938
f 4851/5095/2939 4152/4380/2941 2969/3159/2942 4151/4379/2940
f 4146/4374/2930 2966/3156/2932 4152/4380/2941 4851/5095/2939
f 2970/3160/2936 4149/4377/2935 4852/5096/2943 4153/4381/2944
f 4153/4381/2944 4852/5096/2943 4154/4382/2945 2973/3163/2946
f 4852/5096/2943 4155/4383/2947 2974/3164/2948 4154/4382/2945
f 4149/4377/2935 2971/3161/2938 4155/4383/2947 4852/5096/2943
f 2971/3161/2938 4151/4379/2940 4853/5097/2949 4155/4383/2947
f 4155/4383/2947 4853/5097/2949 4156/4384/2950 2974/3164/2948
f 4853/5097/2949 4157/4385/2951 2972/3162/2952 4156/4384/2950
f 4151/4379/2940 2969/3159/2942 4157/4385/2951 4853/5097/2949
f 2973/3163/2946 4154/4382/2945 4854/5098/2953 4158/4386/2954
f 4158/4386/2954 4854/5098/2953 4159/4387/2955 2976/3166/2956
f 4854/5098/2953 4160/4388/2957 2977/3167/4442 4159/4387/2955
f 4154/4382/2945 2974/3164/2948 4160/4388/2957 4854/5098/2953
f 2974/3164/2948 4156/4384/2950 4855/5099/2959 4160/4388/2957
f 4160/4388/2957 4855/5099/2959 4161/4389/2960 2977/3167/4442
f 4855/5099/2959 4162/4390/2961 2975/3165/2962 4161/4389/2960
f 4156/4384/2950 2972/3162/2952 4162/4390/2961 4855/5099/2959
f 2976/3166/2956 4159/4387/2955 4856/5100/2963 4163/4391/2964
f 4163/4391/2964 4856/5100/2963 4164/4392/2965 2979/3169/2966
f 4856/5100/2963 4165/4393/2967 2980/3170/2968 4164/4392/2965
f 4159/4387/2955 2977/3167/4442 4165/4393/2967 4856/5100/2963
f 2977/3167/4442 4161/4389/2960 4857/5101/2969 4165/4393/2967
f 4165/4393/2967 4857/5101/2969 4166/4394/2970 2980/3170/2968
f 4857/5101/2969 4167/4395/2971 2978/3168/2972 4166/4394/2970
f 4161/4389/2960 2975/3165/2962 4167/4395/2971 4857/5101/2969
f 2979/3169/2966 4164/4392/2965 4858/5102/2973 4168/4396/2974
f 4168/4396/2974 4858/5102/2973 4169/4397/2975 2982/3172/2976
f 4858/5102/2973 4170/4398/2977 2983/3173/2978 4169/4397/2975
f 4164/4392/2965 2980/3170/2968 4170/4398/2977 4858/5102/2973
f 2980/3170/2968 4166/4394/2970 4859/5103/2979 4170/4398/2977
f 4170/4398/2977 4859/5103/2979 4171/4399/2980 2983/3173/2978
f 4859/5103/2979 4172/4400/2981 2981/3171/2982 4171/4399/2980
f 4166/4394/2970 2978/3168/2972 4172/4400/2981 4859/5103/2979
f 2982/3172/2976 4169/4397/2975 4860/5104/2983 4173/4401/2984
f 4173/4401/2984 4860/5104/2983 4174/4402/2985 2985/3175/2986
f 4860/5104/2983 4175/4403/2987 2986/3176/2988 4174/4402/2985
f 4169/4397/2975 2983/3173/2978 4175/4403/2987 4860/5104/2983
f 2983/3173/2978 4171/4399/2980 4861/5105/2989 4175/4403/2987
f 4175/4403/2987 4861/5105/2989 4176/4404/2990 2986/3176/2988
f 4861/5105/2989 4177/4405/2991 2984/3174/2992 4176/4404/2990
f 4171/4399/2980 2981/3171/2982 4177/4405/2991 4861/5105/2989
f 2985/3175/2986 4174/4402/2985 4862/5106/2993 4178/4406/2994
f 4178/4406/2994 4862/5106/2993 4179/4407/2995 2988/3178/2996
f 4862/5106/2993 4180/4408/2997 2989/3179/4443 4179/4407/2995
f 4174/4402/2985 2986/3176/2988 4180/4408/2997 4862/5106/2993
f 2986/3176/2988 4176/4404/2990 4863/5107/2999 4180/4408/2997
f 4180/4408/2997 4863/5107/2999 4181/4409/3000 2989/3179/4443
f 4863/5107/2999 4182/4410/3001 2987/3177/3002 4181/4409/3000
f 4176/4404/2990 2984/3174/2992 4182/4410/3001 4863/5107/2999
f 2988/3178/2996 4179/4407/2995 4864/5108/3003 4183/4411/3004
f 4183/4411/3004 4864/5108/3003 4184/4412/3005 2991/3181/3006
f 4864/5108/3003 4185/4413/3007 2992/3182/3008 4184/4412/3005
f 4179/4407/2995 2989/3179/4443 4185/4413/3007 4864/5108/3003
f 2989/3179/4443 4181/4409/3000 4865/5109/3009 4185/4413/3007
f 4185/4413/3007 4865/5109/3009 4186/4414/3010 2992/3182/3008
f 4865/5109/3009 4187/4415/3011 2990/3180/3012 4186/4414/3010
f 4181/4409/3000 2987/3177/3002 4187/4415/3011 4865/5109/3009
f 2991/3181/3006 4184/4412/3005 4866/5110/3013 4188/4416/3014
f 4188/4416/3014 4866/5110/3013 4189/4417/3015 2994/3184/3016
f 4866/5110/3013 4190/4418/3017 2995/3185/3018 4189/4417/3015
f 4184/4412/3005 2992/3182/3008 4190/4418/3017 4866/5110/3013
f 2992/3182/3008 4186/4414/3010 4867/5111/3019 4190/4418/3017
f 4190/4418/3017 4867/5111/3019 4191/4419/3020 2995/3185/3018
f 4867/5111/3019 4192/4420/3021 2993/3183/3022 4191/4419/3020
f 4186/4414/3010 2990/3180/3012 4192/4420/3021 4867/5111/3019
f 2994/3184/3016 4189/4417/3015 4868/5112/3023 4193/4421/3024
f 4193/4421/3024 4868/5112/3023 4116/4342/2869 2949/3137/2868
f 4868/5112/3023 4194/4422/3025 2950/3138/2876 4116/4342/2869
f 4189/4417/3015 2995/3185/3018 4194/4422/3025 4868/5112/3023
f 2995/3185/3018 4191/4419/3020 4869/5113/3026 4194/4422/3025
f 4194/4422/3025 4869/5113/3026 4120/4347/2877 2950/3138/2876
f 4869/5113/3026 4195/4423/3027 2948/3136/2882 4120/4347/2877
f 4191/4419/3020 2993/3183/3022 4195/4423/3027 4869/5113/3026
f 2948/3136/2882 4195/4423/3027 4870/5114/3028 4122/4350/2880
f 2951/3139/2881 4122/4350/2880 4870/5114/3028 4127/4355/2891
f 2954/3144/2892 4127/4355/2891 4870/5114/3028 4132/4360/2901
f 2957/3147/2902 4132/4360/2901 4870/5114/3028 4137/4365/2911
f 2960/3150/2912 4137/4365/2911 4870/5114/3028 4142/4370/2921
f 2963/3153/2922 4142/4370/2921 4870/5114/3028 4147/4375/2931
f 2966/3156/2932 4147/4375/2931 4870/5114/3028 4152/4380/2941
f 2969/3159/2942 4152/4380/2941 4870/5114/3028 4157/4385/2951
f 2972/3162/2952 4157/4385/2951 4870/5114/3028 4162/4390/2961
f 2975/3165/2962 4162/4390/2961 4870/5114/3028 4167/4395/2971
f 2978/3168/2972 4167/4395/2971 4870/5114/3028 4172/4400/2981
f 2981/3171/2982 4172/4400/2981 4870/5114/3028 4177/4405/2991
f 2984/3174/2992 4177/4405/2991 4870/5114/3028 4182/4410/3001
f 2987/3177/3002 4182/4410/3001 4870/5114/3028 4187/4415/3011
f 2990/3180/3012 4187/4415/3011 4870/5114/3028 4192/4420/3021
f 2993/3183/3022 4192/4420/3021 4870/5114/3028 4195/4423/3027
f 2949/3137/2868 4117/4343/2871 4871/5115/3029 4212/4441/3030
f 4212/4441/3030 4871/5115/3029 4228/4458/2323 2996/3186/2232
f 4871/5115/3029 4197/4425/3031 2997/3187/2317 4228/4458/2323
f 4117/4343/2871 2952/3140/2873 4197/4425/3031 4871/5115/3029
f 2952/3141/2873 4123/4351/2884 4872/5116/3032 4197/4426/3031
f 4197/4426/3031 4872/5116/3032 4229/4459/2318 2997/3188/2317
f 4872/5116/3032 4199/4428/3033 2999/3190/2233 4229/4459/2318
f 4123/4351/2884 2955/3145/2886 4199/4428/3033 4872/5116/3032
f 2991/3181/3006 4188/4416/3014 4873/5117/3034 4211/4440/3035
f 4211/4440/3035 4873/5117/3034 4230/4460/2308 3011/3202/2307
f 4873/5117/3034 4214/4444/3036 2998/3189/2224 4230/4460/2308
f 4188/4416/3014 2994/3184/3016 4214/4444/3036 4873/5117/3034
f 2988/3178/2996 4183/4411/3004 4874/5118/3037 4210/4439/3038
f 4210/4439/3038 4874/5118/3037 4231/4461/2302 3010/3201/2301
f 4874/5118/3037 4211/4440/3035 3011/3202/2307 4231/4461/2302
f 4183/4411/3004 2991/3181/3006 4211/4440/3035 4874/5118/3037
f 2985/3175/2986 4178/4406/2994 4875/5119/3039 4209/4438/3040
f 4209/4438/3040 4875/5119/3039 4232/4462/2296 3009/3200/2295
f 4875/5119/3039 4210/4439/3038 3010/3201/2301 4232/4462/2296
f 4178/4406/2994 2988/3178/2996 4210/4439/3038 4875/5119/3039
f 2982/3172/2976 4173/4401/2984 4876/5120/3041 4208/4437/3042
f 4208/4437/3042 4876/5120/3041 4233/4463/2290 3008/3199/2289
f 4876/5120/3041 4209/4438/3040 3009/3200/2295 4233/4463/2290
f 4173/4401/2984 2985/3175/2986 4209/4438/3040 4876/5120/3041
f 2979/3169/2966 4168/4396/2974 4877/5121/3043 4207/4436/3044
f 4207/4436/3044 4877/5121/3043 4234/4464/2284 3007/3198/2283
f 4877/5121/3043 4208/4437/3042 3008/3199/2289 4234/4464/2284
f 4168/4396/2974 2982/3172/2976 4208/4437/3042 4877/5121/3043
f 2976/3166/2956 4163/4391/2964 4878/5122/3045 4206/4435/3046
f 4206/4435/3046 4878/5122/3045 4235/4465/2278 3006/3197/2277
f 4878/5122/3045 4207/4436/3044 3007/3198/2283 4235/4465/2278
f 4163/4391/2964 2979/3169/2966 4207/4436/3044 4878/5122/3045
f 2973/3163/2946 4158/4386/2954 4879/5123/3047 4205/4434/3048
f 4205/4434/3048 4879/5123/3047 4236/4466/2272 3005/3196/2271
f 4879/5123/3047 4206/4435/3046 3006/3197/2277 4236/4466/2272
f 4158/4386/2954 2976/3166/2956 4206/4435/3046 4879/5123/3047
f 2970/3160/2936 4153/4381/2944 4880/5124/3049 4204/4433/3050
f 4204/4433/3050 4880/5124/3049 4237/4467/2266 3004/3195/2265
f 4880/5124/3049 4205/4434/3048 3005/3196/2271 4237/4467/2266
f 4153/4381/2944 2973/3163/2946 4205/4434/3048 4880/5124/3049
f 2967/3157/2926 4148/4376/2934 4881/5125/3051 4203/4432/3052
f 4203/4432/3052 4881/5125/3051 4238/4468/2260 3003/3194/2259
f 4881/5125/3051 4204/4433/3050 3004/3195/2265 4238/4468/2260
f 4148/4376/2934 2970/3160/2936 4204/4433/3050 4881/5125/3051
f 2964/3154/2916 4143/4371/2924 4882/5126/3053 4202/4431/3054
f 4202/4431/3054 4882/5126/3053 4239/4469/2254 3002/3193/2253
f 4882/5126/3053 4203/4432/3052 3003/3194/2259 4239/4469/2254
f 4143/4371/2924 2967/3157/2926 4203/4432/3052 4882/5126/3053
f 2961/3151/2906 4138/4366/2914 4883/5127/3055 4201/4430/3056
f 4201/4430/3056 4883/5127/3055 4240/4470/2248 3001/3192/2247
f 4883/5127/3055 4202/4431/3054 3002/3193/2253 4240/4470/2248
f 4138/4366/2914 2964/3154/2916 4202/4431/3054 4883/5127/3055
f 2958/3148/2896 4133/4361/2904 4884/5128/3057 4200/4429/3058
f 4200/4429/3058 4884/5128/3057 4241/4471/2242 3000/3191/2241
f 4884/5128/3057 4201/4430/3056 3001/3192/2247 4241/4471/2242
f 4133/4361/2904 2961/3151/2906 4201/4430/3056 4884/5128/3057
f 2955/3145/2886 4128/4356/2894 4885/5129/3059 4199/4428/3033
f 4199/4428/3033 4885/5129/3059 4242/4472/2234 2999/3190/2233
f 4885/5129/3059 4200/4429/3058 3000/3191/2241 4242/4472/2234
f 4128/4356/2894 2958/3148/2896 4200/4429/3058 4885/5129/3059
f 2994/3184/3016 4193/4421/3024 4886/5130/3060 4214/4444/3036
f 4214/4444/3036 4886/5130/3060 4243/4473/2225 2998/3189/2224
f 4886/5130/3060 4212/4441/3030 2996/3186/2232 4243/4473/2225
f 4193/4421/3024 2949/3137/2868 4212/4441/3030 4886/5130/3060
f 2887/3072/4291 4246/4476/4444 4887/5131/4445 3958/4178/4290
f 3958/4178/4290 4887/5131/4445 4003/4225/4446 2886/3071/4283
f 4887/5131/4445 4260/4491/4343 3027/3219/4338 4003/4225/4446
f 4246/4476/4444 3014/3205/4309 4260/4491/4343 4887/5131/4445
f 2894/3079/4287 4244/4474/4447 4888/5132/4448 3965/4185/4286
f 3965/4185/4286 4888/5132/4448 4002/4224/4449 2893/3078/4279
f 4888/5132/4448 4261/4492/4341 3026/3218/4335 4002/4224/4449
f 4244/4474/4447 3012/3203/4248 4261/4492/4341 4888/5132/4448
f 2886/3071/4283 4003/4225/4446 4889/5133/4450 3957/4177/4282
f 3957/4177/4282 4889/5133/4450 4001/4222/4451 2884/3068/4273
f 4889/5133/4450 4262/4493/4339 3025/3216/4331 4001/4222/4451
f 4003/4225/4446 3027/3219/4338 4262/4493/4339 4889/5133/4450
f 2893/3078/4279 4002/4224/4449 4890/5134/4452 3964/4184/4278
f 3964/4184/4278 4890/5134/4452 3999/4220/4453 2892/3077/4267
f 4890/5134/4452 4263/4494/4336 3023/3214/4328 3999/4220/4453
f 4002/4224/4449 3026/3218/4335 4263/4494/4336 4890/5134/4452
f 2885/3070/4272 4256/4486/4454 4891/5135/4455 3971/4191/4275
f 3971/4191/4275 4891/5135/4455 3998/4219/4456 2899/3084/4263
f 4891/5135/4455 4264/4495/4334 3022/3213/4326 3998/4219/4456
f 4256/4486/4454 3024/3215/4333 4264/4495/4334 4891/5135/4455
f 2884/3069/4273 4001/4223/4451 4892/5136/4457 3956/4176/4271
f 3956/4176/4271 4892/5136/4457 4256/4486/4454 2885/3070/4272
f 4892/5136/4457 4265/4496/4332 3024/3215/4333 4256/4486/4454
f 4001/4223/4451 3025/3217/4331 4265/4496/4332 4892/5136/4457
f 2892/3077/4267 3999/4220/4453 4893/5137/4458 3963/4183/4266
f 3963/4183/4266 4893/5137/4458 3997/4218/4459 2891/3076/4259
f 4893/5137/4458 4266/4497/4329 3021/3212/4324 3997/4218/4459
f 3999/4220/4453 3023/3214/4328 4266/4497/4329 4893/5137/4458
f 2899/3084/4263 3998/4219/4456 4894/5138/4460 3970/4190/4262
f 3970/4190/4262 4894/5138/4460 3996/4217/4461 2898/3083/4255
f 4894/5138/4460 4267/4498/4327 3020/3211/4321 3996/4217/4461
f 3998/4219/4456 3022/3213/4326 4267/4498/4327 4894/5138/4460
f 2891/3076/4259 3997/4218/4459 4895/5139/4462 3962/4182/4258
f 3962/4182/4258 4895/5139/4462 3995/4216/4463 2890/3075/4186
f 4895/5139/4462 4268/4499/4325 3019/3210/4317 3995/4216/4463
f 3997/4218/4459 3021/3212/4324 4268/4499/4325 4895/5139/4462
f 2898/3083/4255 3996/4217/4461 4896/5140/4464 3969/4189/4253
f 3969/4189/4253 4896/5140/4464 3994/4215/4465 2897/3082/4254
f 4896/5140/4464 4269/4500/4322 3018/3209/4314 3994/4215/4465
f 3996/4217/4461 3020/3211/4321 4269/4500/4322 4896/5140/4464
f 2890/3075/4186 3995/4216/4463 4897/5141/4466 3961/4181/4184
f 3961/4181/4184 4897/5141/4466 3993/4214/4467 2889/3074/4185
f 4897/5141/4466 4270/4501/4318 3017/3208/4311 3993/4214/4467
f 3995/4216/4463 3019/3210/4317 4270/4501/4318 4897/5141/4466
f 2897/3082/4254 3994/4215/4465 4898/5142/4468 3968/4188/4307
f 3968/4188/4307 4898/5142/4468 3992/4213/4469 2896/3081/4303
f 4898/5142/4468 4271/4502/4315 3016/3207/3559 3992/4213/4469
f 3994/4215/4465 3018/3209/4314 4271/4502/4315 4898/5142/4468
f 2889/3074/4185 3993/4214/4467 4899/5143/4470 3960/4180/4305
f 3960/4180/4305 4899/5143/4470 3991/4212/4471 2888/3073/4299
f 4899/5143/4470 4272/4503/4312 3015/3206/3549 3991/4212/4471
f 3993/4214/4467 3017/3208/4311 4272/4503/4312 4899/5143/4470
f 2896/3081/4303 3992/4213/4469 4900/5144/4472 3967/4187/4302
f 3967/4187/4302 4900/5144/4472 3989/4210/4473 2895/3080/4295
f 4900/5144/4472 4273/4504/4310 3013/3204/4245 3989/4210/4473
f 3992/4213/4469 3016/3207/3559 4273/4504/4310 4900/5144/4472
f 2888/3073/4299 3991/4212/4471 4901/5145/4474 3959/4179/4298
f 3959/4179/4298 4901/5145/4474 4246/4476/4444 2887/3072/4291
f 4901/5145/4474 4274/4505/4308 3014/3205/4309 4246/4476/4444
f 3991/4212/4471 3015/3206/3549 4274/4505/4308 4901/5145/4474
f 2895/3080/4295 3989/4210/4473 4902/5146/4475 3966/4186/4294
f 3966/4186/4294 4902/5146/4475 4244/4474/4447 2894/3079/4287
f 4902/5146/4475 4275/4506/4247 3012/3203/4248 4244/4474/4447
f 3989/4210/4473 3013/3204/4245 4275/4506/4247 4902/5146/4475
f 1917/2025/583 1006/1058/556 4904/5148/586 5001/5249/597
f 1914/2022/555 749/776/558 4905/5149/4476 4999/5247/585
f 1919/2027/466 1008/1060/584 4908/5152/598 5003/5251/467
f 5000/5248/4477 4906/5150/559 5097/5348/560 5191/5496/4478
f 1905/2013/462 739/765/465 4910/5154/468 5005/5253/487
f 4909/5153/600 5004/5252/587 5195/5501/588 5102/5355/601
f 1907/2015/485 996/1047/463 4912/5156/488 5007/5255/507
f 4911/5155/470 5006/5254/599 5197/5504/602 5104/5358/471
f 1909/2017/505 998/1049/486 4914/5158/508 5009/5257/527
f 4913/5157/490 5008/5256/469 5199/5507/472 5106/5361/491
f 1911/2019/525 1000/1052/506 4916/5162/528 5011/5259/547
f 4915/5159/510 5010/5258/489 5201/5510/492 5108/5366/511
f 1913/2021/545 1002/1054/526 4918/5164/548 5013/5261/575
f 4917/5163/530 5012/5260/509 5203/5513/512 5110/5370/531
f 1916/2024/573 1004/1056/546 4920/5166/576 5015/5263/590
f 4919/5165/550 5014/5262/529 5205/5516/532 5112/5373/551
f 1918/2026/395 1007/1059/574 4922/5168/591 5017/5265/396
f 4921/5167/578 5016/5264/549 5207/5519/552 5114/5376/579
f 1889/1997/391 737/763/394 4924/5170/397 5019/5267/477
f 4923/5169/593 5018/5266/577 5209/5522/580 5116/5379/594
f 1906/2014/475 994/1045/392 4926/5172/478 5021/5269/497
f 4925/5171/399 5020/5268/592 5211/5525/595 5118/5382/400
f 1908/2016/495 997/1048/476 4928/5174/498 5023/5271/517
f 4927/5173/480 5022/5270/398 5213/5528/401 5120/5385/481
f 1910/2018/515 999/1050/496 4930/5176/518 5025/5273/537
f 4929/5175/500 5024/5272/479 5215/5531/482 5122/5388/501
f 1912/2020/535 1001/1053/516 4932/5178/538 5027/5275/567
f 4931/5177/520 5026/5274/499 5217/5534/502 5124/5391/521
f 1915/2023/566 1003/1055/536 4934/5180/568 5029/5277/4479
f 4933/5179/540 5028/5276/519 5219/5537/522 5126/5394/541
f 749/776/558 1915/2023/566 5029/5277/4479 4905/5149/4476
f 4935/5181/1455 5032/5280/4480 5223/5543/4481 5128/5397/1456
f 2110/2240/1476 1406/1485/1449 4936/5182/1479 5033/5282/1490
f 2107/2236/1448 1165/1222/1451 4937/5183/4482 5031/5279/1478
f 2112/2242/1359 1408/1487/1477 4940/5186/1491 5035/5285/1360
f 5032/5280/4480 4938/5184/1452 5129/5399/1453 5223/5543/4481
f 2098/2227/1355 1155/1212/1358 4942/5188/1361 5037/5287/1380
f 4941/5187/1493 5036/5286/1480 5227/5552/1481 5134/5406/1494
f 2100/2229/1378 1396/1475/1356 4944/5190/1381 5039/5289/1400
f 4943/5189/1363 5038/5288/1492 5229/5555/1495 5136/5409/1364
f 2102/2231/1398 1398/1477/1379 4946/5192/1401 5041/5291/1420
f 4945/5191/1383 5040/5290/1362 5231/5558/1365 5138/5412/1384
f 2104/2233/1418 1400/1479/1399 4948/5194/1421 5043/5293/1440
f 4947/5193/1403 5042/5292/1382 5233/5561/1385 5140/5415/1404
f 2106/2235/1438 1402/1481/1419 4950/5196/1441 5045/5295/1468
f 4949/5195/1423 5044/5294/1402 5235/5564/1405 5142/5418/1424
f 2109/2238/1466 1404/1483/1439 4952/5198/1469 5047/5297/1483
f 4951/5197/1443 5046/5296/1422 5237/5567/1425 5144/5421/1444
f 2111/2241/1288 1407/1486/1467 4954/5200/1484 5049/5299/1289
f 4953/5199/1471 5048/5298/1442 5239/5570/1445 5146/5424/1472
f 2082/2210/1284 1153/1210/1287 4956/5202/1290 5051/5301/1370
f 4955/5201/1486 5050/5300/1470 5241/5573/1473 5148/5427/1487
f 2099/2228/1368 1394/1473/1285 4958/5204/1371 5053/5303/1390
f 4957/5203/1292 5052/5302/1485 5243/5576/1488 5150/5430/1293
f 2101/2230/1388 1397/1476/1369 4960/5206/1391 5055/5305/1410
f 4959/5205/1373 5054/5304/1291 5245/5579/1294 5152/5433/1374
f 2103/2232/1408 1399/1478/1389 4962/5208/1411 5057/5307/1430
f 4961/5207/1393 5056/5306/1372 5247/5582/1375 5154/5436/1394
f 2105/2234/1428 1401/1480/1409 4964/5210/1431 5059/5309/1460
f 4963/5209/1413 5058/5308/1392 5249/5585/1395 5156/5439/1414
f 2108/2237/1459 1403/1482/1429 4966/5212/1461 5061/5311/4483
f 4965/5211/1433 5060/5310/1412 5251/5588/1415 5158/5442/1434
f 1165/1222/1451 2108/2237/1459 5061/5311/4483 4937/5183/4482
f 4967/5213/1455 5064/5314/4480 5255/5594/4481 5160/5447/1456
f 2303/2455/1476 1790/1898/1449 4968/5216/1479 5065/5315/1490
f 2300/2452/1448 1549/1632/1451 4969/5217/4482 5063/5313/1478
f 2305/2457/1359 1792/1900/2119 4972/5220/1491 5067/5317/1360
f 5064/5314/4480 4970/5218/2118 5161/5450/1453 5255/5594/4481
f 2291/2443/1355 1539/1622/1358 4974/5222/1361 5069/5319/1380
f 4973/5221/2120 5068/5318/1480 5259/5600/1481 5166/5457/1494
f 2293/2445/1378 1780/1887/1356 4976/5224/1381 5071/5321/1400
f 4975/5223/2106 5070/5320/1492 5261/5603/1495 5168/5460/1364
f 2295/2447/2111 1782/1889/1379 4978/5226/1401 5073/5323/1420
f 4977/5225/1383 5072/5322/1362 5263/5606/1365 5170/5463/2108
f 2297/2449/1418 1784/1891/2112 4980/5228/2114 5075/5325/1440
f 4979/5227/1403 5074/5324/1382 5265/5609/1385 5172/5466/1404
f 2299/2451/1438 1786/1893/1419 4982/5230/1441 5077/5327/1468
f 4981/5229/1423 5076/5326/1402 5267/5612/1405 5174/5469/1424
f 2302/2454/1466 1788/1895/1439 4984/5232/1469 5079/5329/1483
f 4983/5231/1443 5078/5328/1422 5269/5615/1425 5176/5472/1444
f 2304/2456/1288 1791/1899/1467 4986/5234/1484 5081/5331/1289
f 4985/5233/1471 5080/5330/1442 5271/5618/1445 5178/5475/1472
f 2275/2427/1284 1537/1620/2104 4988/5236/1290 5083/5333/1370
f 4987/5235/1486 5082/5332/1470 5273/5621/1473 5180/5478/1487
f 2292/2444/1368 1778/1885/1285 4990/5238/1371 5085/5335/1390
f 4989/5237/1292 5084/5334/1485 5275/5624/1488 5182/5481/2105
f 2294/2446/1388 1781/1888/1369 4992/5240/1391 5087/5337/1410
f 4991/5239/2107 5086/5336/1291 5277/5627/1294 5184/5484/1374
f 2296/2448/1408 1783/1890/1389 4994/5242/1411 5089/5339/1430
f 4993/5241/2109 5088/5338/1372 5279/5630/1375 5186/5487/2110
f 2298/2450/1428 1785/1892/2113 4996/5244/2115 5091/5341/1460
f 4995/5243/1413 5090/5340/1392 5281/5633/1395 5188/5490/1414
f 2301/2453/1459 1787/1894/1429 4998/5246/1461 5093/5343/4483
f 4997/5245/1433 5092/5342/1412 5283/5636/1415 5190/5493/2116
f 1549/1632/1451 2301/2453/1459 5093/5343/4483 4969/5217/4482
f 3425/3630/2739 5095/5345/2747 5192/5497/2763 4381/4612/2740
f 4904/5148/586 4999/5247/585 5000/5248/4477 4903/5147/562
f 4999/5247/585 4905/5149/4476 4906/5150/559 5000/5248/4477
f 4908/5152/598 5001/5249/597 5002/5250/561 4907/5151/569
f 5001/5249/597 4904/5148/586 4903/5147/562 5002/5250/561
f 4910/5154/468 5003/5251/467 5004/5252/587 4909/5153/600
f 5003/5251/467 4908/5152/598 4907/5151/569 5004/5252/587
f 4912/5156/488 5005/5253/487 5006/5254/599 4911/5155/470
f 5005/5253/487 4910/5154/468 4909/5153/600 5006/5254/599
f 4914/5158/508 5007/5255/507 5008/5256/469 4913/5157/490
f 5007/5255/507 4912/5156/488 4911/5155/470 5008/5256/469
f 4916/5161/528 5009/5257/527 5010/5258/489 4915/5159/510
f 5009/5257/527 4914/5158/508 4913/5157/490 5010/5258/489
f 4918/5164/548 5011/5259/547 5012/5260/509 4917/5163/530
f 5011/5259/547 4916/5162/528 4915/5160/510 5012/5260/509
f 4920/5166/576 5013/5261/575 5014/5262/529 4919/5165/550
f 5013/5261/575 4918/5164/548 4917/5163/530 5014/5262/529
f 4922/5168/591 5015/5263/590 5016/5264/549 4921/5167/578
f 5015/5263/590 4920/5166/576 4919/5165/550 5016/5264/549
f 4924/5170/397 5017/5265/396 5018/5266/577 4923/5169/593
f 5017/5265/396 4922/5168/591 4921/5167/578 5018/5266/577
f 4926/5172/478 5019/5267/477 5020/5268/592 4925/5171/399
f 5019/5267/477 4924/5170/397 4923/5169/593 5020/5268/592
f 4928/5174/498 5021/5269/497 5022/5270/398 4927/5173/480
f 5021/5269/497 4926/5172/478 4925/5171/399 5022/5270/398
f 4930/5176/518 5023/5271/517 5024/5272/479 4929/5175/500
f 5023/5271/517 4928/5174/498 4927/5173/480 5024/5272/479
f 4932/5178/538 5025/5273/537 5026/5274/499 4931/5177/520
f 5025/5273/537 4930/5176/518 4929/5175/500 5026/5274/499
f 4934/5180/568 5027/5275/567 5028/5276/519 4933/5179/540
f 5027/5275/567 4932/5178/538 4931/5177/520 5028/5276/519
f 4905/5149/4476 5029/5277/4479 5030/5278/539 4906/5150/559
f 5029/5277/4479 4934/5180/568 4933/5179/540 5030/5278/539
f 4936/5182/1479 5031/5279/1478 5032/5280/4480 4935/5181/1455
f 5031/5279/1478 4937/5183/4482 4938/5184/1452 5032/5280/4480
f 4940/5186/1491 5033/5281/1490 5034/5283/1454 4939/5185/1462
f 5033/5282/1490 4936/5182/1479 4935/5181/1455 5034/5284/1454
f 4942/5188/1361 5035/5285/1360 5036/5286/1480 4941/5187/1493
f 5035/5285/1360 4940/5186/1491 4939/5185/1462 5036/5286/1480
f 4944/5190/1381 5037/5287/1380 5038/5288/1492 4943/5189/1363
f 5037/5287/1380 4942/5188/1361 4941/5187/1493 5038/5288/1492
f 4946/5192/1401 5039/5289/1400 5040/5290/1362 4945/5191/1383
f 5039/5289/1400 4944/5190/1381 4943/5189/1363 5040/5290/1362
f 4948/5194/1421 5041/5291/1420 5042/5292/1382 4947/5193/1403
f 5041/5291/1420 4946/5192/1401 4945/5191/1383 5042/5292/1382
f 4950/5196/1441 5043/5293/1440 5044/5294/1402 4949/5195/1423
f 5043/5293/1440 4948/5194/1421 4947/5193/1403 5044/5294/1402
f 4952/5198/1469 5045/5295/1468 5046/5296/1422 4951/5197/1443
f 5045/5295/1468 4950/5196/1441 4949/5195/1423 5046/5296/1422
f 4954/5200/1484 5047/5297/1483 5048/5298/1442 4953/5199/1471
f 5047/5297/1483 4952/5198/1469 4951/5197/1443 5048/5298/1442
f 4956/5202/1290 5049/5299/1289 5050/5300/1470 4955/5201/1486
f 5049/5299/1289 4954/5200/1484 4953/5199/1471 5050/5300/1470
f 4958/5204/1371 5051/5301/1370 5052/5302/1485 4957/5203/1292
f 5051/5301/1370 4956/5202/1290 4955/5201/1486 5052/5302/1485
f 4960/5206/1391 5053/5303/1390 5054/5304/1291 4959/5205/1373
f 5053/5303/1390 4958/5204/1371 4957/5203/1292 5054/5304/1291
f 4962/5208/1411 5055/5305/1410 5056/5306/1372 4961/5207/1393
f 5055/5305/1410 4960/5206/1391 4959/5205/1373 5056/5306/1372
f 4964/5210/1431 5057/5307/1430 5058/5308/1392 4963/5209/1413
f 5057/5307/1430 4962/5208/1411 4961/5207/1393 5058/5308/1392
f 4966/5212/1461 5059/5309/1460 5060/5310/1412 4965/5211/1433
f 5059/5309/1460 4964/5210/1431 4963/5209/1413 5060/5310/1412
f 4937/5183/4482 5061/5311/4483 5062/5312/1432 4938/5184/1452
f 5061/5311/4483 4966/5212/1461 4965/5211/1433 5062/5312/1432
f 4968/5215/1479 5063/5313/1478 5064/5314/4480 4967/5213/1455
f 5063/5313/1478 4969/5217/4482 4970/5218/2118 5064/5314/4480
f 4972/5220/1491 5065/5315/1490 5066/5316/1454 4971/5219/1462
f 5065/5315/1490 4968/5216/1479 4967/5214/1455 5066/5316/1454
f 4974/5222/1361 5067/5317/1360 5068/5318/1480 4973/5221/2120
f 5067/5317/1360 4972/5220/1491 4971/5219/1462 5068/5318/1480
f 4976/5224/1381 5069/5319/1380 5070/5320/1492 4975/5223/2106
f 5069/5319/1380 4974/5222/1361 4973/5221/2120 5070/5320/1492
f 4978/5226/1401 5071/5321/1400 5072/5322/1362 4977/5225/1383
f 5071/5321/1400 4976/5224/1381 4975/5223/2106 5072/5322/1362
f 4980/5228/2114 5073/5323/1420 5074/5324/1382 4979/5227/1403
f 5073/5323/1420 4978/5226/1401 4977/5225/1383 5074/5324/1382
f 4982/5230/1441 5075/5325/1440 5076/5326/1402 4981/5229/1423
f 5075/5325/1440 4980/5228/2114 4979/5227/1403 5076/5326/1402
f 4984/5232/1469 5077/5327/1468 5078/5328/1422 4983/5231/1443
f 5077/5327/1468 4982/5230/1441 4981/5229/1423 5078/5328/1422
f 4986/5234/1484 5079/5329/1483 5080/5330/1442 4985/5233/1471
f 5079/5329/1483 4984/5232/1469 4983/5231/1443 5080/5330/1442
f 4988/5236/1290 5081/5331/1289 5082/5332/1470 4987/5235/1486
f 5081/5331/1289 4986/5234/1484 4985/5233/1471 5082/5332/1470
f 4990/5238/1371 5083/5333/1370 5084/5334/1485 4989/5237/1292
f 5083/5333/1370 4988/5236/1290 4987/5235/1486 5084/5334/1485
f 4992/5240/1391 5085/5335/1390 5086/5336/1291 4991/5239/2107
f 5085/5335/1390 4990/5238/1371 4989/5237/1292 5086/5336/1291
f 4994/5242/1411 5087/5337/1410 5088/5338/1372 4993/5241/2109
f 5087/5337/1410 4992/5240/1391 4991/5239/2107 5088/5338/1372
f 4996/5244/2115 5089/5339/1430 5090/5340/1392 4995/5243/1413
f 5089/5339/1430 4994/5242/1411 4993/5241/2109 5090/5340/1392
f 4998/5246/1461 5091/5341/1460 5092/5342/1412 4997/5245/1433
f 5091/5341/1460 4996/5244/2115 4995/5243/1413 5092/5342/1412
f 4969/5217/4482 5093/5343/4483 5094/5344/1432 4970/5218/2118
f 5093/5343/4483 4998/5246/1461 4997/5245/1433 5094/5344/1432
f 5096/5346/563 5191/5495/4478 5192/5497/2763 5095/5345/2747
f 5191/5495/4478 5097/5349/560 5098/5350/2744 5192/5497/2763
f 5100/5353/570 5193/5499/564 5194/5500/2746 5099/5351/2754
f 5193/5499/564 5096/5346/563 5095/5345/2747 5194/5500/2746
f 5102/5356/601 5195/5502/588 5196/5503/2765 5101/5354/2769
f 5195/5502/588 5100/5353/570 5099/5351/2754 5196/5503/2765
f 5104/5359/471 5197/5505/602 5198/5506/2687 5103/5357/2686
f 5197/5505/602 5102/5356/601 5101/5354/2769 5198/5506/2687
f 5106/5362/491 5199/5508/472 5200/5509/2689 5105/5360/2699
f 5199/5508/472 5104/5359/471 5103/5357/2686 5200/5509/2689
f 5108/5367/511 5201/5511/492 5202/5512/2701 5107/5363/2711
f 5201/5511/492 5106/5362/491 5105/5360/2699 5202/5512/2701
f 5110/5371/531 5203/5514/512 5204/5515/2713 5109/5369/2723
f 5203/5514/512 5108/5368/511 5107/5364/2711 5204/5515/2713
f 5112/5374/551 5205/5517/532 5206/5518/2725 5111/5372/2735
f 5205/5517/532 5110/5371/531 5109/5369/2723 5206/5518/2725
f 5114/5377/579 5207/5520/552 5208/5521/2737 5113/5375/2758
f 5207/5520/552 5112/5374/551 5111/5372/2735 5208/5521/2737
f 5116/5380/594 5209/5523/580 5210/5524/2760 5115/5378/2767
f 5209/5523/580 5114/5377/579 5113/5375/2758 5210/5524/2760
f 5118/5383/400 5211/5526/595 5212/5527/2619 5117/5381/2618
f 5211/5526/595 5116/5380/594 5115/5378/2767 5212/5527/2619
f 5120/5386/481 5213/5529/401 5214/5530/2621 5119/5384/2693
f 5213/5529/401 5118/5383/400 5117/5381/2618 5214/5530/2621
f 5122/5389/501 5215/5532/482 5216/5533/2695 5121/5387/2705
f 5215/5532/482 5120/5386/481 5119/5384/2693 5216/5533/2695
f 5124/5392/521 5217/5535/502 5218/5536/2707 5123/5390/2717
f 5217/5535/502 5122/5389/501 5121/5387/2705 5218/5536/2707
f 5126/5395/541 5219/5538/522 5220/5539/2719 5125/5393/2729
f 5219/5538/522 5124/5392/521 5123/5390/2717 5220/5539/2719
f 5097/5349/560 5221/5541/542 5222/5542/2731 5098/5350/2744
f 5221/5541/542 5126/5395/541 5125/5393/2729 5222/5542/2731
f 5128/5398/1456 5223/5544/4481 5224/5545/2751 5127/5396/2750
f 5223/5544/4481 5129/5400/1453 5130/5401/3611 5224/5545/2751
f 5132/5404/1463 5225/5548/1457 5226/5550/3613 5131/5402/3616
f 5225/5549/1457 5128/5398/1456 5127/5396/2750 5226/5551/3613
f 5134/5407/1494 5227/5553/1481 5228/5554/3626 5133/5405/3630
f 5227/5553/1481 5132/5404/1463 5131/5402/3616 5228/5554/3626
f 5136/5410/1364 5229/5556/1495 5230/5557/3556 5135/5408/3555
f 5229/5556/1495 5134/5407/1494 5133/5405/3630 5230/5557/3556
f 5138/5413/1384 5231/5559/1365 5232/5560/3558 5137/5411/3568
f 5231/5559/1365 5136/5410/1364 5135/5408/3555 5232/5560/3558
f 5140/5416/1404 5233/5562/1385 5234/5563/3570 5139/5414/3580
f 5233/5562/1385 5138/5413/1384 5137/5411/3568 5234/5563/3570
f 5142/5419/1424 5235/5565/1405 5236/5566/3582 5141/5417/3592
f 5235/5565/1405 5140/5416/1404 5139/5414/3580 5236/5566/3582
f 5144/5422/1444 5237/5568/1425 5238/5569/3594 5143/5420/3604
f 5237/5568/1425 5142/5419/1424 5141/5417/3592 5238/5569/3594
f 5146/5425/1472 5239/5571/1445 5240/5572/3606 5145/5423/3620
f 5239/5571/1445 5144/5422/1444 5143/5420/3604 5240/5572/3606
f 5148/5428/1487 5241/5574/1473 5242/5575/3622 5147/5426/3628
f 5241/5574/1473 5146/5425/1472 5145/5423/3620 5242/5575/3622
f 5150/5431/1293 5243/5577/1488 5244/5578/3488 5149/5429/3487
f 5243/5577/1488 5148/5428/1487 5147/5426/3628 5244/5578/3488
f 5152/5434/1374 5245/5580/1294 5246/5581/3490 5151/5432/3562
f 5245/5580/1294 5150/5431/1293 5149/5429/3487 5246/5581/3490
f 5154/5437/1394 5247/5583/1375 5248/5584/3564 5153/5435/3574
f 5247/5583/1375 5152/5434/1374 5151/5432/3562 5248/5584/3564
f 5156/5440/1414 5249/5586/1395 5250/5587/3576 5155/5438/3586
f 5249/5586/1395 5154/5437/1394 5153/5435/3574 5250/5587/3576
f 5158/5443/1434 5251/5589/1415 5252/5590/3588 5157/5441/3598
f 5251/5589/1415 5156/5440/1414 5155/5438/3586 5252/5590/3588
f 5129/5400/1453 5253/5592/1435 5254/5593/3600 5130/5401/3611
f 5253/5592/1435 5158/5443/1434 5157/5441/3598 5254/5593/3600
f 5160/5448/1456 5255/5595/4481 5256/5596/2751 5159/5444/2750
f 5255/5595/4481 5161/5451/1453 5162/5452/3611 5256/5596/2751
f 5164/5455/1463 5257/5598/1457 5258/5599/3613 5163/5453/3616
f 5257/5598/1457 5160/5449/1456 5159/5445/2750 5258/5599/3613
f 5166/5458/1494 5259/5601/1481 5260/5602/3626 5165/5456/3630
f 5259/5601/1481 5164/5455/1463 5163/5453/3616 5260/5602/3626
f 5168/5461/1364 5261/5604/1495 5262/5605/3556 5167/5459/3555
f 5261/5604/1495 5166/5458/1494 5165/5456/3630 5262/5605/3556
f 5170/5464/2108 5263/5607/1365 5264/5608/3558 5169/5462/3568
f 5263/5607/1365 5168/5461/1364 5167/5459/3555 5264/5608/3558
f 5172/5467/1404 5265/5610/1385 5266/5611/3570 5171/5465/4319
f 5265/5610/1385 5170/5464/2108 5169/5462/3568 5266/5611/3570
f 5174/5470/1424 5267/5613/1405 5268/5614/3582 5173/5468/3592
f 5267/5613/1405 5172/5467/1404 5171/5465/4319 5268/5614/3582
f 5176/5473/1444 5269/5616/1425 5270/5617/3594 5175/5471/3604
f 5269/5616/1425 5174/5470/1424 5173/5468/3592 5270/5617/3594
f 5178/5476/1472 5271/5619/1445 5272/5620/3606 5177/5474/3620
f 5271/5619/1445 5176/5473/1444 5175/5471/3604 5272/5620/3606
f 5180/5479/1487 5273/5622/1473 5274/5623/3622 5179/5477/4342
f 5273/5622/1473 5178/5476/1472 5177/5474/3620 5274/5623/3622
f 5182/5482/2105 5275/5625/1488 5276/5626/3488 5181/5480/3487
f 5275/5625/1488 5180/5479/1487 5179/5477/4342 5276/5626/3488
f 5184/5485/1374 5277/5628/1294 5278/5629/3490 5183/5483/3562
f 5277/5628/1294 5182/5482/2105 5181/5480/3487 5278/5629/3490
f 5186/5488/2110 5279/5631/1375 5280/5632/3564 5185/5486/3574
f 5279/5631/1375 5184/5485/1374 5183/5483/3562 5280/5632/3564
f 5188/5491/1414 5281/5634/1395 5282/5635/3576 5187/5489/4323
f 5281/5634/1395 5186/5488/2110 5185/5486/3574 5282/5635/3576
f 5190/5494/2116 5283/5637/1415 5284/5638/3588 5189/5492/3598
f 5283/5637/1415 5188/5491/1414 5187/5489/4323 5284/5638/3588
f 5161/5451/1453 5285/5640/1435 5286/5641/3600 5162/5452/3611
f 5285/5640/1435 5190/5494/2116 5189/5492/3598 5286/5641/3600
f 4903/5147/562 5000/5248/4477 5191/5496/4478 5096/5347/563
f 268/280/1216 1116/1172/1097 1230/1290/1096 322/334/1217
