# 3ds Max Wavefront OBJ Exporter v0.97b - (c)2007 guruware
# File Created: 06.11.2020 23:44:09

#
# object Group18965
#

v  -1.630774 16.006235 -2.252255
v  1.021043 16.909811 -1.434399
v  -1.873528 16.431160 1.921502
v  2.887077 15.439235 1.638476
v  -0.835976 16.360126 -2.208274
v  -1.505266 15.563720 -3.393647
v  -2.259857 15.504642 -2.856297
v  -2.960615 15.507850 -2.140429
v  -1.718111 16.266298 -1.546972
v  -0.955883 16.688513 -1.403818
v  0.420422 16.957418 -1.302538
v  0.418444 17.038797 -0.673018
v  1.063706 16.976591 -0.831994
v  1.971338 16.640535 -1.523285
v  1.439059 16.597019 -2.003703
v  0.833683 16.555098 -2.306966
v  -1.832488 16.725523 1.121831
v  -3.304797 15.820302 1.785943
v  -2.635400 15.822593 2.488164
v  -1.891106 15.806556 3.081884
v  -0.905740 16.813522 1.722706
v  -0.888475 16.988607 0.838495
v  2.149866 15.813128 2.059563
v  3.401816 15.482249 3.467530
v  4.130298 15.519771 2.533182
v  4.729924 15.616233 1.533231
v  3.005422 15.820706 1.019760
v  2.070064 16.510164 1.167582
v  -9.017763 -16.463043 -2.549563
v  -7.974694 -16.482729 -4.775787
v  -6.461076 -16.496813 -6.686251
v  -4.521802 -16.468878 -8.203639
v  -2.222360 -16.412273 -9.145793
v  0.257951 -16.423573 -9.417329
v  2.691977 -16.439650 -9.027728
v  4.947501 -16.414326 -8.032470
v  6.886628 -16.462950 -6.481792
v  8.395086 -16.440063 -4.466033
v  9.240735 -16.456537 -2.066988
v  -8.211310 -16.308283 4.689321
v  -9.170650 -16.397211 2.457866
v  -9.432498 -16.443951 -0.067298
v  -9.632624 -16.477997 2.559532
v  -9.909324 -16.517149 -0.088830
v  -9.459138 -16.571301 -2.684275
v  -10.336842 -16.427906 -0.112754
v  -9.867860 -16.466938 -2.822057
v  -8.711184 -16.551149 -5.241459
v  -8.353286 -16.621973 -5.007370
v  -7.082366 -16.622086 -7.323975
v  -6.767462 -16.667635 -7.005111
v  -4.974649 -16.659986 -8.989763
v  -4.745345 -16.649715 -8.591297
v  -2.429307 -16.688299 -9.972485
v  -2.323379 -16.579588 -9.562428
v  0.285067 -16.675240 -10.262476
v  0.275800 -16.569124 -9.849204
v  2.946688 -16.647379 -9.864161
v  2.818312 -16.572943 -9.459418
v  5.389477 -16.626118 -8.775419
v  5.174306 -16.555296 -8.405802
v  7.503716 -16.656805 -7.091475
v  7.200813 -16.595655 -6.786432
v  9.140718 -16.666708 -4.879059
v  8.775716 -16.570236 -4.668598
v  10.044677 -16.643896 -2.236640
v  9.651470 -16.574509 -2.152957
v  10.222987 -16.596321 0.469423
v  9.806889 -16.524244 0.437592
v  9.375795 -16.402336 0.409592
v  9.301355 -16.462881 2.896811
v  8.913561 -16.322842 2.772644
v  8.323771 -16.554392 5.140205
v  7.964417 -16.387667 4.926069
v  6.821127 -16.618271 7.107038
v  6.522655 -16.464090 6.800636
v  4.850854 -16.633080 8.697640
v  4.631105 -16.489056 8.312243
v  2.353871 -16.536448 9.263647
v  -2.659162 -16.479906 9.185225
v  -4.842851 -16.366833 8.041528
v  -6.657540 -16.280313 6.497943
v  -5.096032 -16.512592 8.401432
v  -6.969538 -16.436508 6.791330
v  -8.605659 -16.438307 4.925972
v  -7.286707 -16.463295 7.094093
v  -9.014364 -16.379778 5.170550
v  -10.073709 -16.386223 2.662730
v  -9.248537 -16.085001 5.302798
v  -10.249290 -16.088619 2.690729
v  -10.493962 -16.114672 -0.124993
v  -9.914752 -15.794673 2.605082
v  -10.168283 -15.834796 -0.122254
v  -9.761677 -15.872502 -2.806651
v  -10.089025 -16.162968 -2.901176
v  -8.650189 -15.908487 -5.229143
v  -8.908175 -16.225220 -5.373649
v  -7.000740 -15.959469 -7.288803
v  -7.224444 -16.290789 -7.490750
v  -4.923617 -16.019850 -8.956773
v  -5.103603 -16.351250 -9.231805
v  -2.399700 -16.160477 -9.939500
v  -2.478345 -16.474422 -10.210797
v  0.281588 -16.127302 -10.357952
v  0.295815 -16.476006 -10.574290
v  2.987374 -16.099051 -10.024018
v  3.034127 -16.449409 -10.178532
v  5.474695 -16.088001 -8.920906
v  5.564703 -16.434950 -9.063665
v  7.611073 -16.096603 -7.195849
v  7.763523 -16.459967 -7.331554
v  9.217657 -16.113857 -4.927638
v  9.424059 -16.479012 -5.030836
v  10.146899 -16.087429 -2.280064
v  10.316611 -16.442141 -2.305423
v  10.330043 -16.076122 0.452080
v  10.549194 -16.427370 0.486680
v  9.787365 -16.049433 3.048453
v  9.968653 -16.388622 3.106583
v  9.669681 -16.550747 3.015320
v  8.953629 -16.412163 5.518086
v  8.683415 -16.633146 5.352201
v  7.328969 -16.401022 7.625399
v  7.116015 -16.642107 7.399840
v  5.255811 -16.393585 9.401574
v  5.067759 -16.610956 9.069658
v  2.651454 -16.388683 10.457495
v  2.570164 -16.626612 10.133718
v  2.469619 -16.650591 9.704659
v  -0.173793 -16.621023 10.467886
v  -0.156031 -16.632208 10.031105
v  -0.139464 -16.539972 9.574553
v  -2.820520 -16.610506 9.618882
v  -2.974894 -16.611183 10.060117
v  -5.361171 -16.542631 8.765532
v  -3.096590 -16.386038 10.408880
v  -5.538343 -16.294298 9.003716
v  -7.453609 -16.167393 7.260589
v  -5.380009 -15.928026 8.791375
v  -7.289821 -15.800867 7.093065
v  -8.957390 -15.746270 5.113662
v  -7.034537 -15.535795 6.832067
v  -8.611759 -15.492089 4.891023
v  -9.508220 -15.588566 2.496284
v  -8.251864 -15.245723 4.665426
v  -9.084609 -15.371202 2.386524
v  -9.303506 -15.468737 -0.101376
v  -9.753008 -15.655517 -0.111015
v  -8.923889 -15.480045 -2.567830
v  -9.354112 -15.691858 -2.690573
v  -7.914463 -15.437843 -4.814962
v  -8.302845 -15.679376 -5.029251
v  -6.416345 -15.421452 -6.753274
v  -6.712138 -15.709708 -7.021389
v  -4.514790 -15.454742 -8.306533
v  -4.719296 -15.748777 -8.633179
v  -2.190481 -15.640182 -9.189275
v  -2.292873 -15.921456 -9.565762
v  0.281123 -15.640305 -9.567429
v  0.279614 -15.874148 -9.995569
v  2.765853 -15.584276 -9.270597
v  2.890648 -15.815913 -9.693844
v  5.075195 -15.594154 -8.258257
v  5.297457 -15.821564 -8.625140
v  7.058750 -15.599492 -6.669077
v  7.357640 -15.827427 -6.954688
v  8.552878 -15.603189 -4.591402
v  8.923898 -15.827724 -4.781414
v  9.400364 -15.604604 -2.146628
v  9.818552 -15.821133 -2.224172
v  9.575700 -15.596562 0.387965
v  9.996206 -15.814528 0.424951
v  9.146263 -15.520605 2.834177
v  9.502756 -15.770974 2.953789
v  8.173323 -15.493081 5.072862
v  8.502028 -15.763961 5.264570
v  8.789939 -16.046230 5.429282
v  6.934819 -15.773420 7.260076
v  7.181392 -16.042866 7.489835
v  4.904063 -15.795117 8.858337
v  5.108046 -16.044809 9.178536
v  2.459378 -15.843793 9.798288
v  2.567577 -16.045603 10.195286
v  -0.183238 -15.835355 10.085078
v  -0.186343 -16.041626 10.492925
v  -0.183074 -16.386637 10.746795
v  -2.989173 -16.027447 10.105474
v  -2.867177 -15.772550 9.723171
v  -5.169728 -15.653328 8.491543
v  -2.720922 -15.549917 9.291734
v  -4.938665 -15.398118 8.144310
v  -6.755095 -15.278669 6.557040
v  -4.686105 -15.101386 7.777267
v  -6.444769 -14.995497 6.252460
v  -7.868958 -14.973252 4.421034
v  -6.109696 -14.647779 5.923158
v  -7.447332 -14.631741 4.192162
v  -8.154189 -14.756516 2.111807
v  -8.628079 -15.109306 2.266947
v  -8.303220 -14.815078 -0.089244
v  -8.813266 -15.200109 -0.093453
v  -7.991282 -14.753141 -2.281771
v  -8.454246 -15.165630 -2.440187
v  -7.118050 -14.683140 -4.360929
v  -7.523553 -15.090771 -4.592060
v  -5.811417 -14.673090 -6.178700
v  -6.124442 -15.073005 -6.474686
v  -4.072665 -14.696630 -7.598021
v  -4.302909 -15.106583 -7.967830
v  -1.962792 -14.867038 -8.388604
v  -2.077591 -15.310039 -8.785251
v  0.270972 -14.936081 -8.646031
v  0.269444 -15.344121 -9.101148
v  2.501465 -14.948985 -8.335539
v  2.633199 -15.310165 -8.804233
v  4.599089 -14.960361 -7.462769
v  4.843343 -15.313609 -7.870442
v  6.408115 -15.010569 -6.058630
v  6.737492 -15.337682 -6.377656
v  7.726141 -15.093091 -4.161847
v  8.155083 -15.370623 -4.380670
v  8.458593 -15.136189 -1.969938
v  8.949075 -15.381783 -2.060954
v  8.684061 -15.035653 0.303712
v  9.133458 -15.334348 0.345027
v  8.332789 -14.900432 2.566954
v  8.749392 -15.236618 2.705225
v  7.439140 -14.814939 4.646873
v  7.816742 -15.180851 4.865475
v  6.016444 -14.853729 6.378808
v  6.340919 -15.222212 6.689886
v  6.649949 -15.523558 6.992190
v  4.437769 -15.285865 8.105551
v  4.676175 -15.569666 8.490620
v  2.199366 -15.399149 8.919333
v  2.338934 -15.651898 9.365727
v  -0.181349 -15.418233 9.156035
v  -0.190690 -15.651376 9.635309
v  -2.564168 -15.291039 8.828168
v  -0.174330 -15.099118 8.666911
v  -2.401119 -14.964734 8.344958
v  -4.406221 -14.762293 7.375611
v  -2.226579 -14.482044 7.786382
v  -4.107568 -14.289165 6.897513
v  -5.725918 -14.169788 5.549421
v  -3.831632 -13.652164 6.420689
v  -5.353644 -13.522079 5.186553
v  -6.483044 -13.471071 3.625948
v  -6.961004 -14.122817 3.897124
v  -7.071679 -13.532317 1.818052
v  -7.589141 -14.219502 1.963272
v  -7.280807 -13.546833 -0.095754
v  -7.767004 -14.244905 -0.092793
v  -7.067823 -13.497932 -2.038400
v  -7.513907 -14.179790 -2.153775
v  -6.247811 -13.520154 -3.836702
v  -6.677047 -14.153212 -4.098949
v  -5.012169 -13.564900 -5.396589
v  -5.428814 -14.169467 -5.807034
v  -3.463701 -13.607645 -6.626804
v  -3.783818 -14.198426 -7.134702
v  -1.652336 -13.663796 -7.394099
v  -1.817841 -14.323881 -7.901685
v  0.279538 -13.720202 -7.642231
v  0.271089 -14.397480 -8.150004
v  2.218560 -13.805480 -7.364823
v  2.362861 -14.455439 -7.854349
v  4.039760 -13.895041 -6.582120
v  4.333851 -14.501653 -7.037503
v  5.576973 -13.984570 -5.311882
v  6.012829 -14.573717 -5.698100
v  6.703549 -14.095669 -3.635181
v  7.223167 -14.686451 -3.905128
v  7.391889 -14.136602 -1.732413
v  7.942393 -14.744644 -1.864115
v  7.675592 -14.039495 0.264073
v  8.208392 -14.627723 0.273579
v  7.408893 -13.911671 2.278518
v  7.893190 -14.474645 2.425021
v  6.564829 -13.864443 4.119094
v  7.024863 -14.386120 4.398789
v  5.260153 -13.863969 5.637283
v  5.657973 -14.417203 6.029585
v  3.640084 -13.869545 6.789028
v  3.915514 -14.480605 7.253310
v  4.184027 -14.941382 7.696694
v  1.926059 -14.583634 7.937621
v  2.067415 -15.070440 8.452061
v  -0.160665 -14.617971 8.103214
v  1.790275 -13.916725 7.414495
v  -0.152412 -13.944095 7.539661
v  -2.064066 -13.832848 7.225742
v  -0.134603 -13.222913 7.106860
v  -1.950912 -13.137331 6.811466
v  -3.637524 -13.009501 6.067313
v  -1.884160 -12.469409 6.577039
v  -3.525302 -12.376591 5.859850
v  -4.931394 -12.283174 4.777534
v  -5.083698 -12.899679 4.923233
v  -5.958119 -12.231689 3.351897
v  -6.136947 -12.843809 3.441230
v  -6.510427 -12.235168 1.665924
v  -6.710180 -12.871177 1.721767
v  -6.701194 -12.247254 -0.113940
v  -6.916631 -12.882222 -0.108685
v  -6.478250 -12.248348 -1.883194
v  -6.710455 -12.869852 -1.944425
v  -5.685170 -12.283217 -3.494723
v  -5.900031 -12.913126 -3.619238
v  -4.501765 -12.306225 -4.898013
v  -4.684942 -12.954410 -5.070415
v  -3.054167 -12.329582 -6.034026
v  -3.207582 -12.988463 -6.240948
v  -1.416213 -12.347295 -6.753897
v  -1.512146 -13.012255 -6.994862
v  0.308656 -12.370587 -6.992362
v  0.292720 -13.049083 -7.233634
v  2.026253 -12.435208 -6.731325
v  2.097652 -13.124649 -6.964380
v  3.614577 -12.520248 -5.959533
v  3.774711 -13.227492 -6.188251
v  4.969521 -12.595270 -4.774086
v  5.202431 -13.320334 -4.982417
v  5.988894 -12.675876 -3.269310
v  6.265718 -13.413430 -3.415273
v  6.618522 -12.710551 -1.533285
v  6.927769 -13.443358 -1.613114
v  6.891109 -12.680919 0.270284
v  7.224772 -13.367257 0.267863
v  6.657308 -12.640593 2.068657
v  6.975517 -13.293902 2.154221
v  5.879730 -12.636257 3.712379
v  6.155393 -13.281857 3.871179
v  4.717533 -12.603520 5.101189
v  4.928403 -13.257342 5.307329
v  3.278934 -12.562193 6.157409
v  3.416917 -13.230041 6.404314
v  1.625382 -12.537798 6.723637
v  1.692995 -13.229793 6.997191
v  -0.124186 -12.525911 6.850722
v  1.614914 -11.823406 6.709342
v  -0.128824 -11.829561 6.853887
v  -1.888789 -11.816030 6.575132
v  -0.154651 -11.210014 7.227891
v  -2.015931 -11.234075 6.940283
v  -3.769248 -11.213981 6.225361
v  -3.547878 -11.751993 5.874687
v  -5.280942 -11.162910 5.110712
v  -4.973609 -11.673291 4.819646
v  -6.385621 -11.134194 3.581271
v  -6.019055 -11.637543 3.391964
v  -6.990649 -11.114938 1.775201
v  -6.563645 -11.618221 1.676150
v  -7.174160 -11.097000 -0.128643
v  -6.757229 -11.613894 -0.117245
v  -6.893345 -11.086461 -2.026246
v  -6.516356 -11.614630 -1.904043
v  -6.066703 -11.089448 -3.776864
v  -5.721723 -11.629475 -3.538195
v  -4.816416 -11.086469 -5.272894
v  -4.537625 -11.646025 -4.956790
v  -3.256849 -11.082539 -6.460961
v  -3.064622 -11.655060 -6.093815
v  -1.500324 -11.079185 -7.213158
v  -1.408603 -11.656362 -6.803960
v  0.337516 -11.071095 -7.432641
v  0.323263 -11.670341 -7.024522
v  2.138062 -11.093781 -7.110802
v  2.035575 -11.723587 -6.748013
v  3.789270 -11.111284 -6.289265
v  3.610309 -11.785814 -5.976090
v  5.192546 -11.121454 -5.017957
v  4.957525 -11.832843 -4.766078
v  6.291373 -11.184259 -3.413886
v  5.982056 -11.903515 -3.259719
v  6.957768 -11.228365 -1.614632
v  6.613060 -11.939650 -1.533588
v  7.196241 -11.264612 0.274263
v  6.857388 -11.942986 0.268170
v  6.928748 -11.281314 2.161831
v  6.623252 -11.934880 2.063474
v  6.127028 -11.279374 3.886895
v  5.863770 -11.929377 3.712023
v  4.927274 -11.268704 5.352890
v  4.705710 -11.903425 5.097738
v  3.432914 -11.226326 6.476434
v  3.275680 -11.855684 6.148441
v  1.688023 -11.196360 7.094276
v  3.647463 -10.615242 6.912675
v  1.788468 -10.591972 7.592762
v  -0.183902 -10.590605 7.738948
v  1.909039 -9.885008 8.166952
v  -0.217575 -9.853549 8.356368
v  -2.374597 -9.877271 8.048325
v  -2.177881 -10.624526 7.434311
v  -4.356274 -9.927784 7.153159
v  -4.036614 -10.630753 6.645560
v  -6.036708 -9.963913 5.821174
v  -5.629098 -10.612042 5.437656
v  -7.310084 -9.965579 4.080300
v  -6.805439 -10.594913 3.806980
v  -8.037190 -9.890160 2.026983
v  -7.471313 -10.559433 1.890255
v  -8.251061 -9.852419 -0.157506
v  -7.663870 -10.541291 -0.140984
v  -7.871559 -9.860401 -2.337865
v  -7.341516 -10.529108 -2.170527
v  -6.944996 -9.800547 -4.356525
v  -6.465753 -10.509855 -4.040245
v  -5.529371 -9.776421 -6.078299
v  -5.142970 -10.484514 -5.642038
v  -3.750190 -9.772756 -7.440636
v  -3.480683 -10.485046 -6.903869
v  -1.718505 -9.779432 -8.279884
v  -1.601525 -10.489612 -7.693084
v  0.393065 -9.725010 -8.510151
v  0.356897 -10.472488 -7.903374
v  2.444951 -9.670730 -8.209341
v  2.270392 -10.460356 -7.573124
v  4.366843 -9.619199 -7.307413
v  4.048635 -10.435370 -6.734982
v  6.028824 -9.565226 -5.819564
v  5.558352 -10.404689 -5.366463
v  7.379912 -9.654331 -3.983850
v  6.771899 -10.477008 -3.664363
v  8.158375 -9.757106 -1.881960
v  7.496853 -10.545799 -1.738569
v  8.385952 -9.849673 0.319305
v  7.721568 -10.614139 0.290515
v  8.027197 -9.894225 2.503046
v  7.406006 -10.647519 2.312319
v  7.073678 -9.878805 4.494864
v  6.547111 -10.645675 4.158561
v  5.657694 -9.878284 6.162659
v  5.251482 -10.636763 5.715147
v  3.904559 -9.912758 7.424791
v  6.294860 -8.768361 6.877824
v  4.350193 -8.791604 8.289277
v  2.114787 -8.779023 9.071478
v  4.933162 -7.533901 9.443819
v  2.364066 -7.533637 10.333346
v  -0.343402 -7.649347 10.608285
v  -0.282656 -8.828964 9.278249
v  -3.076531 -7.746284 10.220558
v  -2.653639 -8.891094 8.925670
v  -5.605625 -7.820024 9.130330
v  -4.845830 -8.958411 7.970923
v  -7.741035 -7.844409 7.423079
v  -6.728457 -8.976423 6.480636
v  -9.359212 -7.882936 5.211599
v  -8.160991 -9.023256 4.537499
v  -10.201128 -7.769329 2.582350
v  -8.894498 -8.929111 2.235155
v  -10.403733 -7.665991 -0.197582
v  -9.103596 -8.861381 -0.174040
v  -9.933906 -7.601111 -2.955798
v  -8.719367 -8.811280 -2.598745
v  -8.754298 -7.584438 -5.496958
v  -7.661071 -8.787861 -4.835681
v  -6.948345 -7.571297 -7.716146
v  -6.112257 -8.772161 -6.746197
v  -4.671916 -7.549476 -9.487186
v  -4.161427 -8.748866 -8.272213
v  -2.096222 -7.537207 -10.656259
v  -1.917571 -8.717696 -9.274727
v  0.527919 -7.449301 -11.108198
v  0.417024 -8.642721 -9.620126
v  2.996766 -7.417373 -10.761161
v  2.677351 -8.588520 -9.319613
v  5.487722 -7.371848 -9.454514
v  4.841331 -8.516310 -8.239670
v  7.685254 -7.333915 -7.503575
v  6.741143 -8.481642 -6.530078
v  9.419669 -7.417109 -5.081899
v  8.239063 -8.575122 -4.441000
v  10.473934 -7.521313 -2.393161
v  9.153640 -8.681112 -2.085833
v  10.759069 -7.612155 0.410091
v  9.409275 -8.776889 0.361711
v  10.263124 -7.644054 3.151383
v  8.985687 -8.820119 2.786979
v  9.012853 -7.608171 5.676373
v  7.898269 -8.789721 5.007114
v  7.164948 -7.562982 7.833484
v  10.284821 -6.530903 6.420660
v  8.176195 -6.465118 8.883512
v  5.571816 -6.311625 10.689438
v  9.186897 -5.362197 9.892971
v  6.238094 -5.027790 11.845615
v  3.063535 -5.189204 13.237948
v  2.674834 -6.324848 11.765360
v  -0.390280 -5.458333 13.705970
v  -0.381005 -6.582452 12.169616
v  -3.937608 -5.507481 13.149062
v  -3.509698 -6.639830 11.675925
v  -7.177716 -5.471329 11.672442
v  -6.385071 -6.619137 10.383008
v  -9.890524 -5.446405 9.456996
v  -8.801999 -6.617759 8.429514
v  -11.966039 -5.487320 6.627570
v  -10.643238 -6.667586 5.920646
v  -13.185164 -5.486331 3.255868
v  -11.694534 -6.642010 2.934515
v  -13.441169 -5.366357 -0.336111
v  -11.916414 -6.524791 -0.243973
v  -12.658154 -5.108194 -3.791920
v  -11.306751 -6.363973 -3.347182
v  -11.020490 -5.135097 -6.988464
v  -9.952007 -6.415521 -6.271790
v  -8.846941 -5.373346 -9.905993
v  -7.876714 -6.458937 -8.820532
v  -5.933948 -5.353590 -12.226780
v  -5.262830 -6.438866 -10.864854
v  -2.584161 -5.279099 -13.716405
v  -2.315099 -6.391984 -12.178157
v  0.860554 -5.095681 -14.300433
v  0.715470 -6.218089 -12.745514
v  4.109338 -5.033840 -13.789198
v  3.502855 -6.232110 -12.254218
v  7.108927 -5.083632 -12.074324
v  6.259986 -6.270494 -10.786136
v  9.844183 -5.113162 -9.481370
v  8.783798 -6.314879 -8.575156
v  12.137225 -5.140429 -6.450776
v  10.783912 -6.335037 -5.795667
v  13.398945 -5.211037 -3.063880
v  11.940355 -6.396532 -2.735913
v  13.754703 -5.340077 0.463897
v  12.251537 -6.482794 0.453871
v  13.201894 -5.424816 3.942267
v  11.710790 -6.537024 3.558301
v  11.596065 -5.454264 7.161303
v  14.500373 -4.076442 4.250021
v  12.744159 -4.104224 7.713388
v  10.065701 -3.997260 10.673150
v  13.479403 -2.400048 8.036825
v  10.731127 -2.408477 11.113959
v  7.473017 -2.167344 13.708920
v  6.952478 -3.684114 12.914437
v  3.729039 -2.355972 15.353816
v  3.484214 -3.901648 14.501440
v  -0.436342 -2.408751 15.868745
v  -0.408682 -4.035439 14.940275
v  -4.583300 -2.423822 15.277345
v  -4.321717 -4.094138 14.374769
v  -8.312570 -2.423936 13.471488
v  -7.873150 -4.103340 12.766226
v  -11.472374 -2.432339 10.902114
v  -10.854961 -4.098588 10.337826
v  -13.840506 -2.397228 7.617953
v  -13.117031 -4.104802 7.237690
v  -15.220429 -2.320682 3.721948
v  -14.388669 -4.034666 3.532765
v  -15.556435 -2.264953 -0.458979
v  -14.714609 -3.961889 -0.432607
v  -14.681728 -2.133113 -4.521217
v  -13.887776 -3.760648 -4.299532
v  -12.721982 -2.140385 -8.157848
v  -12.045871 -3.787484 -7.683074
v  -10.103911 -2.325147 -11.416225
v  -9.630877 -3.999419 -10.805404
v  -6.875981 -2.297938 -14.050246
v  -6.521480 -4.020914 -13.387629
v  -2.993269 -2.249375 -15.739168
v  -2.830004 -3.933176 -15.003441
v  1.096928 -2.032129 -16.305098
v  0.989614 -3.693768 -15.517581
v  4.832510 -1.933979 -15.756911
v  4.530653 -3.587320 -15.011431
v  8.268939 -2.047822 -13.823787
v  7.787880 -3.635994 -13.121269
v  11.385732 -2.180349 -10.680288
v  10.736871 -3.744899 -10.189804
v  13.999624 -2.049139 -7.367511
v  13.270010 -3.701385 -6.975760
v  15.285899 -1.998185 -3.544922
v  14.565440 -3.728223 -3.345691
v  15.707893 -2.143511 0.494426
v  14.962412 -3.881945 0.464163
v  15.280033 -2.347427 4.464514
v  16.003788 -0.291051 0.513469
v  15.511456 -0.466725 4.611223
v  13.707886 -0.526845 8.254599
v  15.143583 1.374868 4.657565
v  13.364452 1.322300 8.271952
v  10.445288 1.183784 11.156447
v  10.882252 -0.623497 11.324245
v  7.295050 1.236107 13.658528
v  7.590531 -0.486769 13.962569
v  3.648142 1.228215 15.097257
v  3.754015 -0.562338 15.516357
v  -0.404122 1.293700 15.690604
v  -0.412793 -0.547247 16.083641
v  -4.497066 1.311816 15.136696
v  -4.631223 -0.539966 15.541670
v  -8.220471 1.251013 13.381066
v  -8.426085 -0.576217 13.690323
v  -11.377578 1.239137 10.846882
v  -11.643425 -0.586271 11.069920
v  -13.778446 1.323136 7.592593
v  -14.074478 -0.530703 7.741026
v  -15.144946 1.447757 3.718507
v  -15.484664 -0.437150 3.793773
v  -15.344643 1.527611 -0.424686
v  -15.692368 -0.361229 -0.437236
v  -14.450499 1.531233 -4.423626
v  -14.834783 -0.288550 -4.529531
v  -12.643400 1.381591 -7.951233
v  -12.926559 -0.373078 -8.253452
v  -10.090753 1.366580 -11.245174
v  -10.287732 -0.462368 -11.593705
v  -6.960525 1.430062 -13.945445
v  -7.042140 -0.423840 -14.227098
v  -3.029324 1.410117 -15.397813
v  -3.094221 -0.406215 -15.836669
v  1.034130 1.474553 -16.027161
v  1.091608 -0.246521 -16.475861
v  4.765385 1.490146 -15.553960
v  4.956679 -0.190686 -15.991800
v  8.078078 1.501580 -13.438999
v  8.376580 -0.274500 -13.752194
v  10.992180 1.652403 -10.367373
v  11.316719 -0.312104 -10.627537
v  13.740715 1.673764 -7.271698
v  14.045720 -0.186157 -7.453467
v  15.295646 1.669174 -3.494397
v  15.524764 -0.154730 -3.605182
v  15.702366 1.547520 0.588233
v  14.477199 3.283327 -3.180671
v  14.858097 3.187984 0.673411
v  14.238519 3.014666 4.498928
v  13.500510 4.452900 0.647857
v  12.949369 4.312948 4.086335
v  11.487715 4.275328 7.234607
v  12.556562 2.950482 7.915627
v  8.976265 4.261090 9.720689
v  9.748649 2.845251 10.613350
v  6.105821 4.185994 11.737208
v  6.735840 2.788886 12.797668
v  2.993335 4.285139 13.050571
v  3.366795 2.868665 14.252904
v  -0.424968 4.286836 13.471077
v  -0.419448 2.950851 14.799617
v  -3.872982 4.289312 12.911536
v  -4.243413 2.959172 14.231397
v  -7.003408 4.145147 11.412235
v  -7.728431 2.868244 12.588161
v  -9.670357 4.126389 9.253739
v  -10.681378 2.843911 10.197431
v  -11.652582 4.166993 6.457930
v  -12.913326 2.930747 7.138790
v  -12.957400 4.429061 3.235755
v  -14.278200 3.124220 3.528997
v  -13.244337 4.525237 -0.322609
v  -14.519073 3.223966 -0.391591
v  -12.506574 4.477753 -3.799028
v  -13.633316 3.160880 -4.177190
v  -10.813114 4.331593 -6.911834
v  -11.830126 2.971230 -7.510164
v  -8.587932 4.321727 -9.820316
v  -9.522609 3.009567 -10.629217
v  -5.816267 4.342757 -12.002353
v  -6.506405 3.034360 -13.131287
v  -2.517801 4.318826 -13.187388
v  -2.821198 3.056746 -14.531113
v  0.821654 4.350547 -13.727415
v  0.923007 3.047363 -15.105937
v  3.916264 4.262456 -13.423248
v  4.396123 2.987567 -14.675355
v  6.798895 4.400137 -11.607424
v  7.529631 3.196475 -12.843564
v  9.567642 4.546434 -9.000397
v  10.506409 3.394022 -9.913307
v  11.835524 4.467711 -6.043726
v  13.011145 3.277154 -6.756007
v  13.171749 4.538625 -2.796652
v  10.309755 5.219308 -5.239151
v  11.483471 5.288387 -2.393117
v  11.769698 5.203040 0.610774
v  9.975266 6.285525 -2.066520
v  10.209407 6.169476 0.568956
v  9.777423 6.069591 3.173190
v  11.297778 5.094460 3.601431
v  8.771563 6.106528 5.499680
v  10.101984 5.093566 6.295776
v  6.993863 6.127615 7.481071
v  7.952227 5.107053 8.540705
v  4.753053 6.114335 9.008562
v  5.378501 5.125385 10.342012
v  2.248035 6.164221 9.938964
v  2.547413 5.157194 11.425553
v  -0.365350 6.138237 10.153093
v  -0.437310 5.146260 11.761174
v  -2.949751 6.179842 9.789842
v  -3.396613 5.161245 11.273438
v  -5.347672 6.206323 8.738796
v  -6.149842 5.114095 10.016305
v  -7.371876 6.218719 7.089307
v  -8.486900 5.120622 8.136539
v  -8.916120 6.288760 4.976800
v  -10.224023 5.149865 5.685233
v  -9.776017 6.223536 2.465968
v  -11.303770 5.238575 2.840475
v  -10.026390 6.232200 -0.225572
v  -11.583806 5.279726 -0.242925
v  -9.544346 6.206259 -2.896405
v  -10.992965 5.240112 -3.303871
v  -8.339654 6.121056 -5.369495
v  -9.558908 5.169818 -6.138963
v  -6.592223 6.095927 -7.502945
v  -7.493104 5.119359 -8.668872
v  -4.404618 5.999084 -8.978148
v  -5.020727 5.112343 -10.466449
v  -1.900317 5.948458 -9.824551
v  -2.173163 5.080592 -11.463175
v  0.622210 5.997939 -10.218537
v  0.744868 5.139106 -11.957113
v  2.913086 6.041967 -9.913581
v  3.419367 5.132202 -11.687669
v  5.124860 6.105305 -8.656136
v  5.912266 5.159446 -10.094034
v  7.223989 6.116017 -6.780549
v  8.328461 5.188514 -7.869051
v  8.937824 6.221313 -4.548841
v  6.481865 7.251167 -5.995219
v  7.981909 7.413642 -4.038827
v  8.891054 7.528483 -1.820113
v  7.281698 8.174563 -3.631990
v  8.054827 8.283208 -1.597310
v  8.212025 8.299523 0.526963
v  9.066167 7.479120 0.522694
v  7.868084 8.289752 2.602164
v  8.694430 7.406325 2.851708
v  7.031907 8.300054 4.501922
v  7.795662 7.442508 4.953506
v  5.670766 8.305808 6.099049
v  6.278903 7.472644 6.735158
v  3.915453 8.269387 7.308651
v  4.284110 7.399276 8.033890
v  1.911123 8.216912 8.168727
v  2.061489 7.409810 8.891946
v  -0.249719 8.161576 8.394181
v  -0.291732 7.359955 9.102333
v  -2.374081 8.240331 8.006007
v  -2.609175 7.420682 8.764061
v  -4.371047 8.236277 7.187848
v  -4.767436 7.483894 7.820359
v  -5.975060 8.293206 5.756620
v  -6.567210 7.458341 6.339626
v  -7.247236 8.351984 4.028129
v  -7.942208 7.580138 4.422244
v  -7.907231 8.378441 1.945956
v  -8.687830 7.534667 2.157381
v  -8.108837 8.411623 -0.227945
v  -8.891097 7.560099 -0.229496
v  -7.646058 8.437622 -2.339772
v  -8.484827 7.533619 -2.601334
v  -6.654869 8.429973 -4.287337
v  -7.450536 7.461372 -4.796921
v  -5.311723 8.377309 -5.971272
v  -5.940187 7.465146 -6.680400
v  -3.581416 8.295402 -7.154639
v  -3.970926 7.324640 -7.978884
v  -1.596407 8.148711 -7.858937
v  -1.739072 7.198473 -8.670726
v  0.432706 8.104822 -8.102171
v  0.513193 7.239843 -8.959587
v  2.392174 8.069218 -7.766265
v  2.592085 7.239598 -8.654513
v  4.255628 8.032956 -6.856100
v  4.630802 7.218103 -7.617029
v  5.946521 8.012216 -5.435657
v  3.953643 8.568874 -6.251928
v  5.513558 8.580791 -4.968445
v  6.746777 8.630337 -3.319983
v  5.164279 9.045950 -4.581322
v  6.295466 9.050261 -3.065693
v  7.005861 9.056042 -1.306033
v  7.494082 8.666483 -1.444389
v  7.255812 9.093725 0.534714
v  7.705047 8.689689 0.528889
v  6.990512 9.132460 2.332865
v  7.380199 8.720633 2.454445
v  6.165593 9.159252 3.955624
v  6.527512 8.747823 4.190957
v  4.984277 9.149023 5.368820
v  5.300676 8.719429 5.706569
v  3.488482 9.102654 6.502404
v  3.694562 8.682783 6.884697
v  1.702941 9.071136 7.194338
v  1.799864 8.656872 7.650384
v  -0.185398 9.066703 7.373637
v  -0.217317 8.644194 7.834655
v  -2.068258 9.055580 7.060246
v  -2.222267 8.658758 7.507745
v  -3.797105 9.039544 6.279283
v  -4.071884 8.669147 6.712769
v  -5.270511 9.049642 5.077757
v  -5.619550 8.684221 5.408786
v  -6.383918 9.095147 3.515643
v  -6.800437 8.737874 3.761703
v  -7.021394 9.124488 1.705604
v  -7.448841 8.759376 1.824180
v  -7.170921 9.193117 -0.211510
v  -7.609458 8.825194 -0.219919
v  -6.743005 9.216080 -2.062898
v  -7.122302 8.860059 -2.177913
v  -5.864560 9.219969 -3.752763
v  -6.208158 8.837635 -3.992188
v  -4.614620 9.227454 -5.145651
v  -4.897482 8.836912 -5.481415
v  -3.106131 9.189514 -6.159610
v  -3.308199 8.776499 -6.580187
v  -1.409308 9.102270 -6.726915
v  -1.495143 8.644680 -7.244948
v  0.336807 9.028153 -6.814001
v  0.383580 8.581745 -7.407065
v  2.064291 8.997294 -6.482644
v  2.220305 8.568168 -7.082183
v  3.704353 9.011031 -5.730983
v  1.965921 9.546227 -6.100380
v  3.542906 9.557365 -5.391437
v  4.930831 9.582582 -4.321313
v  3.516320 10.199512 -5.321799
v  4.893382 10.207860 -4.258249
v  5.968980 10.189932 -2.843874
v  6.005425 9.578157 -2.890475
v  6.647724 10.172342 -1.193024
v  6.692711 9.573038 -1.210540
v  6.928375 10.186567 0.527980
v  6.962758 9.604765 0.536744
v  6.731664 10.216023 2.238149
v  6.743758 9.645169 2.251518
v  5.955759 10.298088 3.798780
v  5.950325 9.694727 3.807732
v  4.796316 10.305444 5.174386
v  4.796956 9.695000 5.170910
v  3.356631 10.215436 6.280232
v  3.359669 9.629081 6.276474
v  1.655697 10.167445 6.900801
v  1.650034 9.588088 6.914084
v  -0.153723 10.141487 7.036110
v  -0.161697 9.570745 7.072330
v  -1.931322 10.107156 6.704077
v  -1.948744 9.538367 6.751288
v  -3.548200 10.076257 5.910156
v  -3.594218 9.505236 5.972973
v  -4.936862 10.061074 4.755941
v  -5.006535 9.504595 4.823924
v  -6.007498 10.086872 3.284706
v  -6.079013 9.540243 3.333024
v  -6.650265 10.121497 1.589281
v  -6.710807 9.577258 1.615306
v  -6.820138 10.172591 -0.217484
v  -6.871823 9.645209 -0.207933
v  -6.451998 10.214513 -1.983354
v  -6.486499 9.678468 -1.988376
v  -5.623887 10.257036 -3.571086
v  -5.649238 9.704090 -3.597021
v  -4.413176 10.284587 -4.899942
v  -4.439713 9.722478 -4.935817
v  -2.944308 10.302647 -5.853885
v  -2.970544 9.708519 -5.893886
v  -1.332541 10.298253 -6.335334
v  -1.351142 9.660161 -6.394231
v  0.328121 10.253159 -6.378464
v  0.309215 9.597491 -6.440610
v  1.965579 10.193881 -6.034955
v  0.378767 10.882564 -6.581547
v  2.053777 10.822419 -6.249856
v  3.608527 10.827573 -5.468409
v  2.195174 11.446551 -6.607866
v  3.797569 11.424082 -5.747185
v  5.246668 11.467901 -4.531615
v  5.024769 10.826649 -4.350910
v  6.469114 11.436369 -3.072718
v  6.158124 10.800553 -2.917981
v  7.217054 11.385062 -1.351702
v  6.848352 10.747115 -1.248621
v  7.471119 11.430642 0.505760
v  7.110118 10.756639 0.515424
v  7.251891 11.472800 2.362234
v  6.917878 10.796018 2.279851
v  6.427045 11.550186 4.072257
v  6.133905 10.887054 3.900636
v  5.169427 11.566442 5.556232
v  4.933645 10.899504 5.321128
v  3.620906 11.482712 6.751793
v  3.452864 10.806166 6.458551
v  1.775035 11.422311 7.405470
v  1.703111 10.744933 7.093231
v  -0.175085 11.335709 7.504719
v  -0.160485 10.695057 7.209823
v  -2.077965 11.214914 7.132269
v  -1.986286 10.651124 6.876815
v  -3.812372 11.149663 6.309190
v  -3.648171 10.618171 6.063429
v  -5.281775 11.097925 5.070990
v  -5.064778 10.597216 4.874035
v  -6.398745 11.129711 3.498986
v  -6.155675 10.615163 3.364084
v  -7.072968 11.224912 1.681242
v  -6.798588 10.646297 1.615988
v  -7.264784 11.353510 -0.252749
v  -6.966441 10.702927 -0.235302
v  -6.878012 11.425165 -2.142869
v  -6.592249 10.754272 -2.036559
v  -5.981916 11.450383 -3.836120
v  -5.747992 10.804776 -3.654923
v  -4.689028 11.504382 -5.267037
v  -4.509254 10.854081 -5.018662
v  -3.123292 11.561473 -6.319907
v  -3.007250 10.897554 -6.014428
v  -1.376040 11.570236 -6.871128
v  -1.345967 10.916333 -6.519246
v  0.439108 11.523359 -6.955788
v  -1.404315 12.380188 -7.263423
v  0.511283 12.313322 -7.391098
v  2.366598 12.229483 -7.014200
v  0.583163 13.178057 -7.742800
v  2.527543 13.111774 -7.313249
v  4.235971 13.142181 -6.280608
v  4.032093 12.252130 -6.062140
v  5.742860 13.172887 -4.917417
v  5.518819 12.255013 -4.750351
v  7.152118 13.133864 -3.451195
v  6.852105 12.244540 -3.279659
v  7.951257 13.229899 -1.586563
v  7.663248 12.286910 -1.487211
v  8.250666 13.271931 0.472765
v  7.932824 12.345315 0.491202
v  7.949626 13.265390 2.552512
v  7.647900 12.353376 2.471239
v  7.002222 13.262549 4.406764
v  6.753408 12.398483 4.259696
v  5.630779 13.227121 6.006315
v  5.428242 12.389768 5.811403
v  3.918046 13.158515 7.234805
v  3.803377 12.299106 7.056443
v  1.903522 13.141429 7.908044
v  1.851299 12.260026 7.724677
v  -0.223400 13.118691 8.162792
v  -0.203621 12.194098 7.888717
v  -2.352414 13.056470 7.877340
v  -2.227504 12.065475 7.529233
v  -4.325220 12.965105 7.034322
v  -4.063200 11.942622 6.676675
v  -5.973321 12.908326 5.690949
v  -5.618996 11.855912 5.383125
v  -7.171113 12.969931 3.954416
v  -6.780580 11.903610 3.716085
v  -7.851746 13.094976 1.960899
v  -7.473319 12.054712 1.808097
v  -7.970215 13.224081 -0.225667
v  -7.675934 12.252528 -0.243070
v  -7.469139 13.278611 -2.426249
v  -7.239800 12.342543 -2.292316
v  -6.489052 13.272759 -4.371302
v  -6.274270 12.328052 -4.129941
v  -5.063046 13.254512 -5.881824
v  -4.893666 12.334164 -5.598390
v  -3.338108 13.266537 -6.943076
v  -3.244706 12.383118 -6.665302
v  -1.422809 13.247375 -7.565331
v  -3.435443 14.021367 -7.164382
v  -1.451625 13.992136 -7.836572
v  0.644700 13.908586 -7.997851
v  -1.481023 14.562509 -8.102274
v  0.701923 14.461810 -8.246727
v  2.813323 14.404178 -7.730967
v  2.666414 13.846476 -7.512033
v  4.590002 14.345281 -6.612911
v  4.399726 13.835291 -6.411775
v  6.101063 14.291921 -5.234365
v  5.902828 13.826159 -5.052394
v  7.527976 14.284856 -3.699156
v  7.316447 13.787355 -3.559184
v  8.362027 14.346101 -1.722095
v  8.139562 13.871848 -1.650808
v  8.677290 14.420962 0.450467
v  8.453962 13.910004 0.462239
v  8.448530 14.460528 2.662298
v  8.192961 13.938115 2.606388
v  7.435775 14.449800 4.664362
v  7.207994 13.928061 4.531329
v  5.953171 14.416152 6.357052
v  5.784559 13.892210 6.167916
v  4.132721 14.431865 7.619128
v  4.011554 13.885882 7.394401
v  2.029021 14.422172 8.321933
v  1.957145 13.871520 8.080412
v  -0.196974 14.393365 8.581288
v  -0.212713 13.853176 8.360702
v  -2.451013 14.394044 8.305296
v  -2.405508 13.810645 8.094443
v  -4.561056 14.340230 7.454244
v  -4.459412 13.743810 7.264759
v  -6.352473 14.290353 6.050109
v  -6.187930 13.720256 5.887611
v  -7.623110 14.322785 4.148303
v  -7.422154 13.764934 4.073186
v  -8.291183 14.413926 1.961138
v  -8.084093 13.845654 1.977201
v  -8.355086 14.457217 -0.336093
v  -8.158951 13.926633 -0.268132
v  -7.831851 14.456786 -2.579601
v  -7.636663 13.947455 -2.501832
v  -6.877624 14.482900 -4.590687
v  -6.672959 13.946041 -4.481925
v  -5.416623 14.531552 -6.248727
v  -5.225932 13.983973 -6.059959
v  -3.557036 14.589490 -7.417926
v  -5.570963 14.948316 -6.407730
v  -3.675287 14.995318 -7.658794
v  -1.515514 14.962245 -8.368247
v  -3.738092 15.380448 -7.789727
v  -1.522942 15.348355 -8.530214
v  0.797045 15.274659 -8.698194
v  0.755100 14.875722 -8.523232
v  3.029003 15.214204 -8.067984
v  2.949922 14.810519 -7.955276
v  4.843037 15.138986 -6.870998
v  4.757932 14.739182 -6.800053
v  6.345072 15.077031 -5.479015
v  6.293678 14.664489 -5.423690
v  7.856412 15.168836 -3.916046
v  7.785020 14.691388 -3.859625
v  8.638536 15.216533 -1.790297
v  8.587741 14.775449 -1.772020
v  8.846925 15.253076 0.426730
v  8.863176 14.843167 0.436691
v  8.638226 15.279870 2.683599
v  8.628883 14.896157 2.698859
v  7.716540 15.284568 4.832325
v  7.640529 14.875329 4.787355
v  6.159612 15.259215 6.583811
v  6.110761 14.839379 6.535161
v  4.311562 15.240232 7.914654
v  4.257506 14.837375 7.843863
v  2.167159 15.161042 8.771515
v  2.106081 14.801866 8.583202
v  -0.185263 15.169351 9.065421
v  -0.192395 14.790566 8.840377
v  -2.571320 15.226426 8.735780
v  -2.506091 14.818955 8.535540
v  -4.705590 15.210649 7.711171
v  -4.651796 14.788674 7.617074
v  -6.596799 15.196597 6.290039
v  -6.494326 14.765552 6.188167
v  -7.949923 15.212476 4.288858
v  -7.809281 14.787562 4.225534
v  -8.667092 15.279572 1.937881
v  -8.510016 14.854388 1.952589
v  -8.580320 15.276044 -0.446692
v  -8.515461 14.872594 -0.391759
v  -7.977599 15.261985 -2.651646
v  -7.980313 14.865680 -2.642350
v  -7.052438 15.302201 -4.687905
v  -7.041821 14.898610 -4.683624
v  -5.643573 15.348931 -6.479487
v  -6.860404 15.632785 -4.578761
v  -5.448557 15.646541 -6.284034
v  -3.608014 15.686847 -7.564164
v  -5.153703 15.794694 -5.991716
v  -3.399151 15.828383 -7.182526
v  -1.368322 15.800456 -7.834557
v  -1.456692 15.652186 -8.262042
v  0.750253 15.706857 -7.915009
v  0.784868 15.562507 -8.369909
v  2.790580 15.649243 -7.387298
v  2.940534 15.523246 -7.796391
v  4.490740 15.580441 -6.327886
v  4.730994 15.464835 -6.676625
v  5.868682 15.498940 -5.019402
v  6.174323 15.392663 -5.309550
v  7.121645 15.570119 -3.511025
v  7.550579 15.478599 -3.751630
v  7.855492 15.628722 -1.630681
v  8.310670 15.496612 -1.725748
v  8.081251 15.670316 0.403879
v  8.542555 15.540259 0.415497
v  7.862658 15.695523 2.470233
v  8.307759 15.557996 2.587886
v  7.017866 15.680570 4.384820
v  7.406796 15.553454 4.641532
v  5.626326 15.703498 5.967599
v  5.939690 15.566888 6.322680
v  3.970515 15.741717 7.209751
v  4.171884 15.572743 7.630385
v  2.025422 15.667396 8.059658
v  2.109248 15.466716 8.487853
v  -0.138399 15.674779 8.368433
v  -0.163997 15.468036 8.791494
v  -2.331513 15.726691 7.986983
v  -2.462979 15.523393 8.410093
v  -4.304841 15.718772 7.074327
v  -4.539941 15.535974 7.451092
v  -6.025494 15.699031 5.765898
v  -6.349192 15.516850 6.063977
v  -7.291878 15.716964 3.942065
v  -7.672650 15.530658 4.142954
v  -7.940722 15.776038 1.792484
v  -8.355286 15.582753 1.879220
v  -7.909431 15.762118 -0.412002
v  -8.287923 15.567304 -0.429986
v  -7.439936 15.802783 -2.501224
v  -7.776217 15.592237 -2.595873
v  -6.542420 15.833650 -4.391010
v  -5.531461 15.924178 -3.824348
v  -4.349252 15.901334 -5.182938
v  -2.854023 15.942409 -6.172017
v  -1.147551 15.944642 -6.737749
v  0.642401 15.882501 -6.811641
v  2.395977 15.798936 -6.351053
v  3.853431 15.607720 -5.434400
v  5.081159 15.531602 -4.297702
v  6.125945 15.621667 -2.939160
v  6.729158 15.766761 -1.341446
v  6.888067 15.805858 0.400211
v  6.644214 15.795646 2.141203
v  5.944273 15.765420 3.723890
v  4.808296 15.784301 5.048386
v  3.412237 15.842921 6.086972
v  1.764374 15.907273 6.783828
v  -0.073589 15.953872 7.035247
v  -1.928069 15.954486 6.769718
v  -3.632408 15.922929 6.018412
v  -5.095290 15.901795 4.905988
v  -6.192907 15.933881 3.390477
v  -6.754342 15.989810 1.557503
v  -6.744700 15.963792 -0.344619
v  -6.318932 15.946485 -2.171062
v  -4.604977 15.674644 -1.664194
v  -3.924646 15.619094 -2.887707
v  -3.072256 15.614049 -3.886454
v  -2.022610 15.685948 -4.628285
v  -0.814082 15.743955 -5.060924
v  0.478346 15.752425 -5.166366
v  1.752651 15.703149 -4.817078
v  2.870884 15.625434 -4.089241
v  3.835514 15.601073 -3.180215
v  4.591924 15.646510 -2.100765
v  5.042783 15.677684 -0.880254
v  5.024689 15.659186 0.362044
v  2.425078 15.570968 4.219131
v  1.285647 15.668996 4.771495
v  0.002069 15.771287 5.031069
v  -1.325691 15.790341 4.877883
v  -2.531574 15.722800 4.353761
v  -3.609109 15.760541 3.538802
v  -4.423143 15.804538 2.459442
v  -4.884787 15.812060 1.179928
v  -4.949879 15.772882 -0.244089
v  -3.718763 15.788777 0.881559
v  -3.798603 15.717942 -0.178546
v  -3.513388 15.613593 -1.207922
v  -2.316287 16.539837 -0.168210
v  -2.158278 16.351194 -0.907437
v  -1.282516 16.919085 -0.234801
v  -1.200191 16.789560 -0.816484
v  -0.577201 17.028357 -0.223048
v  -0.586370 16.960300 -0.785810
v  -0.483087 16.861933 -1.447700
v  -0.054378 17.038212 -0.742320
v  0.008649 16.931120 -1.425446
v  0.236249 16.475904 -2.420909
v  -0.332507 16.425482 -2.359649
v  -0.649958 15.601123 -3.738171
v  0.254379 15.622884 -3.817569
v  1.171909 15.661948 -3.601166
v  2.030228 15.702903 -3.081216
v  2.771447 15.742326 -2.380458
v  2.271892 16.632471 -0.892374
v  3.310299 15.779960 -1.503811
v  2.327735 16.652599 -0.162070
v  3.504668 15.790303 -0.576330
v  2.230608 16.656681 0.503198
v  3.406027 15.777511 0.290173
v  1.439413 16.947805 0.113667
v  1.403936 16.867826 0.756719
v  1.437546 16.587191 1.546970
v  1.597193 15.710643 2.846893
v  0.790390 16.948946 0.936823
v  0.822794 16.682182 1.876217
v  0.785079 15.779794 3.323602
v  0.230332 16.774450 2.029028
v  -0.126782 15.838498 3.566435
v  -0.370951 16.802830 1.960823
v  -1.040517 15.847709 3.464040
v  0.205000 17.018698 0.989558
v  -0.365398 17.025810 0.948628
v  0.112868 17.068766 0.336820
v  -0.494598 17.059303 0.329421
v  -1.158581 16.985380 0.338248
v  -2.197606 16.685623 0.530925
v  0.023674 17.060272 -0.219841
v  0.716055 17.031666 0.284812
v  0.611584 17.048800 -0.250606
v  1.282334 16.973972 -0.383946
v  3.300241 3.994078 -13.758770
v  3.138774 3.826504 -13.972067
v  3.122548 3.685360 -14.097289
v  3.189842 3.557865 -14.217018
v  3.455879 3.463628 -14.237528
v  3.538309 3.595175 -14.098519
v  3.307060 3.479123 -14.220158
v  3.462603 3.856328 -13.864984
v  3.540786 3.974667 -14.674342
v  3.361477 4.097202 -14.638169
v  3.149028 4.097630 -14.631721
v  3.236914 3.930256 -13.845665
v  3.528986 3.729435 -13.986976
v  3.641385 3.779611 -14.684275
v  3.636987 3.556609 -14.667468
v  3.695452 3.556073 -15.630944
v  3.673518 3.851473 -15.648381
v  3.514794 3.385084 -14.671171
v  3.562541 3.304386 -15.599595
v  3.566908 3.168165 -16.719940
v  3.697715 3.489588 -16.791372
v  3.291039 3.416032 -14.674523
v  3.274308 3.350679 -15.614911
v  3.221825 3.231591 -16.727840
v  3.158192 2.992311 -17.500698
v  3.550639 2.912049 -17.484455
v  3.043143 3.536688 -15.623045
v  2.974463 3.491890 -16.775677
v  2.853287 3.270490 -17.639360
v  2.631912 2.274684 -19.130123
v  3.006921 2.053502 -18.907658
v  2.811943 3.827812 -16.794802
v  2.642872 3.638449 -17.801119
v  2.348749 2.539512 -19.446341
v  2.147077 1.373553 -19.931711
v  2.465484 1.294102 -19.535116
v  2.519677 4.027781 -17.957117
v  2.165906 2.848069 -19.802504
v  1.928924 1.455596 -20.371925
v  1.627659 -0.832512 -20.387896
v  1.864223 -0.696312 -19.920763
v  2.298602 3.059336 -20.156069
v  2.077210 1.493995 -20.767384
v  1.819178 -1.002147 -20.752831
v  1.708193 -2.371952 -19.893450
v  1.494447 -2.069833 -19.594080
v  2.552444 1.417013 -20.670368
v  2.335388 -1.021044 -20.681509
v  2.225309 -2.371829 -19.863842
v  2.065276 -3.979164 -18.161140
v  1.559949 -3.888653 -18.105162
v  2.833740 -0.964367 -20.506756
v  2.733467 -2.285691 -19.736523
v  2.597998 -3.884406 -18.117664
v  2.547196 -4.431289 -16.423964
v  2.004173 -4.488327 -16.400393
v  3.151405 -2.098080 -19.475119
v  3.038070 -3.615048 -17.933258
v  2.989999 -4.073208 -16.423235
v  3.025898 -3.955963 -14.605338
v  2.587960 -4.259390 -14.543749
v  3.199175 -3.143784 -17.645838
v  3.131790 -3.511912 -16.348927
v  3.131037 -3.421456 -15.342845
v  2.907876 -2.950152 -16.283958
v  2.889320 -2.881502 -15.393003
v  2.375073 -2.578586 -15.423374
v  2.052386 -4.289799 -14.495358
v  1.581864 -4.008291 -14.488862
v  1.505840 -4.289879 -16.368399
v  1.313949 -3.545877 -15.254292
v  1.289523 -3.752673 -16.369553
v  1.330324 -3.441375 -17.908218
v  1.369550 -3.171493 -16.375799
v  1.474508 -2.914645 -17.702288
v  1.716310 -1.733701 -19.252398
v  1.897747 -2.547119 -17.538994
v  2.012120 -2.031281 -18.385057
v  2.237690 -0.589558 -19.522385
v  2.542848 -1.909824 -18.143549
v  2.704305 -0.556350 -19.220095
v  2.905011 1.176948 -19.227444
v  3.247380 -0.614260 -19.225723
v  3.342752 0.332386 -19.297367
v  3.485935 1.994069 -18.866280
v  3.524194 0.389842 -19.764654
v  3.650188 2.249114 -19.233538
v  3.676620 3.255757 -17.666122
v  3.487071 2.510651 -19.618910
v  3.544957 3.307722 -18.601137
v  3.613629 3.844801 -16.844004
v  3.281231 3.662363 -18.776514
v  3.462499 4.175215 -16.862146
v  3.555439 4.114548 -15.640683
v  3.199321 4.418882 -16.814789
v  3.323795 4.283702 -15.593036
v  2.864880 4.470996 -16.759552
v  3.036891 4.314390 -15.557888
v  2.734877 4.177687 -16.760204
v  2.877469 4.079335 -15.579469
v  2.998230 3.935693 -14.640391
v  2.896057 3.788199 -15.610280
v  3.002872 3.721817 -14.651453
v  3.110749 3.530816 -14.667169
v  2.614777 4.362187 -18.110378
v  2.914867 3.932110 -18.841370
v  2.760220 2.918953 -20.069326
v  3.193400 2.746063 -19.925869
v  3.001964 1.338590 -20.468094
v  3.296586 0.479850 -20.222334
v  3.224609 -0.881906 -20.163887
v  3.434154 -0.765544 -19.686327
v  3.347655 -1.800903 -19.087473
v  3.085152 -2.066187 -18.181978
v  2.997366 -2.640586 -17.411535
v  2.455514 -2.392693 -17.388931
v  2.386527 -2.633942 -16.296288
v  1.792887 -2.758653 -16.340996
v  1.799398 -2.635825 -15.416823
v  1.397796 -3.019976 -15.359573
v  -2.855958 3.566837 13.792760
v  -3.256025 3.285484 14.029826
v  -2.770620 3.681419 14.214563
v  -2.757539 3.424182 14.230219
v  -2.917463 3.378679 13.996025
v  -2.969068 3.592545 13.774751
v  -2.974630 3.829199 14.190667
v  -3.101856 3.527800 13.678535
v  -3.212444 3.443645 13.802289
v  -3.075102 3.219917 14.114220
v  -3.146460 3.112275 14.267694
v  -3.338393 3.278337 14.253281
v  -3.344031 3.535072 14.235153
v  -1.040454 -3.513865 15.035528
v  -1.147013 -4.182562 14.955752
v  -1.449657 -2.948116 15.100005
v  -1.462153 -3.030850 16.040850
v  -1.041211 -3.605704 16.086008
v  -2.201487 -2.885740 15.092359
v  -2.238988 -2.936472 15.972271
v  -2.327218 -2.715958 17.106188
v  -1.546863 -2.816833 17.255688
v  -2.786391 -3.360267 15.033156
v  -2.836957 -3.430286 16.007622
v  -2.926725 -3.180644 17.253052
v  -2.995660 -2.605717 18.147131
v  -2.418585 -2.259109 17.880213
v  -2.801679 -4.164677 16.086584
v  -2.838321 -3.850300 17.561241
v  -2.880459 -3.036502 18.687717
v  -2.939438 -1.197379 19.818893
v  -3.156459 -1.048186 19.219599
v  -2.348410 -4.247208 17.768988
v  -2.402157 -3.303555 19.021746
v  -2.485270 -1.285732 20.262144
v  -2.705699 0.236270 20.404240
v  -3.096927 0.159665 19.958374
v  -1.783296 -3.388346 19.113173
v  -1.918645 -1.285704 20.448433
v  -2.172045 0.342937 20.572145
v  -2.433347 2.718318 19.974461
v  -2.963763 2.572988 19.820482
v  -1.375762 -1.178524 20.315477
v  -1.632421 0.419093 20.392193
v  -1.911772 2.666577 19.782764
v  -2.223860 3.741423 18.541845
v  -2.673613 3.899234 18.719563
v  -1.783779 0.310648 19.836618
v  -2.065203 2.371154 19.298563
v  -2.314811 3.240987 18.346920
v  -2.589178 3.685348 16.610958
v  -2.547728 4.147027 16.602955
v  -2.467817 2.057237 18.878149
v  -2.666366 2.762229 18.161621
v  -2.876260 3.287598 16.573935
v  -2.883159 3.263974 15.342142
v  -2.654691 3.565090 15.325448
v  -3.142552 2.375817 17.982056
v  -3.238568 2.995999 16.520506
v  -3.194294 3.059766 15.324309
v  -2.902579 3.212421 14.273281
v  -3.543959 3.254752 16.566742
v  -3.431065 3.269614 15.317253
v  -3.474045 3.720844 16.650490
v  -3.371650 3.635355 15.322576
v  -3.254793 4.146265 16.662451
v  -3.224933 3.967196 15.280853
v  -3.212315 3.751352 14.208762
v  -2.944405 4.132567 15.231573
v  -2.911097 4.394937 16.624655
v  -2.653856 3.929021 15.265564
v  -3.116106 3.623762 18.662157
v  -3.481756 3.529474 17.752253
v  -3.315558 2.286641 19.428123
v  -3.522945 2.649108 18.168917
v  -3.422405 1.920940 18.915997
v  -3.255087 0.080943 19.342430
v  -3.012239 1.763245 18.572334
v  -2.881811 0.867033 18.878412
v  -2.639540 -0.894127 18.905733
v  -2.198724 0.196206 19.357521
v  -2.033914 -0.922475 19.279346
v  -1.684116 -2.349279 18.144848
v  -1.568126 -1.017454 19.787344
v  -1.344514 -2.173268 19.099022
v  -1.085899 -3.394785 17.456461
v  -1.204133 -3.193657 18.963312
v  -1.137192 -4.028867 17.672358
v  -1.177659 -4.285859 16.100975
v  -1.707537 -4.326760 17.801731
v  -1.707710 -4.687260 16.112783
v  -1.691357 -4.565186 14.909125
v  -2.336559 -4.615061 16.124184
v  -2.343064 -4.490180 14.121732
v  -2.835477 -4.050336 14.176553
v  -2.974858 3.285133 14.017776
v  0.036255 -16.432489 0.083775
v  3.088954 2.616571 -18.207438
v  3.524213 2.528423 -18.192211
v  2.750553 2.913298 -18.346634
v  2.519224 3.307048 -18.510653
v  2.030658 0.597121 -20.047377
v  2.358124 0.516669 -19.644661
v  2.385760 3.728936 -18.675022
v  1.815048 0.676963 -20.495861
v  1.984604 0.710542 -20.883818
v  1.655154 -2.961396 -19.349401
v  1.428571 -2.646887 -19.040319
v  2.467811 0.633804 -20.793526
v  2.169359 -2.983870 -19.340794
v  2.683163 -2.908176 -19.224844
v  3.108852 -2.720806 -18.965279
v  1.617817 -2.291626 -18.689310
v  2.108599 -1.478358 -18.951290
v  2.619238 -1.348547 -18.707563
v  2.813904 0.391233 -19.322929
v  3.414796 1.120743 -19.187378
v  3.580622 1.177522 -19.645706
v  3.662421 2.901042 -18.385241
v  3.577315 3.639224 -17.878710
v  3.345129 3.981885 -18.055605
v  2.493285 4.081616 -18.832621
v  3.011793 4.244491 -18.126125
v  2.925759 0.552542 -20.591227
v  3.357715 1.267913 -20.094406
v  3.287543 -2.408641 -18.564865
v  3.158585 -1.472549 -18.716316
v  -3.058054 -2.027447 18.685402
v  -2.514233 -1.702206 18.434656
v  -2.903499 -2.431552 19.201818
v  -2.430326 -2.694492 19.535496
v  -2.804070 1.026658 20.317368
v  -3.182333 0.950099 19.871683
v  -1.824881 -2.791086 19.638741
v  -2.273785 1.133673 20.479214
v  -1.741965 1.207060 20.280394
v  -2.361190 4.039552 17.835407
v  -2.770701 4.225730 18.020714
v  -1.899431 1.098934 19.723122
v  -2.447481 3.560315 17.648325
v  -2.785746 3.118550 17.475718
v  -3.215836 2.776588 17.307859
v  -3.179305 3.956435 17.956829
v  -3.444837 3.183747 18.454411
v  -3.556653 3.030615 17.480362
v  -3.326051 0.872995 19.259577
v  -2.771332 0.079612 18.978949
v  -2.313218 0.982415 19.252466
v  -1.820238 -1.821057 18.716274
v  -1.231186 -2.731206 18.545679
v  -1.252405 -2.616400 19.506285
# 1470 vertices

vt 0.122002 0.528149 0.000000
vt 0.120775 0.518829 0.000000
vt 0.134661 0.527708 0.000000
vt 0.129595 0.535295 0.000000
vt 0.123111 0.543011 0.000000
vt 0.113636 0.528876 0.000000
vt 0.110821 0.518958 0.000000
vt 0.111743 0.502227 0.000000
vt 0.104149 0.499889 0.000000
vt 0.109104 0.493051 0.000000
vt 0.115511 0.496189 0.000000
vt 0.121167 0.486993 0.000000
vt 0.123666 0.494139 0.000000
vt 0.124631 0.501175 0.000000
vt 0.068354 0.542416 0.000000
vt 0.078630 0.535661 0.000000
vt 0.079125 0.561095 0.000000
vt 0.066305 0.558687 0.000000
vt 0.052449 0.554871 0.000000
vt 0.064289 0.526130 0.000000
vt 0.078017 0.519861 0.000000
vt 0.101601 0.450732 0.000000
vt 0.090767 0.453805 0.000000
vt 0.094683 0.430815 0.000000
vt 0.107160 0.435346 0.000000
vt 0.118251 0.440582 0.000000
vt 0.107029 0.457256 0.000000
vt 0.096592 0.467151 0.000000
vt 0.958602 0.588890 0.000000
vt 0.963231 0.615701 0.000000
vt 0.958313 0.616405 0.000000
vt 0.953600 0.589608 0.000000
vt 0.949946 0.562645 0.000000
vt 0.954919 0.561919 0.000000
vt 0.949210 0.590228 0.000000
vt 0.945494 0.563230 0.000000
vt 0.941765 0.536616 0.000000
vt 0.946199 0.536135 0.000000
vt 0.951051 0.535519 0.000000
vt 0.938737 0.510100 0.000000
vt 0.943366 0.509706 0.000000
vt 0.948385 0.509363 0.000000
vt 0.936974 0.483197 0.000000
vt 0.941692 0.482876 0.000000
vt 0.946835 0.482498 0.000000
vt 0.935201 0.455805 0.000000
vt 0.939718 0.455609 0.000000
vt 0.944598 0.455444 0.000000
vt 0.935347 0.428025 0.000000
vt 0.939716 0.428095 0.000000
vt 0.944605 0.428257 0.000000
vt 0.936032 0.400415 0.000000
vt 0.940560 0.400673 0.000000
vt 0.945687 0.400856 0.000000
vt 0.937209 0.372712 0.000000
vt 0.941782 0.372935 0.000000
vt 0.946754 0.373253 0.000000
vt 0.939584 0.344865 0.000000
vt 0.944121 0.345185 0.000000
vt 0.949095 0.345594 0.000000
vt 0.942123 0.316699 0.000000
vt 0.946617 0.316907 0.000000
vt 0.951569 0.317282 0.000000
vt 0.944342 0.287902 0.000000
vt 0.948618 0.288240 0.000000
vt 0.953359 0.288619 0.000000
vt 0.947254 0.260188 0.000000
vt 0.951591 0.260666 0.000000
vt 0.956402 0.261131 0.000000
vt 0.954442 0.234028 0.000000
vt 0.959030 0.234713 0.000000
vt 0.959154 0.208605 0.000000
vt 0.963808 0.209553 0.000000
vt 0.964071 0.183431 0.000000
vt 0.968687 0.184550 0.000000
vt 0.969973 0.158395 0.000000
vt 0.974600 0.159495 0.000000
vt 0.977721 0.691772 0.000000
vt 0.972952 0.692836 0.000000
vt 0.967773 0.667514 0.000000
vt 0.972544 0.666744 0.000000
vt 0.963284 0.642165 0.000000
vt 0.968179 0.641371 0.000000
vt 0.963250 0.668264 0.000000
vt 0.958641 0.642903 0.000000
vt 0.953792 0.617152 0.000000
vt 0.954873 0.643403 0.000000
vt 0.950337 0.617634 0.000000
vt 0.945684 0.590747 0.000000
vt 0.945920 0.618328 0.000000
vt 0.941474 0.591409 0.000000
vt 0.937083 0.564442 0.000000
vt 0.941614 0.563754 0.000000
vt 0.933265 0.537641 0.000000
vt 0.937713 0.537139 0.000000
vt 0.930091 0.510704 0.000000
vt 0.934633 0.510346 0.000000
vt 0.927973 0.483587 0.000000
vt 0.932768 0.483420 0.000000
vt 0.927592 0.455893 0.000000
vt 0.931906 0.455826 0.000000
vt 0.927280 0.428037 0.000000
vt 0.931537 0.427911 0.000000
vt 0.927950 0.400191 0.000000
vt 0.931967 0.400300 0.000000
vt 0.929191 0.372268 0.000000
vt 0.933256 0.372461 0.000000
vt 0.931086 0.344183 0.000000
vt 0.935406 0.344439 0.000000
vt 0.933685 0.315981 0.000000
vt 0.938203 0.316395 0.000000
vt 0.936662 0.287359 0.000000
vt 0.940695 0.287685 0.000000
vt 0.939209 0.259516 0.000000
vt 0.943527 0.259822 0.000000
vt 0.942652 0.232321 0.000000
vt 0.946684 0.232912 0.000000
vt 0.950309 0.233399 0.000000
vt 0.951117 0.207003 0.000000
vt 0.954932 0.207776 0.000000
vt 0.956123 0.181522 0.000000
vt 0.959961 0.182510 0.000000
vt 0.961874 0.156445 0.000000
vt 0.965889 0.157456 0.000000
vt 0.967148 0.131643 0.000000
vt 0.971050 0.132435 0.000000
vt 0.975152 0.133334 0.000000
vt 0.979775 0.134203 0.000000
vt 0.975436 0.106880 0.000000
vt 0.979551 0.107792 0.000000
vt 0.984085 0.108777 0.000000
vt 0.985529 0.081504 0.000000
vt 0.990000 0.083479 0.000000
vt 0.981119 0.079651 0.000000
vt 0.968454 0.693722 0.000000
vt 0.970299 0.723044 0.000000
vt 0.964633 0.694377 0.000000
vt 0.959327 0.668894 0.000000
vt 0.960144 0.695123 0.000000
vt 0.954882 0.669563 0.000000
vt 0.950193 0.644094 0.000000
vt 0.950216 0.670253 0.000000
vt 0.945437 0.644752 0.000000
vt 0.941261 0.619009 0.000000
vt 0.940386 0.645473 0.000000
vt 0.936202 0.619805 0.000000
vt 0.931832 0.593015 0.000000
vt 0.936930 0.592176 0.000000
vt 0.927109 0.565922 0.000000
vt 0.932384 0.565133 0.000000
vt 0.922953 0.538762 0.000000
vt 0.928452 0.538203 0.000000
vt 0.919785 0.511439 0.000000
vt 0.925181 0.511080 0.000000
vt 0.918023 0.484004 0.000000
vt 0.923174 0.483782 0.000000
vt 0.917522 0.456077 0.000000
vt 0.922810 0.455956 0.000000
vt 0.917364 0.428016 0.000000
vt 0.922671 0.428046 0.000000
vt 0.917808 0.399961 0.000000
vt 0.923259 0.400067 0.000000
vt 0.919274 0.371695 0.000000
vt 0.924590 0.371989 0.000000
vt 0.921485 0.343348 0.000000
vt 0.926535 0.343798 0.000000
vt 0.924171 0.315096 0.000000
vt 0.929203 0.315586 0.000000
vt 0.927062 0.286586 0.000000
vt 0.932208 0.287025 0.000000
vt 0.929693 0.258588 0.000000
vt 0.934780 0.259061 0.000000
vt 0.933405 0.231063 0.000000
vt 0.938346 0.231732 0.000000
vt 0.937644 0.204352 0.000000
vt 0.942561 0.205318 0.000000
vt 0.946976 0.206186 0.000000
vt 0.947913 0.179618 0.000000
vt 0.952168 0.180621 0.000000
vt 0.953534 0.154343 0.000000
vt 0.957740 0.155420 0.000000
vt 0.958993 0.129674 0.000000
vt 0.963183 0.130637 0.000000
vt 0.963886 0.104735 0.000000
vt 0.968143 0.105446 0.000000
vt 0.972090 0.106182 0.000000
vt 0.971766 0.078006 0.000000
vt 0.966892 0.078093 0.000000
vt 0.955522 0.695848 0.000000
vt 0.954277 0.723097 0.000000
vt 0.950464 0.696545 0.000000
vt 0.945258 0.671062 0.000000
vt 0.944788 0.697401 0.000000
vt 0.939559 0.672022 0.000000
vt 0.934699 0.646241 0.000000
vt 0.932939 0.673125 0.000000
vt 0.927981 0.647546 0.000000
vt 0.923284 0.621581 0.000000
vt 0.930338 0.620749 0.000000
vt 0.918217 0.595286 0.000000
vt 0.925635 0.594067 0.000000
vt 0.913030 0.568328 0.000000
vt 0.920659 0.566859 0.000000
vt 0.908937 0.540386 0.000000
vt 0.916446 0.539516 0.000000
vt 0.906678 0.512501 0.000000
vt 0.913720 0.511944 0.000000
vt 0.904870 0.484616 0.000000
vt 0.912030 0.484267 0.000000
vt 0.903993 0.456383 0.000000
vt 0.911370 0.456200 0.000000
vt 0.903537 0.428061 0.000000
vt 0.911013 0.428121 0.000000
vt 0.904012 0.399513 0.000000
vt 0.911377 0.399784 0.000000
vt 0.906002 0.370779 0.000000
vt 0.913224 0.371297 0.000000
vt 0.908981 0.342240 0.000000
vt 0.915726 0.342932 0.000000
vt 0.911943 0.313846 0.000000
vt 0.918474 0.314489 0.000000
vt 0.914794 0.285573 0.000000
vt 0.921371 0.286114 0.000000
vt 0.917447 0.257526 0.000000
vt 0.923885 0.258101 0.000000
vt 0.920930 0.229302 0.000000
vt 0.927609 0.230243 0.000000
vt 0.925461 0.201860 0.000000
vt 0.932004 0.203221 0.000000
vt 0.931090 0.175625 0.000000
vt 0.937582 0.177199 0.000000
vt 0.943193 0.178481 0.000000
vt 0.943455 0.151749 0.000000
vt 0.948846 0.153147 0.000000
vt 0.949214 0.127170 0.000000
vt 0.954394 0.128577 0.000000
vt 0.954027 0.103075 0.000000
vt 0.959265 0.103873 0.000000
vt 0.956096 0.078728 0.000000
vt 0.948092 0.102124 0.000000
vt 0.949938 0.079040 0.000000
vt 0.938302 0.698449 0.000000
vt 0.933646 0.722591 0.000000
vt 0.929980 0.699542 0.000000
vt 0.924350 0.674692 0.000000
vt 0.920106 0.700847 0.000000
vt 0.913854 0.676761 0.000000
vt 0.907609 0.651346 0.000000
vt 0.918725 0.649103 0.000000
vt 0.902054 0.625476 0.000000
vt 0.913569 0.623347 0.000000
vt 0.896971 0.598935 0.000000
vt 0.908404 0.596931 0.000000
vt 0.892088 0.571370 0.000000
vt 0.903403 0.569742 0.000000
vt 0.888442 0.542987 0.000000
vt 0.899528 0.541544 0.000000
vt 0.885618 0.514333 0.000000
vt 0.897248 0.513291 0.000000
vt 0.883566 0.485701 0.000000
vt 0.895416 0.485067 0.000000
vt 0.882324 0.456854 0.000000
vt 0.894297 0.456579 0.000000
vt 0.882027 0.428032 0.000000
vt 0.893909 0.428029 0.000000
vt 0.883136 0.398922 0.000000
vt 0.894827 0.399220 0.000000
vt 0.885711 0.369692 0.000000
vt 0.897152 0.370257 0.000000
vt 0.888680 0.340724 0.000000
vt 0.900144 0.341532 0.000000
vt 0.891929 0.311853 0.000000
vt 0.903208 0.312990 0.000000
vt 0.895279 0.283394 0.000000
vt 0.906492 0.284774 0.000000
vt 0.898794 0.255062 0.000000
vt 0.909526 0.256660 0.000000
vt 0.902733 0.226339 0.000000
vt 0.912979 0.228106 0.000000
vt 0.907727 0.198218 0.000000
vt 0.917564 0.200254 0.000000
vt 0.913276 0.171255 0.000000
vt 0.923234 0.173713 0.000000
vt 0.919367 0.145422 0.000000
vt 0.929290 0.148018 0.000000
vt 0.937156 0.150069 0.000000
vt 0.935364 0.123766 0.000000
vt 0.943194 0.125681 0.000000
vt 0.940313 0.100839 0.000000
vt 0.925461 0.121328 0.000000
vt 0.930781 0.098928 0.000000
vt 0.933565 0.078445 0.000000
vt 0.921340 0.096750 0.000000
vt 0.925519 0.077117 0.000000
vt 0.910956 0.702346 0.000000
vt 0.908645 0.723995 0.000000
vt 0.902699 0.704159 0.000000
vt 0.895352 0.681178 0.000000
vt 0.904223 0.678902 0.000000
vt 0.888100 0.656087 0.000000
vt 0.897358 0.653718 0.000000
vt 0.881613 0.629727 0.000000
vt 0.891396 0.627647 0.000000
vt 0.876055 0.602596 0.000000
vt 0.886097 0.600742 0.000000
vt 0.871107 0.574587 0.000000
vt 0.881476 0.572910 0.000000
vt 0.867089 0.545829 0.000000
vt 0.877582 0.544413 0.000000
vt 0.863468 0.516588 0.000000
vt 0.874259 0.515443 0.000000
vt 0.860676 0.486890 0.000000
vt 0.871847 0.486285 0.000000
vt 0.858940 0.457299 0.000000
vt 0.870476 0.457068 0.000000
vt 0.858392 0.427990 0.000000
vt 0.870059 0.428005 0.000000
vt 0.858953 0.398547 0.000000
vt 0.870888 0.398697 0.000000
vt 0.860947 0.368792 0.000000
vt 0.873250 0.369208 0.000000
vt 0.863701 0.338974 0.000000
vt 0.876246 0.339878 0.000000
vt 0.867140 0.309466 0.000000
vt 0.879615 0.310734 0.000000
vt 0.870790 0.280024 0.000000
vt 0.883081 0.281735 0.000000
vt 0.875207 0.251003 0.000000
vt 0.887029 0.253039 0.000000
vt 0.880349 0.221932 0.000000
vt 0.891623 0.224226 0.000000
vt 0.886407 0.193366 0.000000
vt 0.897108 0.195897 0.000000
vt 0.892609 0.165904 0.000000
vt 0.902873 0.168624 0.000000
vt 0.899222 0.139869 0.000000
vt 0.909214 0.142670 0.000000
vt 0.906084 0.115951 0.000000
vt 0.915567 0.118776 0.000000
vt 0.912846 0.094284 0.000000
vt 0.896892 0.112871 0.000000
vt 0.904884 0.091395 0.000000
vt 0.912498 0.072882 0.000000
vt 0.896836 0.087844 0.000000
vt 0.906347 0.069217 0.000000
vt 0.887221 0.708886 0.000000
vt 0.895112 0.706221 0.000000
vt 0.878283 0.686353 0.000000
vt 0.887014 0.683584 0.000000
vt 0.870126 0.661088 0.000000
vt 0.879455 0.658458 0.000000
vt 0.862947 0.634237 0.000000
vt 0.872445 0.631836 0.000000
vt 0.856571 0.606612 0.000000
vt 0.866428 0.604550 0.000000
vt 0.850839 0.578022 0.000000
vt 0.861050 0.576258 0.000000
vt 0.846129 0.548564 0.000000
vt 0.856741 0.547161 0.000000
vt 0.842095 0.518811 0.000000
vt 0.852994 0.517683 0.000000
vt 0.838519 0.488484 0.000000
vt 0.849743 0.487612 0.000000
vt 0.835798 0.458220 0.000000
vt 0.847444 0.457695 0.000000
vt 0.834466 0.428259 0.000000
vt 0.846640 0.428064 0.000000
vt 0.834809 0.398337 0.000000
vt 0.846984 0.398354 0.000000
vt 0.836110 0.368204 0.000000
vt 0.848707 0.368457 0.000000
vt 0.838445 0.337636 0.000000
vt 0.851241 0.338112 0.000000
vt 0.842018 0.306711 0.000000
vt 0.854739 0.308145 0.000000
vt 0.846239 0.276568 0.000000
vt 0.858651 0.278384 0.000000
vt 0.851463 0.246809 0.000000
vt 0.863360 0.249011 0.000000
vt 0.857678 0.217085 0.000000
vt 0.869106 0.219602 0.000000
vt 0.864605 0.187970 0.000000
vt 0.875576 0.190741 0.000000
vt 0.871912 0.160032 0.000000
vt 0.882321 0.163099 0.000000
vt 0.879214 0.133594 0.000000
vt 0.889231 0.136941 0.000000
vt 0.887604 0.109399 0.000000
vt 0.868952 0.129905 0.000000
vt 0.878109 0.105366 0.000000
vt 0.888415 0.083632 0.000000
vt 0.867685 0.100705 0.000000
vt 0.878827 0.078201 0.000000
vt 0.891552 0.058498 0.000000
vt 0.899568 0.064577 0.000000
vt 0.869150 0.716722 0.000000
vt 0.878749 0.712243 0.000000
vt 0.859103 0.693395 0.000000
vt 0.869167 0.689516 0.000000
vt 0.849616 0.667666 0.000000
vt 0.860398 0.664095 0.000000
vt 0.840975 0.640203 0.000000
vt 0.852701 0.636942 0.000000
vt 0.833646 0.611649 0.000000
vt 0.846017 0.608909 0.000000
vt 0.828093 0.582022 0.000000
vt 0.840070 0.579901 0.000000
vt 0.822120 0.552036 0.000000
vt 0.834965 0.550160 0.000000
vt 0.817421 0.521524 0.000000
vt 0.830447 0.520047 0.000000
vt 0.813187 0.490440 0.000000
vt 0.826660 0.489347 0.000000
vt 0.810076 0.459298 0.000000
vt 0.823807 0.458704 0.000000
vt 0.807841 0.428631 0.000000
vt 0.822283 0.428446 0.000000
vt 0.806668 0.398508 0.000000
vt 0.822180 0.398338 0.000000
vt 0.807009 0.367716 0.000000
vt 0.822654 0.367933 0.000000
vt 0.809113 0.335688 0.000000
vt 0.824783 0.336752 0.000000
vt 0.812737 0.303383 0.000000
vt 0.828314 0.305187 0.000000
vt 0.818045 0.272034 0.000000
vt 0.832954 0.274514 0.000000
vt 0.824426 0.241347 0.000000
vt 0.838921 0.244374 0.000000
vt 0.831519 0.210949 0.000000
vt 0.845558 0.214330 0.000000
vt 0.839352 0.181186 0.000000
vt 0.852814 0.184880 0.000000
vt 0.847925 0.152510 0.000000
vt 0.860780 0.156612 0.000000
vt 0.857692 0.125616 0.000000
vt 0.830025 0.146286 0.000000
vt 0.840456 0.118686 0.000000
vt 0.852270 0.093301 0.000000
vt 0.821280 0.110309 0.000000
vt 0.834666 0.083474 0.000000
vt 0.850344 0.058953 0.000000
vt 0.865952 0.069810 0.000000
vt 0.868628 0.037077 0.000000
vt 0.881232 0.049640 0.000000
vt 0.839503 0.733656 0.000000
vt 0.855909 0.723950 0.000000
vt 0.825677 0.708172 0.000000
vt 0.843964 0.699721 0.000000
vt 0.814145 0.680369 0.000000
vt 0.833570 0.673060 0.000000
vt 0.804861 0.650952 0.000000
vt 0.825006 0.644715 0.000000
vt 0.796805 0.620617 0.000000
vt 0.817054 0.615653 0.000000
vt 0.789694 0.589743 0.000000
vt 0.810412 0.585486 0.000000
vt 0.783823 0.558449 0.000000
vt 0.804555 0.554674 0.000000
vt 0.778503 0.526174 0.000000
vt 0.799661 0.523606 0.000000
vt 0.772755 0.493367 0.000000
vt 0.794592 0.492118 0.000000
vt 0.767283 0.460881 0.000000
vt 0.789933 0.460463 0.000000
vt 0.762540 0.430073 0.000000
vt 0.786348 0.429670 0.000000
vt 0.761236 0.400789 0.000000
vt 0.784853 0.399680 0.000000
vt 0.763473 0.367635 0.000000
vt 0.785939 0.367817 0.000000
vt 0.766764 0.333060 0.000000
vt 0.788887 0.334370 0.000000
vt 0.771213 0.298225 0.000000
vt 0.793084 0.300997 0.000000
vt 0.776605 0.264703 0.000000
vt 0.798305 0.268456 0.000000
vt 0.783301 0.232447 0.000000
vt 0.804752 0.237144 0.000000
vt 0.791223 0.201083 0.000000
vt 0.812307 0.206266 0.000000
vt 0.800371 0.169950 0.000000
vt 0.820753 0.175829 0.000000
vt 0.810340 0.139207 0.000000
vt 0.781243 0.164482 0.000000
vt 0.791869 0.132845 0.000000
vt 0.803117 0.102210 0.000000
vt 0.774910 0.127119 0.000000
vt 0.786123 0.095139 0.000000
vt 0.800398 0.064615 0.000000
vt 0.817086 0.073542 0.000000
vt 0.819399 0.036211 0.000000
vt 0.834653 0.047375 0.000000
vt 0.843004 0.010000 0.000000
vt 0.855758 0.023727 0.000000
vt 0.807936 0.754912 0.000000
vt 0.823317 0.744298 0.000000
vt 0.790680 0.725634 0.000000
vt 0.807660 0.717102 0.000000
vt 0.777377 0.694250 0.000000
vt 0.795118 0.687671 0.000000
vt 0.767302 0.661840 0.000000
vt 0.785127 0.656773 0.000000
vt 0.758625 0.629429 0.000000
vt 0.776883 0.625279 0.000000
vt 0.751563 0.597058 0.000000
vt 0.769922 0.593792 0.000000
vt 0.747261 0.564234 0.000000
vt 0.764409 0.561570 0.000000
vt 0.741312 0.531285 0.000000
vt 0.758837 0.528551 0.000000
vt 0.733996 0.497239 0.000000
vt 0.752297 0.494857 0.000000
vt 0.726945 0.463341 0.000000
vt 0.746024 0.461779 0.000000
vt 0.720274 0.430652 0.000000
vt 0.739627 0.430036 0.000000
vt 0.718084 0.398730 0.000000
vt 0.739015 0.400064 0.000000
vt 0.722279 0.365043 0.000000
vt 0.742103 0.366822 0.000000
vt 0.727787 0.328835 0.000000
vt 0.746093 0.331296 0.000000
vt 0.731119 0.292202 0.000000
vt 0.750373 0.295173 0.000000
vt 0.736819 0.257511 0.000000
vt 0.756060 0.261017 0.000000
vt 0.744453 0.224115 0.000000
vt 0.763040 0.227979 0.000000
vt 0.752931 0.191728 0.000000
vt 0.771288 0.196108 0.000000
vt 0.763608 0.159552 0.000000
vt 0.358152 0.222543 0.000000
vt 0.325138 0.184949 0.000000
vt 0.285913 0.149961 0.000000
vt 0.309636 0.202726 0.000000
vt 0.273188 0.168708 0.000000
vt 0.230683 0.140224 0.000000
vt 0.243623 0.120959 0.000000
vt 0.190262 0.110983 0.000000
vt 0.202381 0.091743 0.000000
vt 0.145951 0.082860 0.000000
vt 0.159477 0.062158 0.000000
vt 0.097754 0.052332 0.000000
vt 0.114679 0.030503 0.000000
vt 0.140568 0.912889 0.000000
vt 0.153377 0.933619 0.000000
vt 0.184021 0.887397 0.000000
vt 0.196213 0.907267 0.000000
vt 0.223785 0.861041 0.000000
vt 0.237093 0.879988 0.000000
vt 0.261635 0.831848 0.000000
vt 0.276595 0.849833 0.000000
vt 0.297039 0.799290 0.000000
vt 0.313320 0.815617 0.000000
vt 0.328670 0.763382 0.000000
vt 0.346319 0.777520 0.000000
vt 0.358700 0.725601 0.000000
vt 0.377295 0.739084 0.000000
vt 0.386648 0.685145 0.000000
vt 0.405645 0.697132 0.000000
vt 0.407490 0.641684 0.000000
vt 0.428236 0.651158 0.000000
vt 0.423484 0.595987 0.000000
vt 0.444896 0.602964 0.000000
vt 0.431773 0.549618 0.000000
vt 0.453824 0.554397 0.000000
vt 0.434337 0.507203 0.000000
vt 0.456893 0.508468 0.000000
vt 0.434346 0.462260 0.000000
vt 0.456719 0.459746 0.000000
vt 0.427402 0.409621 0.000000
vt 0.449562 0.405186 0.000000
vt 0.410159 0.361966 0.000000
vt 0.432126 0.353652 0.000000
vt 0.390759 0.318318 0.000000
vt 0.411764 0.306922 0.000000
vt 0.367281 0.276010 0.000000
vt 0.387109 0.262729 0.000000
vt 0.340390 0.237829 0.000000
vt 0.349290 0.288090 0.000000
vt 0.323593 0.250868 0.000000
vt 0.293631 0.217804 0.000000
vt 0.306926 0.262644 0.000000
vt 0.277577 0.231027 0.000000
vt 0.243085 0.200572 0.000000
vt 0.258795 0.185202 0.000000
vt 0.205835 0.172850 0.000000
vt 0.218652 0.156799 0.000000
vt 0.167208 0.148353 0.000000
vt 0.178627 0.129496 0.000000
vt 0.123117 0.124939 0.000000
vt 0.134095 0.103761 0.000000
vt 0.071359 0.101525 0.000000
vt 0.083234 0.076084 0.000000
vt 0.118294 0.871519 0.000000
vt 0.128789 0.892372 0.000000
vt 0.161741 0.850107 0.000000
vt 0.172628 0.868672 0.000000
vt 0.200035 0.825933 0.000000
vt 0.211628 0.843252 0.000000
vt 0.234991 0.798863 0.000000
vt 0.247830 0.815147 0.000000
vt 0.267466 0.769031 0.000000
vt 0.281876 0.784168 0.000000
vt 0.297009 0.736753 0.000000
vt 0.312344 0.750081 0.000000
vt 0.324389 0.703447 0.000000
vt 0.341519 0.714048 0.000000
vt 0.349221 0.665485 0.000000
vt 0.367740 0.674668 0.000000
vt 0.369276 0.626749 0.000000
vt 0.387854 0.633916 0.000000
vt 0.384143 0.585659 0.000000
vt 0.403565 0.590859 0.000000
vt 0.393703 0.544090 0.000000
vt 0.412222 0.546450 0.000000
vt 0.397620 0.506363 0.000000
vt 0.415366 0.506117 0.000000
vt 0.394120 0.465817 0.000000
vt 0.413871 0.462904 0.000000
vt 0.382989 0.420779 0.000000
vt 0.405438 0.415020 0.000000
vt 0.370850 0.377044 0.000000
vt 0.390184 0.369996 0.000000
vt 0.353342 0.337028 0.000000
vt 0.371578 0.328341 0.000000
vt 0.331766 0.298791 0.000000
vt 0.335303 0.344944 0.000000
vt 0.314523 0.308967 0.000000
vt 0.290618 0.274721 0.000000
vt 0.297542 0.320183 0.000000
vt 0.274831 0.288232 0.000000
vt 0.247936 0.259246 0.000000
vt 0.262396 0.244414 0.000000
vt 0.214736 0.234189 0.000000
vt 0.227988 0.216684 0.000000
vt 0.179951 0.209084 0.000000
vt 0.192908 0.190370 0.000000
vt 0.143592 0.187687 0.000000
vt 0.155396 0.167433 0.000000
vt 0.103081 0.169215 0.000000
vt 0.112608 0.146499 0.000000
vt 0.056163 0.155626 0.000000
vt 0.062546 0.128186 0.000000
vt 0.100530 0.827158 0.000000
vt 0.108958 0.849942 0.000000
vt 0.140904 0.810472 0.000000
vt 0.151301 0.830874 0.000000
vt 0.176979 0.789886 0.000000
vt 0.188643 0.808415 0.000000
vt 0.209739 0.766156 0.000000
vt 0.222465 0.782714 0.000000
vt 0.239912 0.739604 0.000000
vt 0.253607 0.754219 0.000000
vt 0.267257 0.710756 0.000000
vt 0.282087 0.723567 0.000000
vt 0.291669 0.678937 0.000000
vt 0.308116 0.691100 0.000000
vt 0.315170 0.644770 0.000000
vt 0.331763 0.655715 0.000000
vt 0.333467 0.610577 0.000000
vt 0.351443 0.619052 0.000000
vt 0.345995 0.574716 0.000000
vt 0.365155 0.580095 0.000000
vt 0.355270 0.539646 0.000000
vt 0.375020 0.542074 0.000000
vt 0.360419 0.507139 0.000000
vt 0.379671 0.506683 0.000000
vt 0.354118 0.470996 0.000000
vt 0.374355 0.469344 0.000000
vt 0.343811 0.429954 0.000000
vt 0.362725 0.425697 0.000000
vt 0.332725 0.389580 0.000000
vt 0.351908 0.383083 0.000000
vt 0.317013 0.353525 0.000000
vt 0.312406 0.397463 0.000000
vt 0.297405 0.363685 0.000000
vt 0.279331 0.332079 0.000000
vt 0.277379 0.374426 0.000000
vt 0.260052 0.344867 0.000000
vt 0.239396 0.317289 0.000000
vt 0.257648 0.302241 0.000000
vt 0.216241 0.292890 0.000000
vt 0.232733 0.275766 0.000000
vt 0.187771 0.270474 0.000000
vt 0.201615 0.251857 0.000000
vt 0.155931 0.250114 0.000000
vt 0.167623 0.229012 0.000000
vt 0.121804 0.233096 0.000000
vt 0.131943 0.209856 0.000000
vt 0.086017 0.219695 0.000000
vt 0.093909 0.193629 0.000000
vt 0.048373 0.210968 0.000000
vt 0.051912 0.183492 0.000000
vt 0.085647 0.777817 0.000000
vt 0.092982 0.802905 0.000000
vt 0.120161 0.765032 0.000000
vt 0.130518 0.788393 0.000000
vt 0.152281 0.748557 0.000000
vt 0.164758 0.769910 0.000000
vt 0.182335 0.729013 0.000000
vt 0.196259 0.748315 0.000000
vt 0.210259 0.706604 0.000000
vt 0.225368 0.724028 0.000000
vt 0.235644 0.681836 0.000000
vt 0.251904 0.697185 0.000000
vt 0.258608 0.654594 0.000000
vt 0.275812 0.667172 0.000000
vt 0.277977 0.625077 0.000000
vt 0.297498 0.634479 0.000000
vt 0.292852 0.595291 0.000000
vt 0.313828 0.602405 0.000000
vt 0.303465 0.564272 0.000000
vt 0.325176 0.569339 0.000000
vt 0.311319 0.533842 0.000000
vt 0.334133 0.536635 0.000000
vt 0.314023 0.505543 0.000000
vt 0.338396 0.506338 0.000000
vt 0.309866 0.474350 0.000000
vt 0.332537 0.472779 0.000000
vt 0.302450 0.439912 0.000000
vt 0.323854 0.435077 0.000000
vt 0.291506 0.405931 0.000000
vt 0.282762 0.444049 0.000000
vt 0.272126 0.413453 0.000000
vt 0.258314 0.384864 0.000000
vt 0.258179 0.418565 0.000000
vt 0.244560 0.392070 0.000000
vt 0.227745 0.367511 0.000000
vt 0.241234 0.358275 0.000000
vt 0.208638 0.344238 0.000000
vt 0.221685 0.332632 0.000000
vt 0.187593 0.322775 0.000000
vt 0.199607 0.309905 0.000000
vt 0.163153 0.303937 0.000000
vt 0.173563 0.289623 0.000000
vt 0.135826 0.286972 0.000000
vt 0.144295 0.271313 0.000000
vt 0.106478 0.270735 0.000000
vt 0.112814 0.255387 0.000000
vt 0.075368 0.258500 0.000000
vt 0.079699 0.242798 0.000000
vt 0.043223 0.252324 0.000000
vt 0.045414 0.235369 0.000000
vt 0.074971 0.739434 0.000000
vt 0.079138 0.754481 0.000000
vt 0.104707 0.727319 0.000000
vt 0.111036 0.743439 0.000000
vt 0.133420 0.713388 0.000000
vt 0.140910 0.727632 0.000000
vt 0.159973 0.695392 0.000000
vt 0.169163 0.709363 0.000000
vt 0.184899 0.675945 0.000000
vt 0.195176 0.688557 0.000000
vt 0.206528 0.654074 0.000000
vt 0.219148 0.666027 0.000000
vt 0.225707 0.630405 0.000000
vt 0.240469 0.641392 0.000000
vt 0.242917 0.606511 0.000000
vt 0.258184 0.615038 0.000000
vt 0.256038 0.581489 0.000000
vt 0.272395 0.587868 0.000000
vt 0.266624 0.555381 0.000000
vt 0.282567 0.559466 0.000000
vt 0.273622 0.529295 0.000000
vt 0.289297 0.531112 0.000000
vt 0.276093 0.503328 0.000000
vt 0.291994 0.504443 0.000000
vt 0.274316 0.476048 0.000000
vt 0.289666 0.475217 0.000000
vt 0.268684 0.447105 0.000000
vt 0.262760 0.476655 0.000000
vt 0.257279 0.449468 0.000000
vt 0.248262 0.422271 0.000000
vt 0.247732 0.451391 0.000000
vt 0.239520 0.425701 0.000000
vt 0.227894 0.400886 0.000000
vt 0.235971 0.396614 0.000000
vt 0.212936 0.377871 0.000000
vt 0.220211 0.372767 0.000000
vt 0.195067 0.356745 0.000000
vt 0.201431 0.350804 0.000000
vt 0.174450 0.337708 0.000000
vt 0.180276 0.330932 0.000000
vt 0.151731 0.320277 0.000000
vt 0.157292 0.312265 0.000000
vt 0.126497 0.304006 0.000000
vt 0.131137 0.295590 0.000000
vt 0.098507 0.289940 0.000000
vt 0.102354 0.280682 0.000000
vt 0.069530 0.279151 0.000000
vt 0.072269 0.269596 0.000000
vt 0.040878 0.271526 0.000000
vt 0.041918 0.262296 0.000000
vt 0.069260 0.719780 0.000000
vt 0.072045 0.729165 0.000000
vt 0.097638 0.709653 0.000000
vt 0.101200 0.718380 0.000000
vt 0.125042 0.696345 0.000000
vt 0.129133 0.704680 0.000000
vt 0.150477 0.680444 0.000000
vt 0.155094 0.687826 0.000000
vt 0.173585 0.661956 0.000000
vt 0.178953 0.668616 0.000000
vt 0.193871 0.641713 0.000000
vt 0.199412 0.647179 0.000000
vt 0.211659 0.620105 0.000000
vt 0.218193 0.624821 0.000000
vt 0.226141 0.597319 0.000000
vt 0.233393 0.601309 0.000000
vt 0.237902 0.574150 0.000000
vt 0.245956 0.577439 0.000000
vt 0.246877 0.550415 0.000000
vt 0.256209 0.552781 0.000000
vt 0.252264 0.526524 0.000000
vt 0.262409 0.527814 0.000000
vt 0.254380 0.502161 0.000000
vt 0.264637 0.502669 0.000000
vt 0.252773 0.477065 0.000000
vt 0.245055 0.501790 0.000000
vt 0.243576 0.477654 0.000000
vt 0.238917 0.453303 0.000000
vt 0.234782 0.478547 0.000000
vt 0.230397 0.455219 0.000000
vt 0.223070 0.431766 0.000000
vt 0.231177 0.428857 0.000000
vt 0.212597 0.409062 0.000000
vt 0.220092 0.404997 0.000000
vt 0.198997 0.388145 0.000000
vt 0.205825 0.383001 0.000000
vt 0.182537 0.368789 0.000000
vt 0.188719 0.362794 0.000000
vt 0.162937 0.351682 0.000000
vt 0.168667 0.344645 0.000000
vt 0.141141 0.335856 0.000000
vt 0.146374 0.328116 0.000000
vt 0.117411 0.320541 0.000000
vt 0.121889 0.312293 0.000000
vt 0.091297 0.307599 0.000000
vt 0.094858 0.298876 0.000000
vt 0.063895 0.296983 0.000000
vt 0.066760 0.288233 0.000000
vt 0.037466 0.288217 0.000000
vt 0.039637 0.280142 0.000000
vt 0.063571 0.702245 0.000000
vt 0.066440 0.710909 0.000000
vt 0.090853 0.692514 0.000000
vt 0.094182 0.700911 0.000000
vt 0.117229 0.680468 0.000000
vt 0.121100 0.688272 0.000000
vt 0.141547 0.666043 0.000000
vt 0.145980 0.673165 0.000000
vt 0.163481 0.649276 0.000000
vt 0.168434 0.655537 0.000000
vt 0.182651 0.630740 0.000000
vt 0.188272 0.636188 0.000000
vt 0.198808 0.610868 0.000000
vt 0.205208 0.615465 0.000000
vt 0.212213 0.589635 0.000000
vt 0.219120 0.593425 0.000000
vt 0.222416 0.567708 0.000000
vt 0.230125 0.570877 0.000000
vt 0.229556 0.545853 0.000000
vt 0.238052 0.548134 0.000000
vt 0.234178 0.523936 0.000000
vt 0.242935 0.525293 0.000000
vt 0.236259 0.501548 0.000000
vt 0.225768 0.522560 0.000000
vt 0.227652 0.501384 0.000000
vt 0.226336 0.479586 0.000000
vt 0.218803 0.501181 0.000000
vt 0.218229 0.480439 0.000000
vt 0.213730 0.458908 0.000000
vt 0.222147 0.457015 0.000000
vt 0.206479 0.437804 0.000000
vt 0.214987 0.434629 0.000000
vt 0.197268 0.417659 0.000000
vt 0.205231 0.413161 0.000000
vt 0.184643 0.399062 0.000000
vt 0.192441 0.393092 0.000000
vt 0.169274 0.382036 0.000000
vt 0.176322 0.374948 0.000000
vt 0.151151 0.366556 0.000000
vt 0.157315 0.358696 0.000000
vt 0.130661 0.352203 0.000000
vt 0.136076 0.343527 0.000000
vt 0.108107 0.338753 0.000000
vt 0.112947 0.329041 0.000000
vt 0.083414 0.326757 0.000000
vt 0.087633 0.316473 0.000000
vt 0.057283 0.315579 0.000000
vt 0.060895 0.305573 0.000000
vt 0.031057 0.304520 0.000000
vt 0.034619 0.296086 0.000000
vt 0.057839 0.685141 0.000000
vt 0.060741 0.693800 0.000000
vt 0.084560 0.676449 0.000000
vt 0.087642 0.684419 0.000000
vt 0.109580 0.665393 0.000000
vt 0.113403 0.672921 0.000000
vt 0.132381 0.651601 0.000000
vt 0.137248 0.659174 0.000000
vt 0.152415 0.635476 0.000000
vt 0.158522 0.643014 0.000000
vt 0.170131 0.618515 0.000000
vt 0.177007 0.625275 0.000000
vt 0.185504 0.600679 0.000000
vt 0.192589 0.606267 0.000000
vt 0.197768 0.581128 0.000000
vt 0.205374 0.585753 0.000000
vt 0.206641 0.561045 0.000000
vt 0.214869 0.564602 0.000000
vt 0.212968 0.541199 0.000000
vt 0.221473 0.543657 0.000000
vt 0.217066 0.521219 0.000000
vt 0.203749 0.538474 0.000000
vt 0.207604 0.519757 0.000000
vt 0.209241 0.500953 0.000000
vt 0.198890 0.518389 0.000000
vt 0.200232 0.500583 0.000000
vt 0.198889 0.482220 0.000000
vt 0.208171 0.481455 0.000000
vt 0.194822 0.463340 0.000000
vt 0.204316 0.461072 0.000000
vt 0.188337 0.445221 0.000000
vt 0.197046 0.441587 0.000000
vt 0.178996 0.428661 0.000000
vt 0.187455 0.423495 0.000000
vt 0.167551 0.412610 0.000000
vt 0.175423 0.406296 0.000000
vt 0.154101 0.397247 0.000000
vt 0.161183 0.390101 0.000000
vt 0.138340 0.383369 0.000000
vt 0.144289 0.375532 0.000000
vt 0.119795 0.370754 0.000000
vt 0.124823 0.361934 0.000000
vt 0.098835 0.359232 0.000000
vt 0.103148 0.349380 0.000000
vt 0.074970 0.349388 0.000000
vt 0.078893 0.338359 0.000000
vt 0.048370 0.340878 0.000000
vt 0.052611 0.328284 0.000000
vt 0.019723 0.331636 0.000000
vt 0.025431 0.317207 0.000000
vt 0.049732 0.658355 0.000000
vt 0.053839 0.672765 0.000000
vt 0.075550 0.651393 0.000000
vt 0.080220 0.665084 0.000000
vt 0.098330 0.642297 0.000000
vt 0.104297 0.654795 0.000000
vt 0.118707 0.631084 0.000000
vt 0.125752 0.641727 0.000000
vt 0.137552 0.617480 0.000000
vt 0.144579 0.626203 0.000000
vt 0.155021 0.602205 0.000000
vt 0.161904 0.610005 0.000000
vt 0.169622 0.586360 0.000000
vt 0.177193 0.593237 0.000000
vt 0.181030 0.570103 0.000000
vt 0.189198 0.575480 0.000000
vt 0.189450 0.553330 0.000000
vt 0.197705 0.557045 0.000000
vt 0.195331 0.536036 0.000000
vt 0.183033 0.550615 0.000000
vt 0.188735 0.534191 0.000000
vt 0.192353 0.517348 0.000000
vt 0.183937 0.532797 0.000000
vt 0.187641 0.516576 0.000000
vt 0.188556 0.499954 0.000000
vt 0.193510 0.500218 0.000000
vt 0.187403 0.483119 0.000000
vt 0.192319 0.482633 0.000000
vt 0.184038 0.466142 0.000000
vt 0.188616 0.464948 0.000000
vt 0.178413 0.449588 0.000000
vt 0.182696 0.447707 0.000000
vt 0.169999 0.434277 0.000000
vt 0.173799 0.431880 0.000000
vt 0.158954 0.419660 0.000000
vt 0.162683 0.416558 0.000000
vt 0.145999 0.406062 0.000000
vt 0.149468 0.402202 0.000000
vt 0.131132 0.393462 0.000000
vt 0.134195 0.389023 0.000000
vt 0.113334 0.382382 0.000000
vt 0.116144 0.377272 0.000000
vt 0.093070 0.373076 0.000000
vt 0.095497 0.367097 0.000000
vt 0.070204 0.364969 0.000000
vt 0.072151 0.358178 0.000000
vt 0.044079 0.357970 0.000000
vt 0.045738 0.350638 0.000000
vt 0.013871 0.351169 0.000000
vt 0.016296 0.342557 0.000000
vt 0.044987 0.640618 0.000000
vt 0.046885 0.648228 0.000000
vt 0.070574 0.635419 0.000000
vt 0.072517 0.641852 0.000000
vt 0.092899 0.628041 0.000000
vt 0.094915 0.633795 0.000000
vt 0.112743 0.618416 0.000000
vt 0.115056 0.623796 0.000000
vt 0.130668 0.606720 0.000000
vt 0.133441 0.611362 0.000000
vt 0.146976 0.593396 0.000000
vt 0.150413 0.597169 0.000000
vt 0.160223 0.579120 0.000000
vt 0.164345 0.582260 0.000000
vt 0.170650 0.564164 0.000000
vt 0.175084 0.566671 0.000000
vt 0.178388 0.548656 0.000000
vt 0.167433 0.562292 0.000000
vt 0.174996 0.547237 0.000000
vt 0.180506 0.531780 0.000000
vt 0.172248 0.546032 0.000000
vt 0.177635 0.530846 0.000000
vt 0.180994 0.515472 0.000000
vt 0.184028 0.515983 0.000000
vt 0.181760 0.499749 0.000000
vt 0.184902 0.499810 0.000000
vt 0.180304 0.483985 0.000000
vt 0.183593 0.483583 0.000000
vt 0.176993 0.468110 0.000000
vt 0.180326 0.467153 0.000000
vt 0.171455 0.452547 0.000000
vt 0.174783 0.451094 0.000000
vt 0.163629 0.438111 0.000000
vt 0.166575 0.436266 0.000000
vt 0.153494 0.424310 0.000000
vt 0.156033 0.422142 0.000000
vt 0.141337 0.411437 0.000000
vt 0.143356 0.409039 0.000000
vt 0.126804 0.399957 0.000000
vt 0.128754 0.397000 0.000000
vt 0.109468 0.389981 0.000000
vt 0.111198 0.386411 0.000000
vt 0.090099 0.381671 0.000000
vt 0.091363 0.377738 0.000000
vt 0.067930 0.374478 0.000000
vt 0.068917 0.370045 0.000000
vt 0.041857 0.368965 0.000000
vt 0.042839 0.363750 0.000000
vt 0.010168 0.364380 0.000000
vt 0.011996 0.357831 0.000000
vt 0.042955 0.629693 0.000000
vt 0.043813 0.634885 0.000000
vt 0.068067 0.625828 0.000000
vt 0.069172 0.630251 0.000000
vt 0.089887 0.619352 0.000000
vt 0.091282 0.623400 0.000000
vt 0.109451 0.610522 0.000000
vt 0.110998 0.614256 0.000000
vt 0.126805 0.599959 0.000000
vt 0.128587 0.603212 0.000000
vt 0.142142 0.587843 0.000000
vt 0.144402 0.590470 0.000000
vt 0.154787 0.574667 0.000000
vt 0.157253 0.576766 0.000000
vt 0.164780 0.560657 0.000000
vt 0.152418 0.572538 0.000000
vt 0.162254 0.558969 0.000000
vt 0.169672 0.544775 0.000000
vt 0.159556 0.557086 0.000000
vt 0.166758 0.543352 0.000000
vt 0.171811 0.529122 0.000000
vt 0.174901 0.530027 0.000000
vt 0.174710 0.514513 0.000000
vt 0.177978 0.514987 0.000000
vt 0.175552 0.499583 0.000000
vt 0.178786 0.499649 0.000000
vt 0.173949 0.484698 0.000000
vt 0.177283 0.484290 0.000000
vt 0.170505 0.469996 0.000000
vt 0.173874 0.468994 0.000000
vt 0.165050 0.455601 0.000000
vt 0.168394 0.454006 0.000000
vt 0.157791 0.441990 0.000000
vt 0.160855 0.439929 0.000000
vt 0.148092 0.429034 0.000000
vt 0.150962 0.426511 0.000000
vt 0.136492 0.416952 0.000000
vt 0.139052 0.414084 0.000000
vt 0.122505 0.406569 0.000000
vt 0.124654 0.403105 0.000000
vt 0.105956 0.397896 0.000000
vt 0.107764 0.393782 0.000000
vt 0.087495 0.390667 0.000000
vt 0.088773 0.385961 0.000000
vt 0.066183 0.384127 0.000000
vt 0.067026 0.378948 0.000000
vt 0.040809 0.379729 0.000000
vt 0.041282 0.373922 0.000000
vt 0.010096 0.378217 0.000000
vt 0.010000 0.371115 0.000000
vt 0.041851 0.618742 0.000000
vt 0.042315 0.624451 0.000000
vt 0.066004 0.616338 0.000000
vt 0.066986 0.621165 0.000000
vt 0.087436 0.611183 0.000000
vt 0.088649 0.615381 0.000000
vt 0.106303 0.603308 0.000000
vt 0.107872 0.607056 0.000000
vt 0.123108 0.593657 0.000000
vt 0.124960 0.596888 0.000000
vt 0.137904 0.582541 0.000000
vt 0.140037 0.585265 0.000000
vt 0.149960 0.570301 0.000000
vt 0.131618 0.574380 0.000000
vt 0.143279 0.563599 0.000000
vt 0.152338 0.551917 0.000000
vt 0.159094 0.539574 0.000000
vt 0.163895 0.526786 0.000000
vt 0.166659 0.513528 0.000000
vt 0.167233 0.499644 0.000000
vt 0.165320 0.486028 0.000000
vt 0.161991 0.472629 0.000000
vt 0.156877 0.459362 0.000000
vt 0.149820 0.447058 0.000000
vt 0.140578 0.435546 0.000000
vt 0.129448 0.425065 0.000000
vt 0.116683 0.416030 0.000000
vt 0.101621 0.408839 0.000000
vt 0.084410 0.403269 0.000000
vt 0.064394 0.399214 0.000000
vt 0.040525 0.397605 0.000000
vt 0.012024 0.399407 0.000000
vt 0.041543 0.602786 0.000000
vt 0.064015 0.602656 0.000000
vt 0.084052 0.599309 0.000000
vt 0.101977 0.592925 0.000000
vt 0.117733 0.584322 0.000000
vt 0.109319 0.568358 0.000000
vt 0.121825 0.560332 0.000000
vt 0.131827 0.551283 0.000000
vt 0.139857 0.542322 0.000000
vt 0.146099 0.532830 0.000000
vt 0.150628 0.522635 0.000000
vt 0.153248 0.511823 0.000000
vt 0.153463 0.500445 0.000000
vt 0.151219 0.488813 0.000000
vt 0.147919 0.477233 0.000000
vt 0.143035 0.466068 0.000000
vt 0.136675 0.455658 0.000000
vt 0.127986 0.447503 0.000000
vt 0.080426 0.427744 0.000000
vt 0.063984 0.426136 0.000000
vt 0.044827 0.427270 0.000000
vt 0.022753 0.433840 0.000000
vt 0.044639 0.575144 0.000000
vt 0.062997 0.577962 0.000000
vt 0.079797 0.577444 0.000000
vt 0.095076 0.574249 0.000000
vt 0.091862 0.560481 0.000000
vt 0.104124 0.556718 0.000000
vt 0.114518 0.550562 0.000000
vt 0.097388 0.537306 0.000000
vt 0.106443 0.534391 0.000000
vt 0.095383 0.522859 0.000000
vt 0.103395 0.521712 0.000000
vt 0.094833 0.512482 0.000000
vt 0.102924 0.513346 0.000000
vt 0.111377 0.513033 0.000000
vt 0.103311 0.506169 0.000000
vt 0.112001 0.507249 0.000000
vt 0.124433 0.507626 0.000000
vt 0.122818 0.513513 0.000000
vt 0.138596 0.519584 0.000000
vt 0.140775 0.511054 0.000000
vt 0.141015 0.501910 0.000000
vt 0.139150 0.492227 0.000000
vt 0.135907 0.482521 0.000000
vt 0.116894 0.480785 0.000000
vt 0.130770 0.473220 0.000000
vt 0.110444 0.475732 0.000000
vt 0.124105 0.465710 0.000000
vt 0.103623 0.471862 0.000000
vt 0.116260 0.460105 0.000000
vt 0.101223 0.483124 0.000000
vt 0.094243 0.478119 0.000000
vt 0.086945 0.469177 0.000000
vt 0.078686 0.448873 0.000000
vt 0.086429 0.483144 0.000000
vt 0.076969 0.471645 0.000000
vt 0.064799 0.448600 0.000000
vt 0.068023 0.475693 0.000000
vt 0.049540 0.451100 0.000000
vt 0.059766 0.482686 0.000000
vt 0.034863 0.458044 0.000000
vt 0.079247 0.489873 0.000000
vt 0.072428 0.497677 0.000000
vt 0.087353 0.498906 0.000000
vt 0.079523 0.507598 0.000000
vt 0.086802 0.522078 0.000000
vt 0.088023 0.537687 0.000000
vt 0.096232 0.503311 0.000000
vt 0.093537 0.490376 0.000000
vt 0.099721 0.495354 0.000000
vt 0.105457 0.488210 0.000000
vt 0.700452 0.801444 0.000000
vt 0.702614 0.799574 0.000000
vt 0.705182 0.798288 0.000000
vt 0.713569 0.816714 0.000000
vt 0.710724 0.816711 0.000000
vt 0.715999 0.815271 0.000000
vt 0.692704 0.801744 0.000000
vt 0.695112 0.806729 0.000000
vt 0.682781 0.799714 0.000000
vt 0.685791 0.796300 0.000000
vt 0.688589 0.793079 0.000000
vt 0.697854 0.802701 0.000000
vt 0.708284 0.816482 0.000000
vt 0.708366 0.829887 0.000000
vt 0.712417 0.829196 0.000000
vt 0.714326 0.846910 0.000000
vt 0.708803 0.847780 0.000000
vt 0.716260 0.828640 0.000000
vt 0.719529 0.845662 0.000000
vt 0.724475 0.867049 0.000000
vt 0.717758 0.868949 0.000000
vt 0.720352 0.827483 0.000000
vt 0.724872 0.844568 0.000000
vt 0.730954 0.864904 0.000000
vt 0.737510 0.879017 0.000000
vt 0.730278 0.882401 0.000000
vt 0.689871 0.768980 0.000000
vt 0.678067 0.748576 0.000000
vt 0.670258 0.731956 0.000000
vt 0.664581 0.716884 0.000000
vt 0.658769 0.697113 0.000000
vt 0.668774 0.695517 0.000000
vt 0.673736 0.713789 0.000000
vt 0.671508 0.752372 0.000000
vt 0.661835 0.734507 0.000000
vt 0.656043 0.720703 0.000000
vt 0.649105 0.698681 0.000000
vt 0.647189 0.674172 0.000000
vt 0.657284 0.675278 0.000000
vt 0.648321 0.724597 0.000000
vt 0.640383 0.700510 0.000000
vt 0.637924 0.673399 0.000000
vt 0.637755 0.658758 0.000000
vt 0.640305 0.630568 0.000000
vt 0.650402 0.632844 0.000000
vt 0.647334 0.658684 0.000000
vt 0.633158 0.701656 0.000000
vt 0.630060 0.673042 0.000000
vt 0.629935 0.659056 0.000000
vt 0.632446 0.628457 0.000000
vt 0.640750 0.599757 0.000000
vt 0.649647 0.603653 0.000000
vt 0.620497 0.658368 0.000000
vt 0.623082 0.626893 0.000000
vt 0.630592 0.596790 0.000000
vt 0.650982 0.552569 0.000000
vt 0.660402 0.557541 0.000000
vt 0.646575 0.585099 0.000000
vt 0.636607 0.581120 0.000000
vt 0.612410 0.626000 0.000000
vt 0.619634 0.593974 0.000000
vt 0.625863 0.576745 0.000000
vt 0.640571 0.547063 0.000000
vt 0.664308 0.514491 0.000000
vt 0.674010 0.522075 0.000000
vt 0.836429 0.965077 0.000000
vt 0.861268 0.962164 0.000000
vt 0.887045 0.950616 0.000000
vt 0.911876 0.929728 0.000000
vt 0.918550 0.936743 0.000000
vt 0.858817 0.951921 0.000000
vt 0.881686 0.941613 0.000000
vt 0.895388 0.929704 0.000000
vt 0.875924 0.931914 0.000000
vt 0.888759 0.921791 0.000000
vt 0.882371 0.913355 0.000000
vt 0.705677 0.492250 0.000000
vt 0.715013 0.501634 0.000000
vt 0.682867 0.529557 0.000000
vt 0.712006 0.523884 0.000000
vt 0.691147 0.538558 0.000000
vt 0.669530 0.563495 0.000000
vt 0.699628 0.548310 0.000000
vt 0.679352 0.570992 0.000000
vt 0.666244 0.593225 0.000000
vt 0.655974 0.588619 0.000000
vt 0.689589 0.579198 0.000000
vt 0.677415 0.598478 0.000000
vt 0.669601 0.614368 0.000000
vt 0.661460 0.635782 0.000000
vt 0.659123 0.608799 0.000000
vt 0.681112 0.619702 0.000000
vt 0.673021 0.638646 0.000000
vt 0.669841 0.658884 0.000000
vt 0.657879 0.658964 0.000000
vt 0.799910 0.941944 0.000000
vt 0.780647 0.934218 0.000000
vt 0.765604 0.925572 0.000000
vt 0.749123 0.912632 0.000000
vt 0.771472 0.916568 0.000000
vt 0.760830 0.934620 0.000000
vt 0.741552 0.919858 0.000000
vt 0.729890 0.900821 0.000000
vt 0.738012 0.897147 0.000000
vt 0.734419 0.926964 0.000000
vt 0.721178 0.904820 0.000000
vt 0.722980 0.886200 0.000000
vt 0.715244 0.890471 0.000000
vt 0.710732 0.870454 0.000000
vt 0.707450 0.894346 0.000000
vt 0.703811 0.871335 0.000000
vt 0.703389 0.848115 0.000000
vt 0.655933 0.764506 0.000000
vt 0.671497 0.782990 0.000000
vt 0.661323 0.760694 0.000000
vt 0.675843 0.779117 0.000000
vt 0.666085 0.756891 0.000000
vt 0.680159 0.775466 0.000000
vt 0.691946 0.790238 0.000000
vt 0.684848 0.772004 0.000000
vt 0.695519 0.788002 0.000000
vt 0.699326 0.785842 0.000000
vt 0.654321 0.737178 0.000000
vt 0.647996 0.739675 0.000000
vt 0.642419 0.727961 0.000000
vt 0.641428 0.743669 0.000000
vt 0.634618 0.730709 0.000000
vt 0.624722 0.703435 0.000000
vt 0.620957 0.673627 0.000000
vt 0.626035 0.733636 0.000000
vt 0.615759 0.705514 0.000000
vt 0.610853 0.674815 0.000000
vt 0.610477 0.657633 0.000000
vt 0.755633 0.943756 0.000000
vt 0.769444 0.951959 0.000000
vt 0.794340 0.962762 0.000000
vt 0.821284 0.965179 0.000000
vt 0.775071 0.943092 0.000000
vt 0.797218 0.952425 0.000000
vt 0.821158 0.954993 0.000000
vt 0.836685 0.954871 0.000000
vt 0.820983 0.944609 0.000000
vt 0.836928 0.944288 0.000000
vt 0.855507 0.941276 0.000000
vt 0.835564 0.933704 0.000000
vt 0.851657 0.930800 0.000000
vt 0.869954 0.922613 0.000000
vt 0.708995 0.558210 0.000000
vt 0.726542 0.545041 0.000000
vt 0.718914 0.534574 0.000000
vt 0.498297 0.312929 0.000000
vt 0.508595 0.310766 0.000000
vt 0.508695 0.315928 0.000000
vt 0.493955 0.316679 0.000000
vt 0.494988 0.312636 0.000000
vt 0.502617 0.303225 0.000000
vt 0.491777 0.312831 0.000000
vt 0.490241 0.310008 0.000000
vt 0.488142 0.306856 0.000000
vt 0.485002 0.310200 0.000000
vt 0.484423 0.296676 0.000000
vt 0.489554 0.297410 0.000000
vt 0.494277 0.298768 0.000000
vt 0.593688 0.512320 0.000000
vt 0.420689 0.026172 0.000000
vt 0.584899 0.501207 0.000000
vt 0.599983 0.488102 0.000000
vt 0.610727 0.498783 0.000000
vt 0.574364 0.489693 0.000000
vt 0.587483 0.477010 0.000000
vt 0.602318 0.458383 0.000000
vt 0.616822 0.466996 0.000000
vt 0.399537 0.077428 0.000000
vt 0.418562 0.083659 0.000000
vt 0.441420 0.095615 0.000000
vt 0.458353 0.109144 0.000000
vt 0.448049 0.119970 0.000000
vt 0.424781 0.070786 0.000000
vt 0.449307 0.083978 0.000000
vt 0.468966 0.100444 0.000000
vt 0.495922 0.132031 0.000000
vt 0.484706 0.138971 0.000000
vt 0.470081 0.120657 0.000000
vt 0.479449 0.111133 0.000000
vt 0.456266 0.074334 0.000000
vt 0.477628 0.092130 0.000000
vt 0.487832 0.102625 0.000000
vt 0.506449 0.125565 0.000000
vt 0.518286 0.152125 0.000000
vt 0.507581 0.156171 0.000000
vt 0.496035 0.093983 0.000000
vt 0.516091 0.119504 0.000000
vt 0.528749 0.148638 0.000000
vt 0.533850 0.163442 0.000000
vt 0.541162 0.193795 0.000000
vt 0.530855 0.195029 0.000000
vt 0.523296 0.166320 0.000000
vt 0.525767 0.113844 0.000000
vt 0.540110 0.144467 0.000000
vt 0.545474 0.161225 0.000000
vt 0.551763 0.192670 0.000000
vt 0.550057 0.226879 0.000000
vt 0.539560 0.225179 0.000000
vt 0.631697 0.364113 0.000000
vt 0.617407 0.339846 0.000000
vt 0.594826 0.324005 0.000000
vt 0.579526 0.318121 0.000000
vt 0.557522 0.315027 0.000000
vt 0.557908 0.305486 0.000000
vt 0.583468 0.308049 0.000000
vt 0.606861 0.348743 0.000000
vt 0.589569 0.335969 0.000000
vt 0.574557 0.329250 0.000000
vt 0.555607 0.325156 0.000000
vt 0.530267 0.322683 0.000000
vt 0.530825 0.315000 0.000000
vt 0.568950 0.339713 0.000000
vt 0.553137 0.334528 0.000000
vt 0.529002 0.330193 0.000000
vt 0.508921 0.321129 0.000000
vt 0.502411 0.253539 0.000000
vt 0.494748 0.277177 0.000000
vt 0.511357 0.255624 0.000000
vt 0.501807 0.279335 0.000000
vt 0.519586 0.258917 0.000000
vt 0.508259 0.282382 0.000000
vt 0.498596 0.300656 0.000000
vt 0.513814 0.285767 0.000000
vt 0.526525 0.262471 0.000000
vt 0.519716 0.289418 0.000000
vt 0.527704 0.236736 0.000000
vt 0.536618 0.238940 0.000000
vt 0.517443 0.235655 0.000000
vt 0.530222 0.222948 0.000000
vt 0.519667 0.221268 0.000000
vt 0.519968 0.196474 0.000000
vt 0.507838 0.219309 0.000000
vt 0.507665 0.197873 0.000000
vt 0.501547 0.175814 0.000000
vt 0.512933 0.170680 0.000000
vt 0.496154 0.199797 0.000000
vt 0.490137 0.180453 0.000000
vt 0.483395 0.164744 0.000000
vt 0.473627 0.146149 0.000000
vt 0.495265 0.160366 0.000000
vt 0.626045 0.384514 0.000000
vt 0.631982 0.407725 0.000000
vt 0.630723 0.430754 0.000000
vt 0.615668 0.427432 0.000000
vt 0.646664 0.406439 0.000000
vt 0.644937 0.435260 0.000000
vt 0.641090 0.451560 0.000000
vt 0.630233 0.476669 0.000000
vt 0.626512 0.447153 0.000000
vt 0.653585 0.454877 0.000000
vt 0.641999 0.484435 0.000000
vt 0.620469 0.509336 0.000000
vt 0.462454 0.064451 0.000000
vt 0.435203 0.049205 0.000000
vt 0.414121 0.038344 0.000000
vt 0.430086 0.059746 0.000000
vt 0.393773 0.044351 0.000000
vt 0.389205 0.057184 0.000000
vt 0.485313 0.083196 0.000000
vt 0.505804 0.086204 0.000000
vt 0.638391 0.379384 0.000000
vt 0.619523 0.369140 0.000000
vt 0.582935 0.347331 0.000000
vt 0.506402 0.235179 0.000000
vt 0.494044 0.318793 0.000000
vt 0.474400 0.869461 0.000000
vt 0.543399 0.959343 0.000000
vt 0.565126 0.938111 0.000000
vt 0.517047 0.973913 0.000000
vt 0.488424 0.980690 0.000000
vt 0.459261 0.980711 0.000000
vt 0.430616 0.973817 0.000000
vt 0.404679 0.959268 0.000000
vt 0.383689 0.938042 0.000000
vt 0.369237 0.912332 0.000000
vt 0.361787 0.883791 0.000000
vt 0.361895 0.854079 0.000000
vt 0.369565 0.824948 0.000000
vt 0.385756 0.799177 0.000000
vt 0.407963 0.779483 0.000000
vt 0.433555 0.766223 0.000000
vt 0.460808 0.759104 0.000000
vt 0.489114 0.758675 0.000000
vt 0.517350 0.765159 0.000000
vt 0.585294 0.855995 0.000000
vt 0.584332 0.884501 0.000000
vt 0.578927 0.912515 0.000000
vt 0.543211 0.779422 0.000000
vt 0.564670 0.800476 0.000000
vt 0.979529 0.719494 0.000000
vt 0.984329 0.717561 0.000000
vt 0.579763 0.826994 0.000000
vt 0.974846 0.721422 0.000000
vt 0.976857 0.078055 0.000000
vt 0.964911 0.723281 0.000000
vt 0.959761 0.723187 0.000000
vt 0.961730 0.078386 0.000000
vt 0.948295 0.722969 0.000000
vt 0.941756 0.722830 0.000000
vt 0.942270 0.079060 0.000000
vt 0.924465 0.722508 0.000000
vt 0.915954 0.722939 0.000000
vt 0.918620 0.075321 0.000000
vt 0.902141 0.725664 0.000000
vt 0.895601 0.728257 0.000000
vt 0.880016 0.736969 0.000000
vt 0.888397 0.731914 0.000000
vt 0.856006 0.755844 0.000000
vt 0.869353 0.744879 0.000000
vt 0.829882 0.781891 0.000000
vt 0.842946 0.768620 0.000000
vt 0.091654 0.940931 0.000000
vt 0.107979 0.963371 0.000000
vt 0.067252 0.892061 0.000000
vt 0.077828 0.917200 0.000000
vt 0.054675 0.839304 0.000000
vt 0.059737 0.866037 0.000000
vt 0.048702 0.785243 0.000000
vt 0.051301 0.811868 0.000000
vt 0.043749 0.744951 0.000000
vt 0.045626 0.761495 0.000000
vt 0.041292 0.726331 0.000000
vt 0.042678 0.735228 0.000000
vt 0.037054 0.710101 0.000000
vt 0.039422 0.718063 0.000000
vt 0.030612 0.693572 0.000000
vt 0.034025 0.702211 0.000000
vt 0.020760 0.665341 0.000000
vt 0.025624 0.680286 0.000000
vt 0.015171 0.645906 0.000000
vt 0.017510 0.654423 0.000000
vt 0.012252 0.632872 0.000000
vt 0.013471 0.639291 0.000000
vt 0.012519 0.619455 0.000000
vt 0.012179 0.626397 0.000000
vt 0.015072 0.599572 0.000000
vt 0.025235 0.568911 0.000000
vt 0.056294 0.520065 0.000000
vt 0.038626 0.547823 0.000000
vt 0.073145 0.511626 0.000000
vt 0.085218 0.510630 0.000000
vt 0.707870 0.797303 0.000000
vt 0.703229 0.784015 0.000000
vt 0.695355 0.766364 0.000000
vt 0.684987 0.745721 0.000000
vt 0.678920 0.729877 0.000000
vt 0.756424 0.905409 0.000000
vt 0.745089 0.892259 0.000000
vt 0.734791 0.555772 0.000000
vt 0.820841 0.933962 0.000000
vt 0.803073 0.931056 0.000000
vt 0.785439 0.924079 0.000000
vt 0.668657 0.675775 0.000000
vt 0.689484 0.604067 0.000000
vt 0.700764 0.587147 0.000000
vt 0.718796 0.568536 0.000000
vt 0.495151 0.321480 0.000000
vt 0.507965 0.326265 0.000000
vt 0.394579 0.092096 0.000000
vt 0.411653 0.098042 0.000000
vt 0.432859 0.108835 0.000000
vt 0.610942 0.442349 0.000000
vt 0.496963 0.235022 0.000000
vt 0.494430 0.251989 0.000000
vt 0.488585 0.275641 0.000000
vt 0.596407 0.358193 0.000000
vt 0.606416 0.374643 0.000000
vt 0.612655 0.389512 0.000000
vt 0.617274 0.408768 0.000000
vt 0.460429 0.131115 0.000000
vt 0.497449 0.218153 0.000000
vt 0.300959 0.129415 0.000000
vt 0.257862 0.099046 0.000000
vt 0.215684 0.069711 0.000000
vt 0.174179 0.040412 0.000000
vt 0.132749 0.010000 0.000000
vt 0.167323 0.955567 0.000000
vt 0.209869 0.929054 0.000000
vt 0.252571 0.901523 0.000000
vt 0.293001 0.869156 0.000000
vt 0.331271 0.834320 0.000000
vt 0.366044 0.795297 0.000000
vt 0.397302 0.753404 0.000000
vt 0.426653 0.710327 0.000000
vt 0.451005 0.662467 0.000000
vt 0.469381 0.611976 0.000000
vt 0.479494 0.560363 0.000000
vt 0.485238 0.509617 0.000000
vt 0.483699 0.456187 0.000000
vt 0.474242 0.400456 0.000000
vt 0.458564 0.344843 0.000000
vt 0.435980 0.294166 0.000000
vt 0.409243 0.247326 0.000000
vt 0.377739 0.204720 0.000000
vt 0.341747 0.164950 0.000000
vt 0.125253 0.984687 0.000000
vt 0.705609 0.816966 0.000000
vt 0.704293 0.829853 0.000000
vt 0.791945 0.972755 0.000000
vt 0.821419 0.975328 0.000000
vt 0.836701 0.975095 0.000000
vt 0.863792 0.971839 0.000000
vt 0.893090 0.958829 0.000000
vt 0.696191 0.483466 0.000000
vt 0.634210 0.748791 0.000000
vt 0.650022 0.768570 0.000000
vt 0.667105 0.786985 0.000000
vt 0.712632 0.908613 0.000000
vt 0.727350 0.933561 0.000000
vt 0.750717 0.952939 0.000000
vt 0.764231 0.961143 0.000000
vt 0.506352 0.306444 0.000000
vt 0.601879 0.523490 0.000000
vt 0.658634 0.405634 0.000000
vt 0.649049 0.374256 0.000000
vt 0.642768 0.359508 0.000000
vt 0.626868 0.332253 0.000000
vt 0.598273 0.313412 0.000000
vt 0.534075 0.266361 0.000000
vt 0.545259 0.243376 0.000000
vt 0.530275 0.307574 0.000000
vt 0.494064 0.073582 0.000000
vt 0.469191 0.054071 0.000000
vt 0.441639 0.037575 0.000000
vt 0.656795 0.439287 0.000000
# 1629 texture coords

o Group18965
g Group18965
f 1/1 5/2 6/3 7/4 
f 1/1 7/4 8/5 9/6 
f 9/6 10/7 5/2 1/1 
f 11/8 12/9 13/10 2/11 
f 2/11 13/10 14/12 15/13 
f 2/11 15/13 16/14 11/8 
f 3/15 17/16 18/17 19/18 
f 3/15 19/18 20/19 21/20 
f 21/20 22/21 17/16 3/15 
f 4/22 23/23 24/24 25/25 
f 4/22 25/25 26/26 27/27 
f 27/27 28/28 23/23 4/22 
f 42/29 41/30 43/31 44/32 
f 44/32 45/33 29/34 42/29 
f 44/32 46/35 47/36 45/33 
f 47/36 48/37 49/38 45/33 
f 49/38 30/39 29/34 45/33 
f 48/37 50/40 51/41 49/38 
f 51/41 31/42 30/39 49/38 
f 50/40 52/43 53/44 51/41 
f 51/41 53/44 32/45 31/42 
f 53/44 52/43 54/46 55/47 
f 55/47 33/48 32/45 53/44 
f 54/46 56/49 57/50 55/47 
f 57/50 34/51 33/48 55/47 
f 56/49 58/52 59/53 57/50 
f 59/53 35/54 34/51 57/50 
f 58/52 60/55 61/56 59/53 
f 61/56 36/57 35/54 59/53 
f 61/56 60/55 62/58 63/59 
f 63/59 37/60 36/57 61/56 
f 63/59 62/58 64/61 65/62 
f 65/62 38/63 37/60 63/59 
f 65/62 64/61 66/64 67/65 
f 67/65 39/66 38/63 65/62 
f 66/64 68/67 69/68 67/65 
f 69/68 70/69 39/66 67/65 
f 70/69 69/68 71/70 72/71 
f 71/70 73/72 74/73 72/71 
f 73/72 75/74 76/75 74/73 
f 75/74 77/76 78/77 76/75 
f 81/78 83/79 84/80 82/81 
f 84/80 85/82 40/83 82/81 
f 85/82 84/80 86/84 87/85 
f 87/85 88/86 43/31 85/82 
f 85/82 43/31 41/30 40/83 
f 87/85 89/87 90/88 88/86 
f 90/88 91/89 46/35 88/86 
f 46/35 44/32 43/31 88/86 
f 91/89 90/88 92/90 93/91 
f 93/91 94/92 95/93 91/89 
f 91/89 95/93 47/36 46/35 
f 94/92 96/94 97/95 95/93 
f 97/95 48/37 47/36 95/93 
f 96/94 98/96 99/97 97/95 
f 99/97 50/40 48/37 97/95 
f 98/96 100/98 101/99 99/97 
f 99/97 101/99 52/43 50/40 
f 100/98 102/100 103/101 101/99 
f 103/101 54/46 52/43 101/99 
f 102/100 104/102 105/103 103/101 
f 103/101 105/103 56/49 54/46 
f 104/102 106/104 107/105 105/103 
f 107/105 58/52 56/49 105/103 
f 106/104 108/106 109/107 107/105 
f 109/107 60/55 58/52 107/105 
f 109/107 108/106 110/108 111/109 
f 111/109 62/58 60/55 109/107 
f 111/109 110/108 112/110 113/111 
f 113/111 64/61 62/58 111/109 
f 112/110 114/112 115/113 113/111 
f 115/113 66/64 64/61 113/111 
f 115/113 114/112 116/114 117/115 
f 117/115 68/67 66/64 115/113 
f 116/114 118/116 119/117 117/115 
f 119/117 120/118 68/67 117/115 
f 120/118 71/70 69/68 68/67 
f 119/117 121/119 122/120 120/118 
f 120/118 122/120 73/72 71/70 
f 121/119 123/121 124/122 122/120 
f 124/122 75/74 73/72 122/120 
f 123/121 125/123 126/124 124/122 
f 124/122 126/124 77/76 75/74 
f 125/123 127/125 128/126 126/124 
f 126/124 128/126 129/127 77/76 
f 79/128 78/77 77/76 129/127 
f 128/126 130/129 131/130 129/127 
f 131/130 132/131 79/128 129/127 
f 131/130 133/132 80/133 132/131 
f 133/132 131/130 130/129 134/134 
f 134/1497 135/135 83/79 133/1494 
f 83/79 81/78 80/1495 133/1494 
f 134/1497 136/136 137/137 135/135 
f 137/137 138/138 86/84 135/135 
f 86/84 84/80 83/79 135/135 
f 138/138 137/137 139/139 140/140 
f 138/138 140/140 141/141 89/87 
f 138/138 89/87 87/85 86/84 
f 140/140 142/142 143/143 141/141 
f 143/143 144/144 92/90 141/141 
f 141/141 92/90 90/88 89/87 
f 144/144 143/143 145/145 146/146 
f 146/146 147/147 148/148 144/144 
f 148/148 93/91 92/90 144/144 
f 147/147 149/149 150/150 148/148 
f 150/150 94/92 93/91 148/148 
f 149/149 151/151 152/152 150/150 
f 150/150 152/152 96/94 94/92 
f 151/151 153/153 154/154 152/152 
f 152/152 154/154 98/96 96/94 
f 153/153 155/155 156/156 154/154 
f 156/156 100/98 98/96 154/154 
f 155/155 157/157 158/158 156/156 
f 158/158 102/100 100/98 156/156 
f 158/158 157/157 159/159 160/160 
f 160/160 104/102 102/100 158/158 
f 159/159 161/161 162/162 160/160 
f 162/162 106/104 104/102 160/160 
f 161/161 163/163 164/164 162/162 
f 164/164 108/106 106/104 162/162 
f 163/163 165/165 166/166 164/164 
f 166/166 110/108 108/106 164/164 
f 165/165 167/167 168/168 166/166 
f 168/168 112/110 110/108 166/166 
f 167/167 169/169 170/170 168/168 
f 170/170 114/112 112/110 168/168 
f 170/170 169/169 171/171 172/172 
f 172/172 116/114 114/112 170/170 
f 171/171 173/173 174/174 172/172 
f 174/174 118/116 116/114 172/172 
f 173/173 175/175 176/176 174/174 
f 176/176 177/177 118/116 174/174 
f 121/119 119/117 118/116 177/177 
f 176/176 178/178 179/179 177/177 
f 177/177 179/179 123/121 121/119 
f 178/178 180/180 181/181 179/179 
f 181/181 125/123 123/121 179/179 
f 180/180 182/182 183/183 181/181 
f 181/181 183/183 127/125 125/123 
f 182/182 184/184 185/185 183/183 
f 183/183 185/185 186/186 127/125 
f 130/129 128/126 127/125 186/186 
f 186/186 185/185 187/187 136/1498 
f 186/186 136/1498 134/134 130/129 
f 185/185 184/184 188/188 187/187 
f 188/1500 189/189 139/139 187/1499 
f 187/1499 139/139 137/137 136/136 
f 189/189 188/1500 190/190 191/191 
f 191/191 192/192 142/142 189/189 
f 189/189 142/142 140/140 139/139 
f 192/192 191/191 193/193 194/194 
f 194/194 195/195 145/145 192/192 
f 145/145 143/143 142/142 192/192 
f 194/194 196/196 197/197 195/195 
f 197/197 198/198 199/199 195/195 
f 195/195 199/199 146/146 145/145 
f 198/198 200/200 201/201 199/199 
f 201/201 147/147 146/146 199/199 
f 200/200 202/202 203/203 201/201 
f 201/201 203/203 149/149 147/147 
f 202/202 204/204 205/205 203/203 
f 203/203 205/205 151/151 149/149 
f 204/204 206/206 207/207 205/205 
f 205/205 207/207 153/153 151/151 
f 206/206 208/208 209/209 207/207 
f 209/209 155/155 153/153 207/207 
f 208/208 210/210 211/211 209/209 
f 211/211 157/157 155/155 209/209 
f 210/210 212/212 213/213 211/211 
f 213/213 159/159 157/157 211/211 
f 212/212 214/214 215/215 213/213 
f 215/215 161/161 159/159 213/213 
f 214/214 216/216 217/217 215/215 
f 217/217 163/163 161/161 215/215 
f 217/217 216/216 218/218 219/219 
f 219/219 165/165 163/163 217/217 
f 218/218 220/220 221/221 219/219 
f 221/221 167/167 165/165 219/219 
f 220/220 222/222 223/223 221/221 
f 223/223 169/169 167/167 221/221 
f 223/223 222/222 224/224 225/225 
f 225/225 171/171 169/169 223/223 
f 224/224 226/226 227/227 225/225 
f 227/227 173/173 171/171 225/225 
f 226/226 228/228 229/229 227/227 
f 229/229 175/175 173/173 227/227 
f 228/228 230/230 231/231 229/229 
f 231/231 232/232 175/175 229/229 
f 178/178 176/176 175/175 232/232 
f 231/231 233/233 234/234 232/232 
f 234/234 180/180 178/178 232/232 
f 233/233 235/235 236/236 234/234 
f 234/234 236/236 182/182 180/180 
f 235/235 237/237 238/238 236/236 
f 236/236 238/238 184/184 182/182 
f 238/238 237/237 239/239 190/1501 
f 190/1501 188/188 184/184 238/238 
f 237/237 240/240 241/241 239/239 
f 241/1503 242/242 193/193 239/1502 
f 239/1502 193/193 191/191 190/190 
f 242/242 241/1503 243/243 244/244 
f 244/244 245/245 196/196 242/242 
f 242/242 196/196 194/194 193/193 
f 245/245 244/244 246/246 247/247 
f 247/247 248/248 249/249 245/245 
f 245/245 249/249 197/197 196/196 
f 248/248 250/250 251/251 249/249 
f 249/249 251/251 198/198 197/197 
f 250/250 252/252 253/253 251/251 
f 251/251 253/253 200/200 198/198 
f 252/252 254/254 255/255 253/253 
f 253/253 255/255 202/202 200/200 
f 254/254 256/256 257/257 255/255 
f 255/255 257/257 204/204 202/202 
f 257/257 256/256 258/258 259/259 
f 259/259 206/206 204/204 257/257 
f 259/259 258/258 260/260 261/261 
f 261/261 208/208 206/206 259/259 
f 260/260 262/262 263/263 261/261 
f 263/263 210/210 208/208 261/261 
f 262/262 264/264 265/265 263/263 
f 265/265 212/212 210/210 263/263 
f 265/265 264/264 266/266 267/267 
f 267/267 214/214 212/212 265/265 
f 267/267 266/266 268/268 269/269 
f 269/269 216/216 214/214 267/267 
f 269/269 268/268 270/270 271/271 
f 271/271 218/218 216/216 269/269 
f 271/271 270/270 272/272 273/273 
f 273/273 220/220 218/218 271/271 
f 272/272 274/274 275/275 273/273 
f 275/275 222/222 220/220 273/273 
f 274/274 276/276 277/277 275/275 
f 277/277 224/224 222/222 275/275 
f 276/276 278/278 279/279 277/277 
f 277/277 279/279 226/226 224/224 
f 278/278 280/280 281/281 279/279 
f 279/279 281/281 228/228 226/226 
f 280/280 282/282 283/283 281/281 
f 281/281 283/283 230/230 228/228 
f 282/282 284/284 285/285 283/283 
f 283/283 285/285 286/286 230/230 
f 233/233 231/231 230/230 286/286 
f 285/285 287/287 288/288 286/286 
f 286/286 288/288 235/235 233/233 
f 287/287 289/289 240/240 288/288 
f 288/288 240/240 237/237 235/235 
f 289/289 287/287 290/290 291/291 
f 291/291 292/292 243/1504 289/289 
f 289/289 243/1504 241/241 240/240 
f 292/292 291/291 293/293 294/294 
f 294/1506 295/295 246/246 292/1505 
f 292/1505 246/246 244/244 243/243 
f 295/295 294/1506 296/296 297/297 
f 297/297 298/298 299/299 295/295 
f 295/295 299/299 247/247 246/246 
f 298/298 300/300 301/301 299/299 
f 299/299 301/301 248/248 247/247 
f 300/300 302/302 303/303 301/301 
f 301/301 303/303 250/250 248/248 
f 302/302 304/304 305/305 303/303 
f 303/303 305/305 252/252 250/250 
f 304/304 306/306 307/307 305/305 
f 305/305 307/307 254/254 252/252 
f 306/306 308/308 309/309 307/307 
f 309/309 256/256 254/254 307/307 
f 308/308 310/310 311/311 309/309 
f 311/311 258/258 256/256 309/309 
f 310/310 312/312 313/313 311/311 
f 313/313 260/260 258/258 311/311 
f 312/312 314/314 315/315 313/313 
f 313/313 315/315 262/262 260/260 
f 314/314 316/316 317/317 315/315 
f 315/315 317/317 264/264 262/262 
f 317/317 316/316 318/318 319/319 
f 319/319 266/266 264/264 317/317 
f 319/319 318/318 320/320 321/321 
f 321/321 268/268 266/266 319/319 
f 321/321 320/320 322/322 323/323 
f 323/323 270/270 268/268 321/321 
f 323/323 322/322 324/324 325/325 
f 325/325 272/272 270/270 323/323 
f 325/325 324/324 326/326 327/327 
f 327/327 274/274 272/272 325/325 
f 326/326 328/328 329/329 327/327 
f 327/327 329/329 276/276 274/274 
f 328/328 330/330 331/331 329/329 
f 329/329 331/331 278/278 276/276 
f 330/330 332/332 333/333 331/331 
f 331/331 333/333 280/280 278/278 
f 332/332 334/334 335/335 333/333 
f 333/333 335/335 282/282 280/280 
f 334/334 336/336 337/337 335/335 
f 335/335 337/337 284/284 282/282 
f 336/336 338/338 339/339 337/337 
f 337/337 339/339 290/290 284/284 
f 338/338 340/340 293/293 339/339 
f 339/339 293/293 291/291 290/290 
f 340/340 338/338 341/341 342/342 
f 342/342 343/343 296/1507 340/340 
f 340/340 296/1507 294/294 293/293 
f 343/343 342/342 344/344 345/345 
f 345/1509 346/346 347/347 343/1508 
f 343/1508 347/347 297/297 296/296 
f 346/346 348/348 349/349 347/347 
f 347/347 349/349 298/298 297/297 
f 348/348 350/350 351/351 349/349 
f 349/349 351/351 300/300 298/298 
f 351/351 350/350 352/352 353/353 
f 353/353 302/302 300/300 351/351 
f 352/352 354/354 355/355 353/353 
f 355/355 304/304 302/302 353/353 
f 354/354 356/356 357/357 355/355 
f 355/355 357/357 306/306 304/304 
f 356/356 358/358 359/359 357/357 
f 359/359 308/308 306/306 357/357 
f 358/358 360/360 361/361 359/359 
f 359/359 361/361 310/310 308/308 
f 360/360 362/362 363/363 361/361 
f 361/361 363/363 312/312 310/310 
f 362/362 364/364 365/365 363/363 
f 363/363 365/365 314/314 312/312 
f 364/364 366/366 367/367 365/365 
f 365/365 367/367 316/316 314/314 
f 367/367 366/366 368/368 369/369 
f 369/369 318/318 316/316 367/367 
f 369/369 368/368 370/370 371/371 
f 371/371 320/320 318/318 369/369 
f 371/371 370/370 372/372 373/373 
f 373/373 322/322 320/320 371/371 
f 373/373 372/372 374/374 375/375 
f 375/375 324/324 322/322 373/373 
f 375/375 374/374 376/376 377/377 
f 377/377 326/326 324/324 375/375 
f 376/376 378/378 379/379 377/377 
f 379/379 328/328 326/326 377/377 
f 378/378 380/380 381/381 379/379 
f 379/379 381/381 330/330 328/328 
f 380/380 382/382 383/383 381/381 
f 381/381 383/383 332/332 330/330 
f 382/382 384/384 385/385 383/383 
f 383/383 385/385 334/334 332/332 
f 384/384 386/386 387/387 385/385 
f 385/385 387/387 336/336 334/334 
f 386/386 388/388 341/341 387/387 
f 387/387 341/341 338/338 336/336 
f 388/388 386/386 389/389 390/390 
f 390/390 391/391 344/344 388/388 
f 344/344 342/342 341/341 388/388 
f 391/391 390/390 392/392 393/393 
f 393/393 394/394 395/395 391/391 
f 391/391 395/395 345/345 344/344 
f 394/1510 396/396 397/397 395/1511 
f 395/1511 397/397 346/346 345/1509 
f 396/396 398/398 399/399 397/397 
f 397/397 399/399 348/348 346/346 
f 398/398 400/400 401/401 399/399 
f 399/399 401/401 350/350 348/348 
f 400/400 402/402 403/403 401/401 
f 403/403 352/352 350/350 401/401 
f 402/402 404/404 405/405 403/403 
f 405/405 354/354 352/352 403/403 
f 404/404 406/406 407/407 405/405 
f 405/405 407/407 356/356 354/354 
f 406/406 408/408 409/409 407/407 
f 407/407 409/409 358/358 356/356 
f 408/408 410/410 411/411 409/409 
f 409/409 411/411 360/360 358/358 
f 410/410 412/412 413/413 411/411 
f 411/411 413/413 362/362 360/360 
f 412/412 414/414 415/415 413/413 
f 413/413 415/415 364/364 362/362 
f 414/414 416/416 417/417 415/415 
f 415/415 417/417 366/366 364/364 
f 416/416 418/418 419/419 417/417 
f 419/419 368/368 366/366 417/417 
f 419/419 418/418 420/420 421/421 
f 421/421 370/370 368/368 419/419 
f 421/421 420/420 422/422 423/423 
f 423/423 372/372 370/370 421/421 
f 423/423 422/422 424/424 425/425 
f 425/425 374/374 372/372 423/423 
f 425/425 424/424 426/426 427/427 
f 427/427 376/376 374/374 425/425 
f 427/427 426/426 428/428 429/429 
f 429/429 378/378 376/376 427/427 
f 429/429 428/428 430/430 431/431 
f 431/431 380/380 378/378 429/429 
f 430/430 432/432 433/433 431/431 
f 433/433 382/382 380/380 431/431 
f 432/432 434/434 435/435 433/433 
f 433/433 435/435 384/384 382/382 
f 434/434 436/436 389/389 435/435 
f 435/435 389/389 386/386 384/384 
f 436/436 434/434 437/437 438/438 
f 438/438 439/439 392/392 436/436 
f 436/436 392/392 390/390 389/389 
f 438/438 440/440 441/441 439/439 
f 439/439 441/441 442/442 443/443 
f 443/443 393/393 392/392 439/439 
f 442/442 444/444 445/445 443/443 
f 443/443 445/445 394/394 393/393 
f 444/1512 446/446 447/447 445/1513 
f 447/447 396/396 394/1510 445/1513 
f 446/446 448/448 449/449 447/447 
f 449/449 398/398 396/396 447/447 
f 449/449 448/448 450/450 451/451 
f 451/451 400/400 398/398 449/449 
f 451/451 450/450 452/452 453/453 
f 453/453 402/402 400/400 451/451 
f 453/453 452/452 454/454 455/455 
f 455/455 404/404 402/402 453/453 
f 454/454 456/456 457/457 455/455 
f 457/457 406/406 404/404 455/455 
f 457/457 456/456 458/458 459/459 
f 457/457 459/459 408/408 406/406 
f 458/458 460/460 461/461 459/459 
f 459/459 461/461 410/410 408/408 
f 460/460 462/462 463/463 461/461 
f 461/461 463/463 412/412 410/410 
f 462/462 464/464 465/465 463/463 
f 463/463 465/465 414/414 412/412 
f 464/464 466/466 467/467 465/465 
f 465/465 467/467 416/416 414/414 
f 466/466 468/468 469/469 467/467 
f 469/469 418/418 416/416 467/467 
f 469/469 468/468 470/470 471/471 
f 471/471 420/420 418/418 469/469 
f 471/471 470/470 472/472 473/473 
f 473/473 422/422 420/420 471/471 
f 473/473 472/472 474/474 475/475 
f 475/475 424/424 422/422 473/473 
f 475/475 474/474 476/476 477/477 
f 477/477 426/426 424/424 475/475 
f 477/477 476/476 478/478 479/479 
f 479/479 428/428 426/426 477/477 
f 479/479 478/478 480/480 481/481 
f 481/481 430/430 428/428 479/479 
f 481/481 480/480 482/482 483/483 
f 483/483 432/432 430/430 481/481 
f 483/483 482/482 484/484 437/437 
f 437/437 434/434 432/432 483/483 
f 482/482 485/485 486/486 484/484 
f 486/486 487/487 440/440 484/484 
f 484/484 440/440 438/438 437/437 
f 486/486 488/488 489/489 487/487 
f 487/487 489/489 490/490 491/491 
f 491/491 441/441 440/440 487/487 
f 491/491 490/490 492/492 493/493 
f 493/493 442/442 441/441 491/491 
f 493/493 492/492 494/494 495/495 
f 495/495 444/444 442/442 493/493 
f 494/1514 496/496 497/497 495/1515 
f 497/497 446/446 444/1512 495/1515 
f 496/496 498/498 499/499 497/497 
f 499/499 448/448 446/446 497/497 
f 498/498 500/500 501/501 499/499 
f 501/501 450/450 448/448 499/499 
f 500/500 502/502 503/503 501/501 
f 503/503 452/452 450/450 501/501 
f 502/502 504/504 505/505 503/503 
f 505/505 454/454 452/452 503/503 
f 504/504 506/506 507/507 505/505 
f 507/507 456/456 454/454 505/505 
f 507/507 506/506 508/508 509/509 
f 509/509 458/458 456/456 507/507 
f 508/508 510/510 511/511 509/509 
f 509/509 511/511 460/460 458/458 
f 510/510 512/512 513/513 511/511 
f 511/511 513/513 462/462 460/460 
f 512/512 514/514 515/515 513/513 
f 513/513 515/515 464/464 462/462 
f 514/514 516/516 517/517 515/515 
f 515/515 517/517 466/466 464/464 
f 516/516 518/518 519/519 517/517 
f 517/517 519/519 468/468 466/466 
f 519/519 518/518 520/520 521/521 
f 521/521 470/470 468/468 519/519 
f 521/521 520/520 522/522 523/523 
f 523/523 472/472 470/470 521/521 
f 522/522 524/524 525/525 523/523 
f 525/525 474/474 472/472 523/523 
f 524/524 526/526 527/527 525/525 
f 527/527 476/476 474/474 525/525 
f 527/527 526/526 528/528 529/529 
f 529/529 478/478 476/476 527/527 
f 529/529 528/528 530/530 531/531 
f 531/531 480/480 478/478 529/529 
f 531/531 530/530 532/532 485/485 
f 485/485 482/482 480/480 531/531 
f 530/1598 533/533 534/534 532/1599 
f 532/1599 534/534 535/535 488/1576 
f 488/488 486/486 485/485 532/532 
f 534/534 536/536 537/537 535/535 
f 537/537 538/538 539/539 535/535 
f 539/539 489/1577 488/1576 535/535 
f 539/539 538/538 540/540 541/541 
f 541/541 490/1578 489/1577 539/539 
f 541/541 540/540 542/542 543/543 
f 543/543 492/1579 490/1578 541/541 
f 542/542 544/544 545/545 543/543 
f 545/545 494/1580 492/1579 543/543 
f 545/1517 544/1516 546/546 547/547 
f 545/1517 547/547 496/1581 494/1600 
f 546/546 548/548 549/549 547/547 
f 547/547 549/549 498/1582 496/1581 
f 548/548 550/550 551/551 549/549 
f 549/549 551/551 500/1583 498/1582 
f 550/550 552/552 553/553 551/551 
f 553/553 502/1584 500/1583 551/551 
f 552/552 554/554 555/555 553/553 
f 553/553 555/555 504/1585 502/1584 
f 554/554 556/556 557/557 555/555 
f 555/555 557/557 506/1586 504/1585 
f 557/557 556/556 558/558 559/559 
f 559/559 508/1587 506/1586 557/557 
f 558/558 560/560 561/561 559/559 
f 561/561 510/1588 508/1587 559/559 
f 560/560 562/562 563/563 561/561 
f 561/561 563/563 512/1589 510/1588 
f 562/562 564/564 565/565 563/563 
f 563/563 565/565 514/1590 512/1589 
f 564/564 566/566 567/567 565/565 
f 565/565 567/567 516/1591 514/1590 
f 566/566 568/568 569/569 567/567 
f 567/567 569/569 518/1592 516/1591 
f 569/569 568/568 570/570 571/571 
f 571/571 520/1593 518/1592 569/569 
f 571/571 570/570 572/572 573/573 
f 573/573 522/1594 520/1593 571/571 
f 572/572 574/574 575/575 573/573 
f 573/573 575/575 524/1595 522/1594 
f 575/575 574/574 576/576 577/577 
f 577/577 526/1596 524/1595 575/575 
f 577/577 576/576 578/578 579/579 
f 579/579 528/1597 526/1596 577/577 
f 579/579 578/578 580/580 533/533 
f 533/533 530/1598 528/1597 579/579 
f 578/578 581/581 582/582 580/580 
f 582/582 583/583 536/536 580/580 
f 536/536 534/534 533/533 580/580 
f 583/583 582/582 584/584 585/585 
f 585/585 586/586 587/587 583/583 
f 587/587 537/537 536/536 583/583 
f 586/586 588/588 589/589 587/587 
f 587/587 589/589 538/538 537/537 
f 588/588 590/590 591/591 589/589 
f 591/591 540/540 538/538 589/589 
f 590/590 592/592 593/593 591/591 
f 593/593 542/542 540/540 591/591 
f 593/593 592/592 594/594 595/595 
f 595/595 544/544 542/542 593/593 
f 595/1519 594/1518 596/596 597/597 
f 597/597 546/546 544/1516 595/1519 
f 597/597 596/596 598/598 599/599 
f 599/599 548/548 546/546 597/597 
f 598/598 600/600 601/601 599/599 
f 599/599 601/601 550/550 548/548 
f 600/600 602/602 603/603 601/601 
f 601/601 603/603 552/552 550/550 
f 602/602 604/604 605/605 603/603 
f 605/605 554/554 552/552 603/603 
f 604/604 606/606 607/607 605/605 
f 607/607 556/556 554/554 605/605 
f 607/607 606/606 608/608 609/609 
f 609/609 558/558 556/556 607/607 
f 609/609 608/608 610/610 611/611 
f 611/611 560/560 558/558 609/609 
f 611/611 610/610 612/612 613/613 
f 613/613 562/562 560/560 611/611 
f 613/613 612/612 614/614 615/615 
f 615/615 564/564 562/562 613/613 
f 615/615 614/614 616/616 617/617 
f 615/615 617/617 566/566 564/564 
f 617/617 616/616 618/618 619/619 
f 617/617 619/619 568/568 566/566 
f 619/619 618/618 620/620 621/621 
f 619/619 621/621 570/570 568/568 
f 620/620 622/622 623/623 621/621 
f 621/621 623/623 572/572 570/570 
f 622/622 624/624 625/625 623/623 
f 623/623 625/625 574/574 572/572 
f 624/624 626/626 627/627 625/625 
f 627/627 576/576 574/574 625/625 
f 626/626 628/628 581/581 627/627 
f 581/581 578/578 576/576 627/627 
f 628/628 626/626 629/629 630/630 
f 630/630 631/631 584/584 628/628 
f 628/628 584/584 582/582 581/581 
f 630/630 632/632 633/633 631/631 
f 633/633 634/634 635/635 631/631 
f 631/631 635/635 585/585 584/584 
f 634/634 636/636 637/637 635/635 
f 635/635 637/637 586/586 585/585 
f 637/637 636/636 638/638 639/639 
f 637/637 639/639 588/588 586/586 
f 638/638 640/640 641/641 639/639 
f 639/639 641/641 590/590 588/588 
f 640/640 642/642 643/643 641/641 
f 641/641 643/643 592/592 590/590 
f 642/642 644/644 645/645 643/643 
f 643/643 645/645 594/594 592/592 
f 644/1520 646/646 647/647 645/1521 
f 647/647 596/596 594/1518 645/1521 
f 647/647 646/646 648/648 649/649 
f 649/649 598/598 596/596 647/647 
f 648/648 650/650 651/651 649/649 
f 649/649 651/651 600/600 598/598 
f 650/650 652/652 653/653 651/651 
f 651/651 653/653 602/602 600/600 
f 652/652 654/654 655/655 653/653 
f 653/653 655/655 604/604 602/602 
f 654/654 656/656 657/657 655/655 
f 655/655 657/657 606/606 604/604 
f 656/656 658/658 659/659 657/657 
f 659/659 608/608 606/606 657/657 
f 658/658 660/660 661/661 659/659 
f 661/661 610/610 608/608 659/659 
f 660/660 662/662 663/663 661/661 
f 663/663 612/612 610/610 661/661 
f 662/662 664/664 665/665 663/663 
f 663/663 665/665 614/614 612/612 
f 665/665 664/664 666/666 667/667 
f 667/667 616/616 614/614 665/665 
f 667/667 666/666 668/668 669/669 
f 669/669 618/618 616/616 667/667 
f 668/668 670/670 671/671 669/669 
f 669/669 671/671 620/620 618/618 
f 670/670 672/672 673/673 671/671 
f 671/671 673/673 622/622 620/620 
f 673/673 672/672 674/674 675/675 
f 675/675 624/624 622/622 673/673 
f 674/674 676/676 629/629 675/675 
f 675/675 629/629 626/626 624/624 
f 674/674 677/677 678/678 676/676 
f 678/678 679/679 632/632 676/676 
f 676/676 632/632 630/630 629/629 
f 678/678 680/680 681/681 679/679 
f 679/679 681/681 682/682 683/683 
f 683/683 633/633 632/632 679/679 
f 682/682 684/684 685/685 683/683 
f 685/685 634/634 633/633 683/683 
f 684/684 686/686 687/687 685/685 
f 685/685 687/687 636/636 634/634 
f 687/687 686/686 688/688 689/689 
f 689/689 638/638 636/636 687/687 
f 689/689 688/688 690/690 691/691 
f 691/691 640/640 638/638 689/689 
f 691/691 690/690 692/692 693/693 
f 691/691 693/693 642/642 640/640 
f 693/693 692/692 694/694 695/695 
f 693/693 695/695 644/644 642/642 
f 694/1522 696/696 697/697 695/1523 
f 695/1523 697/697 646/646 644/1520 
f 697/697 696/696 698/698 699/699 
f 699/699 648/648 646/646 697/697 
f 698/698 700/700 701/701 699/699 
f 699/699 701/701 650/650 648/648 
f 700/700 702/702 703/703 701/701 
f 701/701 703/703 652/652 650/650 
f 702/702 704/704 705/705 703/703 
f 703/703 705/705 654/654 652/652 
f 704/704 706/706 707/707 705/705 
f 705/705 707/707 656/656 654/654 
f 706/706 708/708 709/709 707/707 
f 707/707 709/709 658/658 656/656 
f 709/709 708/708 710/710 711/711 
f 711/711 660/660 658/658 709/709 
f 711/711 710/710 712/712 713/713 
f 713/713 662/662 660/660 711/711 
f 713/713 712/712 714/714 715/715 
f 715/715 664/664 662/662 713/713 
f 715/715 714/714 716/716 717/717 
f 717/717 666/666 664/664 715/715 
f 717/717 716/716 718/718 719/719 
f 719/719 668/668 666/666 717/717 
f 718/718 720/720 721/721 719/719 
f 719/719 721/721 670/670 668/668 
f 720/720 722/722 723/723 721/721 
f 721/721 723/723 672/672 670/670 
f 723/723 722/722 724/724 677/677 
f 677/677 674/674 672/672 723/723 
f 724/724 722/722 725/725 726/726 
f 726/726 727/727 680/680 724/724 
f 680/680 678/678 677/677 724/724 
f 727/727 726/726 728/728 729/729 
f 729/729 730/730 731/731 727/727 
f 731/731 681/681 680/680 727/727 
f 730/730 732/732 733/733 731/731 
f 733/733 682/682 681/681 731/731 
f 732/732 734/734 735/735 733/733 
f 733/733 735/735 684/684 682/682 
f 734/734 736/736 737/737 735/735 
f 735/735 737/737 686/686 684/684 
f 736/736 738/738 739/739 737/737 
f 739/739 688/688 686/686 737/737 
f 739/739 738/738 740/740 741/741 
f 741/741 690/690 688/688 739/739 
f 741/741 740/740 742/742 743/743 
f 743/743 692/692 690/690 741/741 
f 742/742 744/744 745/745 743/743 
f 745/745 694/694 692/692 743/743 
f 745/1525 744/1524 746/746 747/747 
f 747/747 696/696 694/1522 745/1525 
f 746/746 748/748 749/749 747/747 
f 749/749 698/698 696/696 747/747 
f 748/748 750/750 751/751 749/749 
f 749/749 751/751 700/700 698/698 
f 750/750 752/752 753/753 751/751 
f 751/751 753/753 702/702 700/700 
f 752/752 754/754 755/755 753/753 
f 753/753 755/755 704/704 702/702 
f 754/754 756/756 757/757 755/755 
f 755/755 757/757 706/706 704/704 
f 756/756 758/758 759/759 757/757 
f 759/759 708/708 706/706 757/757 
f 759/759 758/758 760/760 761/761 
f 761/761 710/710 708/708 759/759 
f 761/761 760/760 762/762 763/763 
f 763/763 712/712 710/710 761/761 
f 763/763 762/762 764/764 765/765 
f 765/765 714/714 712/712 763/763 
f 765/765 764/764 766/766 767/767 
f 767/767 716/716 714/714 765/765 
f 767/767 766/766 768/768 769/769 
f 769/769 718/718 716/716 767/767 
f 768/768 770/770 771/771 769/769 
f 769/769 771/771 720/720 718/718 
f 770/770 772/772 725/725 771/771 
f 771/771 725/725 722/722 720/720 
f 772/772 770/770 773/773 774/774 
f 774/774 775/775 728/728 772/772 
f 772/772 728/728 726/726 725/725 
f 775/775 774/774 776/776 777/777 
f 777/777 778/778 779/779 775/775 
f 775/775 779/779 729/729 728/728 
f 778/778 780/780 781/781 779/779 
f 779/779 781/781 730/730 729/729 
f 780/780 782/782 783/783 781/781 
f 781/781 783/783 732/732 730/730 
f 782/782 784/784 785/785 783/783 
f 785/785 734/734 732/732 783/783 
f 785/785 784/784 786/786 787/787 
f 785/785 787/787 736/736 734/734 
f 787/787 786/786 788/788 789/789 
f 789/789 738/738 736/736 787/787 
f 789/789 788/788 790/790 791/791 
f 791/791 740/740 738/738 789/789 
f 791/791 790/790 792/792 793/793 
f 793/793 742/742 740/740 791/791 
f 793/793 792/792 794/794 795/795 
f 793/793 795/795 744/744 742/742 
f 795/1527 794/1526 796/796 797/797 
f 797/797 746/746 744/1524 795/1527 
f 796/796 798/798 799/799 797/797 
f 797/797 799/799 748/748 746/746 
f 798/798 800/800 801/801 799/799 
f 799/799 801/801 750/750 748/748 
f 800/800 802/802 803/803 801/801 
f 801/801 803/803 752/752 750/750 
f 802/802 804/804 805/805 803/803 
f 803/803 805/805 754/754 752/752 
f 804/804 806/806 807/807 805/805 
f 805/805 807/807 756/756 754/754 
f 806/806 808/808 809/809 807/807 
f 807/807 809/809 758/758 756/756 
f 809/809 808/808 810/810 811/811 
f 811/811 760/760 758/758 809/809 
f 811/811 810/810 812/812 813/813 
f 813/813 762/762 760/760 811/811 
f 813/813 812/812 814/814 815/815 
f 815/815 764/764 762/762 813/813 
f 815/815 814/814 816/816 817/817 
f 817/817 766/766 764/764 815/815 
f 816/816 818/818 819/819 817/817 
f 819/819 768/768 766/766 817/817 
f 818/818 820/820 773/773 819/819 
f 819/819 773/773 770/770 768/768 
f 820/820 818/818 821/821 822/822 
f 822/822 823/823 776/776 820/820 
f 820/820 776/776 774/774 773/773 
f 823/823 822/822 824/824 825/825 
f 825/825 826/826 827/827 823/823 
f 823/823 827/827 777/777 776/776 
f 826/826 828/828 829/829 827/827 
f 827/827 829/829 778/778 777/777 
f 828/828 830/830 831/831 829/829 
f 829/829 831/831 780/780 778/778 
f 830/830 832/832 833/833 831/831 
f 831/831 833/833 782/782 780/780 
f 832/832 834/834 835/835 833/833 
f 833/833 835/835 784/784 782/782 
f 834/834 836/836 837/837 835/835 
f 837/837 786/786 784/784 835/835 
f 837/837 836/836 838/838 839/839 
f 839/839 788/788 786/786 837/837 
f 839/839 838/838 840/840 841/841 
f 841/841 790/790 788/788 839/839 
f 841/841 840/840 842/842 843/843 
f 843/843 792/792 790/790 841/841 
f 843/843 842/842 844/844 845/845 
f 845/845 794/794 792/792 843/843 
f 845/1529 844/1528 846/846 847/847 
f 847/847 796/796 794/1526 845/1529 
f 847/847 846/846 848/848 849/849 
f 849/849 798/798 796/796 847/847 
f 848/848 850/850 851/851 849/849 
f 849/849 851/851 800/800 798/798 
f 850/850 852/852 853/853 851/851 
f 851/851 853/853 802/802 800/800 
f 852/852 854/854 855/855 853/853 
f 853/853 855/855 804/804 802/802 
f 854/854 856/856 857/857 855/855 
f 855/855 857/857 806/806 804/804 
f 856/856 858/858 859/859 857/857 
f 857/857 859/859 808/808 806/806 
f 858/858 860/860 861/861 859/859 
f 861/861 810/810 808/808 859/859 
f 860/860 862/862 863/863 861/861 
f 863/863 812/812 810/810 861/861 
f 862/862 864/864 865/865 863/863 
f 865/865 814/814 812/812 863/863 
f 864/864 866/866 867/867 865/865 
f 867/867 816/816 814/814 865/865 
f 866/866 868/868 821/821 867/867 
f 821/821 818/818 816/816 867/867 
f 866/866 869/869 870/870 868/868 
f 870/870 871/871 824/824 868/868 
f 868/868 824/824 822/822 821/821 
f 870/870 872/872 873/873 871/871 
f 873/873 874/874 875/875 871/871 
f 871/871 875/875 825/825 824/824 
f 874/874 876/876 877/877 875/875 
f 875/875 877/877 826/826 825/825 
f 876/876 878/878 879/879 877/877 
f 879/879 828/828 826/826 877/877 
f 878/878 880/880 881/881 879/879 
f 881/881 830/830 828/828 879/879 
f 880/880 882/882 883/883 881/881 
f 881/881 883/883 832/832 830/830 
f 882/882 884/884 885/885 883/883 
f 883/883 885/885 834/834 832/832 
f 885/885 884/884 886/886 887/887 
f 887/887 836/836 834/834 885/885 
f 887/887 886/886 888/888 889/889 
f 889/889 838/838 836/836 887/887 
f 889/889 888/888 890/890 891/891 
f 891/891 840/840 838/838 889/889 
f 891/891 890/890 892/892 893/893 
f 893/893 842/842 840/840 891/891 
f 893/893 892/892 894/894 895/895 
f 895/895 844/844 842/842 893/893 
f 895/1531 894/1530 896/896 897/897 
f 897/897 846/846 844/1528 895/1531 
f 897/897 896/896 898/898 899/899 
f 899/899 848/848 846/846 897/897 
f 898/898 900/900 901/901 899/899 
f 899/899 901/901 850/850 848/848 
f 900/900 902/902 903/903 901/901 
f 901/901 903/903 852/852 850/850 
f 902/902 904/904 905/905 903/903 
f 903/903 905/905 854/854 852/852 
f 904/904 906/906 907/907 905/905 
f 905/905 907/907 856/856 854/854 
f 906/906 908/908 909/909 907/907 
f 907/907 909/909 858/858 856/856 
f 908/908 910/910 911/911 909/909 
f 909/909 911/911 860/860 858/858 
f 910/910 912/912 913/913 911/911 
f 911/911 913/913 862/862 860/860 
f 912/912 914/914 915/915 913/913 
f 913/913 915/915 864/864 862/862 
f 914/914 916/916 869/869 915/915 
f 915/915 869/869 866/866 864/864 
f 916/916 914/914 917/917 918/918 
f 918/918 919/919 872/872 916/916 
f 872/872 870/870 869/869 916/916 
f 919/919 918/918 920/920 921/921 
f 921/921 922/922 923/923 919/919 
f 923/923 873/873 872/872 919/919 
f 922/922 924/924 925/925 923/923 
f 923/923 925/925 874/874 873/873 
f 924/924 926/926 927/927 925/925 
f 925/925 927/927 876/876 874/874 
f 926/926 928/928 929/929 927/927 
f 927/927 929/929 878/878 876/876 
f 928/928 930/930 931/931 929/929 
f 929/929 931/931 880/880 878/878 
f 931/931 930/930 932/932 933/933 
f 933/933 882/882 880/880 931/931 
f 933/933 932/932 934/934 935/935 
f 935/935 884/884 882/882 933/933 
f 935/935 934/934 936/936 937/937 
f 937/937 886/886 884/884 935/935 
f 937/937 936/936 938/938 939/939 
f 939/939 888/888 886/886 937/937 
f 939/939 938/938 940/940 941/941 
f 941/941 890/890 888/888 939/939 
f 941/941 940/940 942/942 943/943 
f 943/943 892/892 890/890 941/941 
f 943/943 942/942 944/944 945/945 
f 945/945 894/894 892/892 943/943 
f 945/1533 944/1532 946/946 947/947 
f 947/947 896/896 894/1530 945/1533 
f 947/947 946/946 948/948 949/949 
f 949/949 898/898 896/896 947/947 
f 948/948 950/950 951/951 949/949 
f 951/951 900/900 898/898 949/949 
f 950/950 952/952 953/953 951/951 
f 951/951 953/953 902/902 900/900 
f 952/952 954/954 955/955 953/953 
f 953/953 955/955 904/904 902/902 
f 954/954 956/956 957/957 955/955 
f 955/955 957/957 906/906 904/904 
f 956/956 958/958 959/959 957/957 
f 957/957 959/959 908/908 906/906 
f 958/958 960/960 961/961 959/959 
f 959/959 961/961 910/910 908/908 
f 960/960 962/962 963/963 961/961 
f 961/961 963/963 912/912 910/910 
f 962/962 964/964 917/917 963/963 
f 963/963 917/917 914/914 912/912 
f 964/964 962/962 965/965 966/966 
f 966/966 967/967 920/920 964/964 
f 964/964 920/920 918/918 917/917 
f 967/967 966/966 968/968 969/969 
f 969/969 970/970 971/971 967/967 
f 967/967 971/971 921/921 920/920 
f 970/970 972/972 973/973 971/971 
f 971/971 973/973 922/922 921/921 
f 972/972 974/974 975/975 973/973 
f 973/973 975/975 924/924 922/922 
f 974/974 976/976 977/977 975/975 
f 975/975 977/977 926/926 924/924 
f 976/976 978/978 979/979 977/977 
f 977/977 979/979 928/928 926/926 
f 978/978 980/980 981/981 979/979 
f 981/981 930/930 928/928 979/979 
f 980/980 982/982 983/983 981/981 
f 983/983 932/932 930/930 981/981 
f 983/983 982/982 984/984 985/985 
f 985/985 934/934 932/932 983/983 
f 985/985 984/984 986/986 987/987 
f 987/987 936/936 934/934 985/985 
f 986/986 988/988 989/989 987/987 
f 989/989 938/938 936/936 987/987 
f 989/989 988/988 990/990 991/991 
f 991/991 940/940 938/938 989/989 
f 991/991 990/990 992/992 993/993 
f 993/993 942/942 940/940 991/991 
f 993/993 992/992 994/994 995/995 
f 995/995 944/944 942/942 993/993 
f 995/1535 994/1534 996/996 997/997 
f 997/997 946/946 944/1532 995/1535 
f 997/997 996/996 998/998 999/999 
f 999/999 948/948 946/946 997/997 
f 998/998 1000/1000 1001/1001 999/999 
f 999/999 1001/1001 950/950 948/948 
f 1000/1000 1002/1002 1003/1003 1001/1001 
f 1001/1001 1003/1003 952/952 950/950 
f 1002/1002 1004/1004 1005/1005 1003/1003 
f 1003/1003 1005/1005 954/954 952/952 
f 1004/1004 1006/1006 1007/1007 1005/1005 
f 1005/1005 1007/1007 956/956 954/954 
f 1006/1006 1008/1008 1009/1009 1007/1007 
f 1009/1009 958/958 956/956 1007/1007 
f 1009/1009 1008/1008 1010/1010 1011/1011 
f 1011/1011 960/960 958/958 1009/1009 
f 1010/1010 1012/1012 965/965 1011/1011 
f 965/965 962/962 960/960 1011/1011 
f 1010/1010 1013/1013 1014/1014 1012/1012 
f 1014/1014 1015/1015 968/968 1012/1012 
f 968/968 966/966 965/965 1012/1012 
f 1015/1015 1014/1014 1016/1016 1017/1017 
f 1017/1017 1018/1018 1019/1019 1015/1015 
f 1015/1015 1019/1019 969/969 968/968 
f 1018/1018 1020/1020 1021/1021 1019/1019 
f 1019/1019 1021/1021 970/970 969/969 
f 1020/1020 1022/1022 1023/1023 1021/1021 
f 1021/1021 1023/1023 972/972 970/970 
f 1023/1023 1022/1022 1024/1024 1025/1025 
f 1025/1025 974/974 972/972 1023/1023 
f 1024/1024 1026/1026 1027/1027 1025/1025 
f 1025/1025 1027/1027 976/976 974/974 
f 1026/1026 1028/1028 1029/1029 1027/1027 
f 1027/1027 1029/1029 978/978 976/976 
f 1028/1028 1030/1030 1031/1031 1029/1029 
f 1029/1029 1031/1031 980/980 978/978 
f 1030/1030 1032/1032 1033/1033 1031/1031 
f 1033/1033 982/982 980/980 1031/1031 
f 1032/1032 1034/1034 1035/1035 1033/1033 
f 1035/1035 984/984 982/982 1033/1033 
f 1035/1035 1034/1034 1036/1036 1037/1037 
f 1037/1037 986/986 984/984 1035/1035 
f 1037/1037 1036/1036 1038/1038 1039/1039 
f 1039/1039 988/988 986/986 1037/1037 
f 1039/1039 1038/1038 1040/1040 1041/1041 
f 1041/1041 990/990 988/988 1039/1039 
f 1041/1041 1040/1040 1042/1042 1043/1043 
f 1043/1043 992/992 990/990 1041/1041 
f 1042/1042 1044/1044 1045/1045 1043/1043 
f 1045/1045 994/994 992/992 1043/1043 
f 1045/1537 1044/1536 1046/1046 1047/1047 
f 1047/1047 996/996 994/1534 1045/1537 
f 1046/1046 1048/1048 1049/1049 1047/1047 
f 1049/1049 998/998 996/996 1047/1047 
f 1048/1048 1050/1050 1051/1051 1049/1049 
f 1049/1049 1051/1051 1000/1000 998/998 
f 1050/1050 1052/1052 1053/1053 1051/1051 
f 1051/1051 1053/1053 1002/1002 1000/1000 
f 1052/1052 1054/1054 1055/1055 1053/1053 
f 1053/1053 1055/1055 1004/1004 1002/1002 
f 1054/1054 1056/1056 1057/1057 1055/1055 
f 1055/1055 1057/1057 1006/1006 1004/1004 
f 1056/1056 1058/1058 1059/1059 1057/1057 
f 1057/1057 1059/1059 1008/1008 1006/1006 
f 1058/1058 1060/1060 1013/1013 1059/1059 
f 1013/1013 1010/1010 1008/1008 1059/1059 
f 1060/1060 1058/1058 1061/1061 1062/1062 
f 1062/1062 1063/1063 1016/1016 1060/1060 
f 1060/1060 1016/1016 1014/1014 1013/1013 
f 1063/1063 1062/1062 1064/1064 1065/1065 
f 1065/1065 1066/1066 1067/1067 1063/1063 
f 1063/1063 1067/1067 1017/1017 1016/1016 
f 1066/1066 1068/1068 1069/1069 1067/1067 
f 1069/1069 1018/1018 1017/1017 1067/1067 
f 1068/1068 1070/1070 1071/1071 1069/1069 
f 1069/1069 1071/1071 1020/1020 1018/1018 
f 1070/1070 1072/1072 1073/1073 1071/1071 
f 1071/1071 1073/1073 1022/1022 1020/1020 
f 1072/1072 1074/1074 1075/1075 1073/1073 
f 1073/1073 1075/1075 1024/1024 1022/1022 
f 1075/1075 1074/1074 1076/1076 1077/1077 
f 1077/1077 1026/1026 1024/1024 1075/1075 
f 1076/1076 1078/1078 1079/1079 1077/1077 
f 1079/1079 1028/1028 1026/1026 1077/1077 
f 1079/1079 1078/1078 1080/1080 1081/1081 
f 1081/1081 1030/1030 1028/1028 1079/1079 
f 1081/1081 1080/1080 1082/1082 1083/1083 
f 1083/1083 1032/1032 1030/1030 1081/1081 
f 1082/1082 1084/1084 1085/1085 1083/1083 
f 1085/1085 1034/1034 1032/1032 1083/1083 
f 1084/1084 1086/1086 1087/1087 1085/1085 
f 1087/1087 1036/1036 1034/1034 1085/1085 
f 1087/1087 1086/1086 1088/1088 1089/1089 
f 1089/1089 1038/1038 1036/1036 1087/1087 
f 1089/1089 1088/1088 1090/1090 1091/1091 
f 1091/1091 1040/1040 1038/1038 1089/1089 
f 1091/1091 1090/1090 1092/1092 1093/1093 
f 1093/1093 1042/1042 1040/1040 1091/1091 
f 1092/1092 1094/1094 1095/1095 1093/1093 
f 1095/1095 1044/1044 1042/1042 1093/1093 
f 1094/1538 1096/1096 1097/1097 1095/1539 
f 1097/1097 1046/1046 1044/1536 1095/1539 
f 1097/1097 1096/1096 1098/1098 1099/1099 
f 1099/1099 1048/1048 1046/1046 1097/1097 
f 1098/1098 1100/1100 1101/1101 1099/1099 
f 1099/1099 1101/1101 1050/1050 1048/1048 
f 1100/1100 1102/1102 1103/1103 1101/1101 
f 1101/1101 1103/1103 1052/1052 1050/1050 
f 1102/1102 1104/1104 1105/1105 1103/1103 
f 1103/1103 1105/1105 1054/1054 1052/1052 
f 1104/1104 1106/1106 1107/1107 1105/1105 
f 1105/1105 1107/1107 1056/1056 1054/1054 
f 1106/1106 1108/1108 1061/1061 1107/1107 
f 1107/1107 1061/1061 1058/1058 1056/1056 
f 1108/1108 1106/1106 1132/1109 1109/1110 
f 1109/1110 1110/1111 1064/1064 1108/1108 
f 1108/1108 1064/1064 1062/1062 1061/1061 
f 1110/1111 1111/1112 1065/1065 1064/1064 
f 1111/1112 1112/1113 1066/1066 1065/1065 
f 1112/1113 1113/1114 1068/1068 1066/1066 
f 1113/1114 1114/1115 1070/1070 1068/1068 
f 1114/1115 1115/1116 1072/1072 1070/1070 
f 1115/1116 1116/1117 1074/1074 1072/1072 
f 1116/1117 1117/1118 1076/1076 1074/1074 
f 1117/1118 1118/1119 1078/1078 1076/1076 
f 1118/1119 1119/1120 1080/1080 1078/1078 
f 1119/1120 1120/1121 1082/1082 1080/1080 
f 1120/1121 1121/1122 1084/1084 1082/1082 
f 1121/1122 1122/1123 1086/1086 1084/1084 
f 1122/1123 1123/1124 1088/1088 1086/1086 
f 1123/1124 1124/1125 1090/1090 1088/1088 
f 1124/1125 1125/1126 1092/1092 1090/1090 
f 1125/1126 1126/1127 1094/1094 1092/1092 
f 1126/1540 1127/1128 1096/1096 1094/1538 
f 1127/1128 1128/1129 1098/1098 1096/1096 
f 1128/1129 1129/1130 1100/1100 1098/1098 
f 1129/1130 1130/1131 1102/1102 1100/1100 
f 1130/1131 1131/1132 1104/1104 1102/1102 
f 1131/1132 1132/1109 1106/1106 1104/1104 
f 1132/1109 1131/1132 1153/1133 1133/1134 
f 1133/1134 1134/1135 1109/1110 1132/1109 
f 1134/1135 1135/1136 1110/1111 1109/1110 
f 1135/1136 1136/1137 1111/1112 1110/1111 
f 1136/1137 1137/1138 1112/1113 1111/1112 
f 1137/1138 1138/1139 1113/1114 1112/1113 
f 1138/1139 1139/1140 1114/1115 1113/1114 
f 1139/1140 1140/1141 1115/1116 1114/1115 
f 1140/1141 1141/1142 1116/1117 1115/1116 
f 1141/1142 1142/1143 1117/1118 1116/1117 
f 1142/1143 1143/1144 1118/1119 1117/1118 
f 1143/1144 1144/1145 1119/1120 1118/1119 
f 1144/1145 26/26 1120/1121 1119/1120 
f 26/26 25/25 1121/1122 1120/1121 
f 25/25 24/24 1122/1123 1121/1122 
f 24/24 1145/1146 1123/1124 1122/1123 
f 1145/1146 1146/1147 1124/1125 1123/1124 
f 1146/1147 1147/1148 1125/1126 1124/1125 
f 1147/1148 1148/1149 1126/1127 1125/1126 
f 1148/1541 1149/1150 1127/1128 1126/1540 
f 1149/1150 1150/1151 1128/1129 1127/1128 
f 1150/1151 1151/1152 1129/1130 1128/1129 
f 1151/1152 1152/1153 1130/1131 1129/1130 
f 1152/1153 1153/1133 1131/1132 1130/1131 
f 1153/1133 1152/1153 1154/1154 1155/1155 
f 1155/1155 1156/1156 1133/1134 1153/1133 
f 1156/1156 1155/1155 1157/1157 1158/1158 
f 1158/1158 9/6 8/5 1156/1156 
f 1156/1156 8/5 1134/1135 1133/1134 
f 1158/1158 1157/1157 1159/1159 1160/1160 
f 1160/1160 10/7 9/6 1158/1158 
f 1159/1159 1161/1161 1162/1162 1160/1160 
f 1162/1162 1163/1163 10/7 1160/1160 
f 1163/1163 1162/1162 1164/1164 1165/1165 
f 1165/1165 1166/1166 1167/1167 1163/1163 
f 1163/1163 1167/1167 5/2 10/7 
f 1167/1167 1168/1168 6/3 5/2 
f 1166/1166 1169/1169 1168/1168 1167/1167 
f 1138/1139 1137/1138 1168/1168 1169/1169 
f 1166/1166 16/14 1170/1170 1169/1169 
f 1169/1169 1170/1170 1139/1140 1138/1139 
f 16/14 15/13 1171/1171 1170/1170 
f 1170/1170 1171/1171 1140/1141 1139/1140 
f 15/13 14/12 1172/1172 1171/1171 
f 1171/1171 1172/1172 1141/1142 1140/1141 
f 14/12 1173/1173 1174/1174 1172/1172 
f 1172/1172 1174/1174 1142/1143 1141/1142 
f 1173/1173 1175/1175 1176/1176 1174/1174 
f 1174/1174 1176/1176 1143/1144 1142/1143 
f 1175/1175 1177/1177 1178/1178 1176/1176 
f 1176/1176 1178/1178 1144/1145 1143/1144 
f 1177/1177 28/28 27/27 1178/1178 
f 1178/1178 27/27 26/26 1144/1145 
f 1177/1177 1175/1175 1179/1179 1180/1180 
f 1180/1180 1181/1181 28/28 1177/1177 
f 1181/1181 1182/1182 23/23 28/28 
f 1181/1181 1180/1180 1183/1183 1184/1184 
f 1184/1184 1185/1185 1182/1182 1181/1181 
f 1185/1185 1146/1147 1145/1146 1182/1182 
f 1185/1185 1184/1184 1186/1186 1187/1187 
f 1187/1187 1147/1148 1146/1147 1185/1185 
f 1187/1187 1186/1186 1188/1188 1189/1189 
f 1189/1189 1148/1149 1147/1148 1187/1187 
f 1189/1543 1188/1542 21/20 20/19 
f 20/19 1149/1150 1148/1541 1189/1543 
f 1188/1188 1186/1186 1190/1190 1191/1191 
f 1191/1544 22/21 21/20 1188/1542 
f 1191/1191 1190/1190 1192/1192 1193/1193 
f 1193/1545 1194/1194 22/21 1191/1544 
f 1194/1194 1195/1195 17/16 22/21 
f 1194/1194 1193/1545 1161/1161 1159/1159 
f 1159/1159 1157/1157 1195/1195 1194/1194 
f 1195/1195 1154/1154 18/17 17/16 
f 1157/1157 1155/1155 1154/1154 1195/1195 
f 1193/1545 1192/1192 1196/1196 1161/1161 
f 1192/1192 1197/1197 1198/1198 1196/1196 
f 1196/1196 1198/1198 12/9 1164/1164 
f 1164/1164 1162/1162 1161/1161 1196/1196 
f 1197/1197 1179/1179 1199/1199 1198/1198 
f 1198/1198 1199/1199 13/10 12/9 
f 1173/1173 14/12 13/10 1199/1199 
f 1199/1199 1179/1179 1175/1175 1173/1173 
f 1197/1197 1183/1183 1180/1180 1179/1179 
f 1197/1197 1192/1192 1190/1190 1183/1183 
f 1190/1190 1186/1186 1184/1184 1183/1183 
f 1182/1182 1145/1146 24/24 23/23 
f 1137/1138 1136/1137 6/3 1168/1168 
f 1166/1166 1165/1165 11/8 16/14 
f 1164/1164 12/9 11/8 1165/1165 
f 1154/1154 1152/1153 1151/1152 18/17 
f 1150/1151 19/18 18/17 1151/1152 
f 1149/1150 20/19 19/18 1150/1151 
f 1136/1137 1135/1136 7/4 6/3 
f 1135/1136 1134/1135 8/5 7/4 
f 287/287 285/285 284/284 290/290 
f 1200/1206 1207/1207 1208/1208 1209/1209 
f 1200/1206 1209/1209 1210/1210 1211/1211 
f 1213/1213 1208/1602 1207/1601 1212/1212 
f 1205/1204 1214/1214 1213/1213 1212/1212 
f 1215/1215 1216/1216 1213/1213 1214/1214 
f 1214/1214 1205/1204 1204/1203 1217/1217 
f 1214/1214 1217/1217 1218/1218 1215/1215 
f 1219/1219 1220/1220 1215/1215 1218/1218 
f 1217/1217 1221/1221 1222/1222 1218/1218 
f 1222/1222 1223/1223 1219/1219 1218/1218 
f 1223/1223 1224/1224 1225/1225 1219/1219 
f 1223/1549 1222/1548 1226/1226 1227/1227 
f 1227/1227 1228/1228 1224/1550 1223/1549 
f 1419/1229 1229/1230 1230/1231 1417/1232 
f 1228/1228 1227/1227 1231/1233 1232/1234 
f 1420/1235 1233/1236 1229/1230 1419/1229 
f 1233/1236 1234/1237 1235/1238 1229/1230 
f 1420/1235 1423/1239 1237/1240 1233/1236 
f 1237/1240 1238/1241 1234/1237 1233/1236 
f 1424/1242 1239/1243 1240/1244 1421/1245 
f 1237/1240 1241/1246 1242/1247 1238/1241 
f 1425/1248 1243/1249 1239/1243 1424/1242 
f 1243/1249 1244/1250 1245/1251 1239/1243 
f 1243/1249 1425/1248 1428/1252 1247/1253 
f 1247/1253 1248/1254 1244/1250 1243/1249 
f 1249/1255 1250/1256 1426/1257 1429/1258 
f 1247/1253 1251/1259 1252/1260 1248/1254 
f 1429/1258 1430/1261 1253/1262 1249/1255 
f 1254/1263 1255/1264 1249/1255 1253/1262 
f 1430/1605 1431/1265 1257/1266 1253/1606 
f 1253/1606 1257/1266 1258/1267 1254/1607 
f 1258/1267 1259/1268 1260/1269 1254/1607 
f 1258/1267 1257/1266 1261/1270 1262/1271 
f 1262/1271 1263/1272 1259/1268 1258/1267 
f 1263/1272 1262/1271 1264/1273 1265/1274 
f 1267/1276 1268/1277 1269/1278 1255/1264 
f 1255/1264 1254/1263 1260/1608 1267/1276 
f 1268/1277 1270/1279 1271/1280 1269/1278 
f 1271/1280 1272/1281 1250/1256 1269/1278 
f 1250/1256 1249/1255 1255/1264 1269/1278 
f 1272/1281 1271/1280 1273/1282 1274/1283 
f 1274/1283 1432/1284 1427/1285 1272/1281 
f 1427/1285 1426/1257 1250/1256 1272/1281 
f 1432/1284 1274/1283 1276/1286 1277/1287 
f 1433/1288 1278/1289 1240/1244 1275/1290 
f 1240/1244 1239/1243 1245/1251 1275/1290 
f 1433/1288 1434/1291 1280/1292 1278/1289 
f 1278/1289 1280/1292 1435/1293 1422/1294 
f 1278/1289 1422/1294 1421/1245 1240/1244 
f 1280/1555 1282/1295 1283/1296 1435/1556 
f 1436/1297 1284/1298 1230/1551 1281/1299 
f 1230/1231 1229/1230 1235/1238 1281/1557 
f 1284/1298 1436/1297 1437/1300 1286/1301 
f 1284/1298 1286/1301 1438/1302 1418/1303 
f 1284/1298 1418/1303 1417/1552 1230/1551 
f 1286/1301 1288/1304 1289/1305 1438/1302 
f 1287/1306 1439/1307 1290/1308 1220/1220 
f 1220/1220 1219/1219 1225/1225 1287/1306 
f 1439/1307 1440/1309 1292/1310 1290/1308 
f 1290/1308 1292/1310 1293/1311 1216/1216 
f 1216/1216 1215/1215 1220/1220 1290/1308 
f 1293/1611 1292/1610 1294/1312 1295/1313 
f 1295/1313 1209/1209 1208/1208 1293/1611 
f 1208/1602 1213/1213 1216/1216 1293/1311 
f 1294/1312 1296/1314 1297/1315 1295/1313 
f 1297/1315 1210/1210 1209/1209 1295/1313 
f 1296/1314 1298/1316 1299/1317 1297/1315 
f 1299/1317 1300/1318 1210/1210 1297/1315 
f 1300/1318 1299/1317 1301/1319 1302/1320 
f 1300/1318 1302/1320 1202/1201 1201/1200 
f 1300/1318 1201/1200 1211/1211 1210/1210 
f 1302/1320 1301/1319 1226/1226 1303/1321 
f 1303/1321 1203/1202 1202/1201 1302/1320 
f 1303/1321 1226/1226 1222/1548 1221/1547 
f 1221/1547 1206/1546 1203/1202 1303/1321 
f 1301/1319 1231/1233 1227/1227 1226/1226 
f 1301/1319 1299/1317 1298/1316 1231/1233 
f 1298/1316 1236/1322 1232/1234 1231/1233 
f 1296/1314 1304/1323 1236/1322 1298/1316 
f 1441/1324 1241/1246 1237/1240 1423/1239 
f 1296/1314 1294/1312 1442/1325 1304/1323 
f 1305/1326 1306/1327 1241/1246 1441/1324 
f 1306/1327 1246/1328 1242/1247 1241/1246 
f 1306/1327 1305/1326 1291/1329 1307/1330 
f 1307/1330 1308/1331 1246/1328 1306/1327 
f 1251/1259 1247/1253 1428/1252 1443/1332 
f 1307/1613 1288/1304 1444/1333 1308/1614 
f 1443/1615 1309/1334 1310/1335 1251/1603 
f 1310/1335 1256/1336 1252/1604 1251/1603 
f 1309/1334 1285/1337 1311/1338 1310/1335 
f 1311/1338 1312/1339 1256/1336 1310/1335 
f 1261/1270 1257/1266 1431/1265 1445/1340 
f 1312/1339 1311/1338 1282/1295 1446/1341 
f 1313/1342 1314/1343 1261/1270 1445/1340 
f 1314/1343 1264/1273 1262/1271 1261/1270 
f 1313/1342 1279/1344 1315/1345 1314/1343 
f 1314/1343 1315/1345 1316/1346 1264/1273 
f 1316/1346 1266/1275 1265/1274 1264/1273 
f 1315/1559 1276/1286 1317/1347 1316/1560 
f 1316/1560 1317/1347 1318/1348 1266/1553 
f 1317/1347 1273/1282 1319/1349 1318/1348 
f 1273/1282 1271/1280 1270/1279 1319/1349 
f 1317/1347 1276/1286 1274/1283 1273/1282 
f 1279/1558 1277/1287 1276/1286 1315/1559 
f 1282/1295 1280/1555 1434/1554 1446/1341 
f 1285/1337 1283/1296 1282/1295 1311/1338 
f 1288/1304 1286/1301 1437/1300 1444/1333 
f 1291/1612 1289/1305 1288/1304 1307/1613 
f 1294/1312 1292/1610 1440/1609 1442/1325 
f 1221/1221 1217/1217 1204/1203 1206/1205 
f 1320/1350 1322/1351 1323/1352 1324/1353 
f 1320/1350 1325/1354 1326/1355 1322/1616 
f 1321/1358 1329/1359 1330/1360 1331/1361 
f 1321/1358 1331/1361 1332/1362 1328/1357 
f 1336/1366 1337/1367 1333/1363 1335/1365 
f 1335/1365 1338/1368 1339/1369 1336/1366 
f 1340/1370 1341/1371 1336/1366 1339/1369 
f 1339/1564 1338/1563 1342/1372 1343/1373 
f 1343/1373 1344/1374 1340/1565 1339/1564 
f 1344/1374 1345/1375 1346/1376 1340/1565 
f 1344/1374 1343/1373 1347/1377 1348/1378 
f 1348/1378 1349/1379 1345/1375 1344/1374 
f 1350/1380 1351/1381 1447/1382 1449/1383 
f 1348/1378 1352/1384 1353/1385 1349/1379 
f 1450/1386 1354/1387 1350/1380 1449/1383 
f 1355/1388 1356/1389 1350/1380 1354/1387 
f 1450/1386 1453/1390 1358/1391 1354/1387 
f 1354/1387 1358/1391 1359/1392 1355/1388 
f 1454/1393 1360/1394 1361/1395 1451/1396 
f 1358/1391 1362/1397 1363/1398 1359/1392 
f 1455/1399 1364/1400 1360/1394 1454/1393 
f 1365/1401 1366/1402 1360/1394 1364/1400 
f 1455/1620 1458/1403 1368/1404 1364/1621 
f 1368/1404 1369/1405 1365/1622 1364/1621 
f 1459/1406 1370/1407 1371/1408 1456/1409 
f 1369/1405 1368/1404 1372/1410 1373/1411 
f 1460/1412 1374/1413 1370/1407 1459/1406 
f 1374/1413 1375/1414 1376/1415 1370/1407 
f 1374/1413 1460/1412 1461/1416 1378/1417 
f 1378/1417 1379/1418 1375/1414 1374/1413 
f 1379/1418 1330/1562 1380/1419 1375/1414 
f 1378/1568 1381/1420 1382/1421 1379/1569 
f 1382/1421 1331/1361 1330/1360 1379/1569 
f 1381/1420 1383/1422 1384/1423 1382/1421 
f 1382/1421 1384/1423 1332/1362 1331/1361 
f 1383/1422 1385/1424 1386/1425 1384/1423 
f 1384/1423 1386/1425 1387/1426 1332/1362 
f 1387/1426 1327/1356 1328/1357 1332/1362 
f 1386/1425 1388/1427 1326/1355 1387/1426 
f 1387/1426 1326/1355 1325/1354 1327/1356 
f 1386/1425 1385/1424 1389/1428 1388/1427 
f 1388/1427 1389/1428 1371/1623 1390/1429 
f 1390/1429 1322/1616 1326/1355 1388/1427 
f 1390/1625 1371/1408 1370/1407 1376/1415 
f 1376/1415 1323/1352 1322/1351 1390/1625 
f 1389/1428 1385/1424 1462/1430 1457/1431 
f 1389/1428 1457/1431 1456/1624 1371/1623 
f 1385/1424 1383/1422 1392/1432 1462/1430 
f 1391/1433 1463/1434 1393/1435 1361/1395 
f 1391/1433 1361/1395 1360/1394 1366/1402 
f 1393/1435 1463/1434 1394/1436 1395/1437 
f 1395/1437 1465/1438 1452/1439 1393/1435 
f 1393/1435 1452/1439 1451/1396 1361/1395 
f 1465/1438 1395/1437 1397/1440 1398/1441 
f 1466/1442 1399/1443 1351/1381 1396/1444 
f 1396/1444 1351/1381 1350/1380 1356/1389 
f 1399/1573 1466/1572 1400/1445 1401/1446 
f 1401/1446 1468/1447 1448/1448 1399/1573 
f 1448/1574 1447/1382 1351/1381 1399/1443 
f 1468/1447 1401/1446 1403/1449 1404/1450 
f 1469/1451 1405/1452 1341/1371 1402/1453 
f 1341/1371 1340/1370 1346/1566 1402/1453 
f 1405/1452 1469/1451 1406/1454 1407/1455 
f 1405/1452 1407/1455 1408/1456 1337/1367 
f 1337/1367 1336/1366 1341/1371 1405/1452 
f 1407/1627 1409/1457 1410/1458 1408/1628 
f 1408/1628 1410/1458 1411/1459 1334/1364 
f 1334/1617 1333/1363 1337/1367 1408/1456 
f 1410/1458 1412/1460 1413/1461 1411/1459 
f 1414/1462 1347/1377 1343/1373 1342/1372 
f 1413/1461 1412/1460 1347/1377 1414/1462 
f 1412/1460 1352/1384 1348/1378 1347/1377 
f 1412/1460 1410/1458 1409/1457 1352/1384 
f 1357/1463 1353/1385 1352/1384 1409/1457 
f 1407/1627 1406/1626 1357/1463 1409/1457 
f 1470/1464 1362/1397 1358/1391 1453/1390 
f 1404/1450 1403/1449 1362/1618 1470/1629 
f 1403/1449 1367/1465 1363/1619 1362/1618 
f 1401/1446 1400/1445 1367/1465 1403/1449 
f 1372/1410 1368/1404 1458/1403 1467/1466 
f 1467/1466 1398/1571 1397/1570 1372/1410 
f 1397/1570 1377/1467 1373/1411 1372/1410 
f 1395/1437 1394/1436 1377/1575 1397/1440 
f 1381/1420 1378/1568 1461/1567 1464/1468 
f 1464/1468 1392/1432 1383/1422 1381/1420 
f 1415/1469 1324/1353 1323/1352 1380/1419 
f 1323/1352 1376/1415 1375/1414 1380/1419 
f 1380/1419 1330/1562 1329/1561 1415/1469 
f 29/1473 30/1474 1416/1470 
f 30/1474 31/1475 1416/1470 
f 31/1475 32/1476 1416/1470 
f 32/1476 33/1477 1416/1470 
f 33/1477 34/1478 1416/1470 
f 34/1478 35/1479 1416/1470 
f 35/1479 36/1480 1416/1470 
f 36/1480 37/1481 1416/1470 
f 37/1481 38/1482 1416/1470 
f 38/1482 39/1483 1416/1470 
f 40/1491 41/1472 1416/1470 
f 41/1472 42/1471 1416/1470 
f 42/1471 29/1473 1416/1470 
f 39/1483 70/1484 1416/1470 
f 70/1484 72/1485 1416/1470 
f 72/1485 74/1486 1416/1470 
f 74/1486 76/1487 1416/1470 
f 76/1487 78/1488 1416/1470 
f 78/1488 79/1492 1416/1470 
f 80/1496 81/1489 1416/1470 
f 81/1489 82/1490 1416/1470 
f 82/1490 40/1491 1416/1470 
f 79/1492 132/1493 1416/1470 
f 132/1493 80/1496 1416/1470 
f 1224/1224 1417/1552 1418/1303 1225/1225 
f 1228/1228 1419/1229 1417/1232 1224/1550 
f 1232/1234 1420/1235 1419/1229 1228/1228 
f 1234/1237 1421/1245 1422/1294 1235/1238 
f 1420/1235 1232/1234 1236/1322 1423/1239 
f 1238/1241 1424/1242 1421/1245 1234/1237 
f 1242/1247 1425/1248 1424/1242 1238/1241 
f 1244/1250 1426/1257 1427/1285 1245/1251 
f 1425/1248 1242/1247 1246/1328 1428/1252 
f 1248/1254 1429/1258 1426/1257 1244/1250 
f 1252/1260 1430/1261 1429/1258 1248/1254 
f 1430/1605 1252/1604 1256/1336 1431/1265 
f 1432/1284 1275/1290 1245/1251 1427/1285 
f 1277/1287 1433/1288 1275/1290 1432/1284 
f 1433/1288 1277/1287 1279/1558 1434/1291 
f 1435/1293 1281/1557 1235/1238 1422/1294 
f 1283/1296 1436/1297 1281/1299 1435/1556 
f 1436/1297 1283/1296 1285/1337 1437/1300 
f 1438/1302 1287/1306 1225/1225 1418/1303 
f 1289/1305 1439/1307 1287/1306 1438/1302 
f 1439/1307 1289/1305 1291/1612 1440/1309 
f 1304/1323 1441/1324 1423/1239 1236/1322 
f 1442/1325 1305/1326 1441/1324 1304/1323 
f 1305/1326 1442/1325 1440/1609 1291/1329 
f 1308/1331 1443/1332 1428/1252 1246/1328 
f 1444/1333 1309/1334 1443/1615 1308/1614 
f 1309/1334 1444/1333 1437/1300 1285/1337 
f 1312/1339 1445/1340 1431/1265 1256/1336 
f 1446/1341 1313/1342 1445/1340 1312/1339 
f 1313/1342 1446/1341 1434/1554 1279/1344 
f 1345/1375 1447/1382 1448/1574 1346/1376 
f 1349/1379 1449/1383 1447/1382 1345/1375 
f 1353/1385 1450/1386 1449/1383 1349/1379 
f 1355/1388 1451/1396 1452/1439 1356/1389 
f 1450/1386 1353/1385 1357/1463 1453/1390 
f 1359/1392 1454/1393 1451/1396 1355/1388 
f 1363/1398 1455/1399 1454/1393 1359/1392 
f 1365/1401 1456/1624 1457/1431 1366/1402 
f 1455/1620 1363/1619 1367/1465 1458/1403 
f 1369/1405 1459/1406 1456/1409 1365/1622 
f 1373/1411 1460/1412 1459/1406 1369/1405 
f 1460/1412 1373/1411 1377/1467 1461/1416 
f 1462/1430 1391/1433 1366/1402 1457/1431 
f 1392/1432 1463/1434 1391/1433 1462/1430 
f 1463/1434 1392/1432 1464/1468 1394/1436 
f 1465/1438 1396/1444 1356/1389 1452/1439 
f 1398/1441 1466/1442 1396/1444 1465/1438 
f 1466/1572 1398/1571 1467/1466 1400/1445 
f 1468/1447 1402/1453 1346/1566 1448/1448 
f 1404/1450 1469/1451 1402/1453 1468/1447 
f 1469/1451 1404/1450 1470/1629 1406/1454 
f 1406/1626 1470/1464 1453/1390 1357/1463 
f 1400/1445 1467/1466 1458/1403 1367/1465 
f 1394/1436 1464/1468 1461/1567 1377/1575 
# 1438 polygons - 24 triangles

